-- MySQL dump 10.14  Distrib 5.5.32-MariaDB, for Linux (x86_64)
--
-- Host: localhost    Database: cahier_de_textes
-- ------------------------------------------------------
-- Server version	5.5.32-MariaDB

/*!40101 SET @OLD_CHARACTER_SET_CLIENT=@@CHARACTER_SET_CLIENT */;
/*!40101 SET @OLD_CHARACTER_SET_RESULTS=@@CHARACTER_SET_RESULTS */;
/*!40101 SET @OLD_COLLATION_CONNECTION=@@COLLATION_CONNECTION */;
/*!40101 SET NAMES utf8 */;
/*!40103 SET @OLD_TIME_ZONE=@@TIME_ZONE */;
/*!40103 SET TIME_ZONE='+00:00' */;
/*!40014 SET @OLD_UNIQUE_CHECKS=@@UNIQUE_CHECKS, UNIQUE_CHECKS=0 */;
/*!40014 SET @OLD_FOREIGN_KEY_CHECKS=@@FOREIGN_KEY_CHECKS, FOREIGN_KEY_CHECKS=0 */;
/*!40101 SET @OLD_SQL_MODE=@@SQL_MODE, SQL_MODE='NO_AUTO_VALUE_ON_ZERO' */;
/*!40111 SET @OLD_SQL_NOTES=@@SQL_NOTES, SQL_NOTES=0 */;

--
-- Table structure for table `cahiers_de_textes`
--

DROP TABLE IF EXISTS `cahiers_de_textes`;
/*!40101 SET @saved_cs_client     = @@character_set_client */;
/*!40101 SET character_set_client = utf8 */;
CREATE TABLE `cahiers_de_textes` (
  `id` int(11) NOT NULL AUTO_INCREMENT,
  `regroupement_id` varchar(255) NOT NULL,
  `debut_annee_scolaire` date DEFAULT NULL,
  `fin_annee_scolaire` date DEFAULT NULL,
  `date_creation` datetime NOT NULL,
  `label` varchar(255) DEFAULT NULL,
  `deleted` tinyint(1) DEFAULT '0',
  PRIMARY KEY (`id`)
) ENGINE=InnoDB AUTO_INCREMENT=43 DEFAULT CHARSET=latin1;
/*!40101 SET character_set_client = @saved_cs_client */;

--
-- Dumping data for table `cahiers_de_textes`
--

LOCK TABLES `cahiers_de_textes` WRITE;
/*!40000 ALTER TABLE `cahiers_de_textes` DISABLE KEYS */;
INSERT INTO `cahiers_de_textes` VALUES (1,'53',NULL,NULL,'0000-00-00 00:00:00',NULL,0),(2,'26',NULL,NULL,'0000-00-00 00:00:00',NULL,0),(3,'44',NULL,NULL,'0000-00-00 00:00:00',NULL,0),(4,'3',NULL,NULL,'0000-00-00 00:00:00',NULL,0),(5,'25',NULL,NULL,'0000-00-00 00:00:00',NULL,0),(6,'23',NULL,NULL,'0000-00-00 00:00:00',NULL,0),(7,'15',NULL,NULL,'0000-00-00 00:00:00',NULL,0),(8,'8',NULL,NULL,'0000-00-00 00:00:00',NULL,0),(9,'4',NULL,NULL,'0000-00-00 00:00:00',NULL,0),(10,'12',NULL,NULL,'0000-00-00 00:00:00',NULL,0),(11,'18',NULL,NULL,'0000-00-00 00:00:00',NULL,0),(12,'37',NULL,NULL,'0000-00-00 00:00:00',NULL,0),(13,'52',NULL,NULL,'0000-00-00 00:00:00',NULL,0),(14,'43',NULL,NULL,'0000-00-00 00:00:00',NULL,0),(15,'2',NULL,NULL,'0000-00-00 00:00:00',NULL,0),(16,'32',NULL,NULL,'0000-00-00 00:00:00',NULL,0),(17,'38',NULL,NULL,'0000-00-00 00:00:00',NULL,0),(18,'24',NULL,NULL,'0000-00-00 00:00:00',NULL,0),(19,'7',NULL,NULL,'0000-00-00 00:00:00',NULL,0),(20,'51',NULL,NULL,'0000-00-00 00:00:00',NULL,0),(21,'16',NULL,NULL,'0000-00-00 00:00:00',NULL,0),(22,'30',NULL,NULL,'0000-00-00 00:00:00',NULL,0),(23,'11',NULL,NULL,'0000-00-00 00:00:00',NULL,0),(24,'58',NULL,NULL,'0000-00-00 00:00:00',NULL,0),(25,'6',NULL,NULL,'0000-00-00 00:00:00',NULL,0),(26,'50',NULL,NULL,'0000-00-00 00:00:00',NULL,0),(27,'55',NULL,NULL,'0000-00-00 00:00:00',NULL,0),(28,'14',NULL,NULL,'0000-00-00 00:00:00',NULL,0),(29,'13',NULL,NULL,'0000-00-00 00:00:00',NULL,0),(30,'33',NULL,NULL,'0000-00-00 00:00:00',NULL,0),(31,'41',NULL,NULL,'0000-00-00 00:00:00',NULL,0),(32,'46',NULL,NULL,'0000-00-00 00:00:00',NULL,0),(33,'20',NULL,NULL,'0000-00-00 00:00:00',NULL,0),(34,'36',NULL,NULL,'0000-00-00 00:00:00',NULL,0),(35,'5',NULL,NULL,'0000-00-00 00:00:00',NULL,0),(36,'29',NULL,NULL,'0000-00-00 00:00:00',NULL,0),(37,'31',NULL,NULL,'0000-00-00 00:00:00',NULL,0),(38,'22',NULL,NULL,'0000-00-00 00:00:00',NULL,0),(39,'9',NULL,NULL,'0000-00-00 00:00:00',NULL,0),(40,'56',NULL,NULL,'0000-00-00 00:00:00',NULL,0),(41,'48',NULL,NULL,'0000-00-00 00:00:00',NULL,0),(42,'34',NULL,NULL,'0000-00-00 00:00:00',NULL,0);
/*!40000 ALTER TABLE `cahiers_de_textes` ENABLE KEYS */;
UNLOCK TABLES;

--
-- Table structure for table `cours`
--

DROP TABLE IF EXISTS `cours`;
/*!40101 SET @saved_cs_client     = @@character_set_client */;
/*!40101 SET character_set_client = utf8 */;
CREATE TABLE `cours` (
  `id` int(11) NOT NULL AUTO_INCREMENT,
  `creneau_emploi_du_temps_id` int(11) DEFAULT NULL,
  `cahier_de_textes_id` int(11) DEFAULT NULL,
  `enseignant_id` varchar(255) NOT NULL,
  `date_cours` date NOT NULL,
  `date_creation` datetime NOT NULL,
  `date_modification` datetime DEFAULT NULL,
  `date_validation` datetime DEFAULT NULL,
  `contenu` varchar(4096) DEFAULT NULL,
  `deleted` tinyint(1) DEFAULT '0',
  PRIMARY KEY (`id`),
  KEY `creneau_emploi_du_temps_id` (`creneau_emploi_du_temps_id`),
  KEY `cahier_de_textes_id` (`cahier_de_textes_id`),
  CONSTRAINT `cours_ibfk_1` FOREIGN KEY (`creneau_emploi_du_temps_id`) REFERENCES `creneaux_emploi_du_temps` (`id`),
  CONSTRAINT `cours_ibfk_2` FOREIGN KEY (`cahier_de_textes_id`) REFERENCES `cahiers_de_textes` (`id`)
) ENGINE=InnoDB AUTO_INCREMENT=1502 DEFAULT CHARSET=latin1;
/*!40101 SET character_set_client = @saved_cs_client */;

--
-- Dumping data for table `cours`
--

LOCK TABLES `cours` WRITE;
/*!40000 ALTER TABLE `cours` DISABLE KEYS */;
INSERT INTO `cours` VALUES (1,426,1,'VAA60474','2013-01-29','0000-00-00 00:00:00',NULL,NULL,'Exemple de séquence pédagogique.',0),(2,601,1,'VAA60494','2013-01-29','0000-00-00 00:00:00',NULL,NULL,'Exemple de séquence pédagogique.',0),(3,541,1,'VAA60400','2013-01-29','0000-00-00 00:00:00',NULL,NULL,'Exemple de séquence pédagogique.',0),(4,505,1,'VAA60474','0000-00-00','0000-00-00 00:00:00',NULL,NULL,'Exemple de séquence pédagogique.',0),(5,3,1,'VAA60494','0000-00-00','0000-00-00 00:00:00',NULL,NULL,'Exemple de séquence pédagogique.',0),(6,11,1,'VAA60474','2013-03-29','0000-00-00 00:00:00',NULL,NULL,'Exemple de séquence pédagogique.',0),(7,375,1,'VAA60480','2013-03-29','0000-00-00 00:00:00',NULL,NULL,'Exemple de séquence pédagogique.',0),(8,350,1,'VAA60415','2013-03-29','0000-00-00 00:00:00',NULL,NULL,'Exemple de séquence pédagogique.',0),(9,76,1,'VAA60479','2013-03-29','0000-00-00 00:00:00',NULL,NULL,'Exemple de séquence pédagogique.',0),(10,269,1,'VAA60474','2013-04-29','0000-00-00 00:00:00',NULL,NULL,'Exemple de séquence pédagogique.',0),(11,334,1,'VAA60407','2013-04-29','0000-00-00 00:00:00',NULL,NULL,'Exemple de séquence pédagogique.',0),(12,76,1,'VAA60479','2013-04-29','0000-00-00 00:00:00',NULL,NULL,'Exemple de séquence pédagogique.',0),(13,77,1,'VAA60483','2013-04-29','0000-00-00 00:00:00',NULL,NULL,'Exemple de séquence pédagogique.',0),(14,458,1,'VAA60414','2013-05-29','0000-00-00 00:00:00',NULL,NULL,'Exemple de séquence pédagogique.',0),(15,175,1,'VAA60490','2013-05-29','0000-00-00 00:00:00',NULL,NULL,'Exemple de séquence pédagogique.',0),(16,38,1,'VAA60412','2013-06-29','0000-00-00 00:00:00',NULL,NULL,'Exemple de séquence pédagogique.',0),(17,59,1,'VAA60429','2013-06-29','0000-00-00 00:00:00',NULL,NULL,'Exemple de séquence pédagogique.',0),(18,356,1,'VAA60415','2013-06-29','0000-00-00 00:00:00',NULL,NULL,'Exemple de séquence pédagogique.',0),(19,350,1,'VAA60415','2013-06-29','0000-00-00 00:00:00',NULL,NULL,'Exemple de séquence pédagogique.',0),(20,627,1,'VAA60441','2013-07-29','0000-00-00 00:00:00',NULL,NULL,'Exemple de séquence pédagogique.',0),(21,168,1,'VAA60429','2013-07-29','0000-00-00 00:00:00',NULL,NULL,'Exemple de séquence pédagogique.',0),(22,391,1,'VAA60480','2013-07-29','0000-00-00 00:00:00',NULL,NULL,'Exemple de séquence pédagogique.',0),(23,99,1,'VAA60479','2013-07-29','0000-00-00 00:00:00',NULL,NULL,'Exemple de séquence pédagogique.',0),(24,658,1,'VAA60462','2013-08-29','0000-00-00 00:00:00',NULL,NULL,'Exemple de séquence pédagogique.',0),(25,413,1,'VAA60406','2013-08-29','0000-00-00 00:00:00',NULL,NULL,'Exemple de séquence pédagogique.',0),(26,119,1,'VAA60429','2013-08-29','0000-00-00 00:00:00',NULL,NULL,'Exemple de séquence pédagogique.',0),(27,551,1,'VAA60400','2013-08-29','0000-00-00 00:00:00',NULL,NULL,'Exemple de séquence pédagogique.',0),(28,10,1,'VAA60404','2013-09-29','0000-00-00 00:00:00',NULL,NULL,'Exemple de séquence pédagogique.',0),(29,36,1,'VAA60412','2013-09-29','0000-00-00 00:00:00',NULL,NULL,'Exemple de séquence pédagogique.',0),(30,44,1,'VAA60479','2013-10-29','0000-00-00 00:00:00',NULL,NULL,'Exemple de séquence pédagogique.',0),(31,169,1,'VAA60490','2013-10-29','0000-00-00 00:00:00',NULL,NULL,'Exemple de séquence pédagogique.',0),(32,324,1,'VAA60407','2013-11-29','0000-00-00 00:00:00',NULL,NULL,'Exemple de séquence pédagogique.',0),(33,674,1,'VAA60462','2013-11-29','0000-00-00 00:00:00',NULL,NULL,'Exemple de séquence pédagogique.',0),(34,691,1,'VAA60494','2013-11-29','0000-00-00 00:00:00',NULL,NULL,'Exemple de séquence pédagogique.',0),(35,426,1,'VAA60474','2013-11-29','0000-00-00 00:00:00',NULL,NULL,'Exemple de séquence pédagogique.',0),(36,532,1,'VAA60400','2013-12-29','0000-00-00 00:00:00',NULL,NULL,'Exemple de séquence pédagogique.',0),(37,33,1,'VAA60412','2013-12-29','0000-00-00 00:00:00',NULL,NULL,'Exemple de séquence pédagogique.',0),(38,336,1,'VAA60407','2013-12-29','0000-00-00 00:00:00',NULL,NULL,'Exemple de séquence pédagogique.',0),(39,468,1,'VAA60404','2013-12-29','0000-00-00 00:00:00',NULL,NULL,'Exemple de séquence pédagogique.',0),(40,460,2,'VAA60476','2013-01-29','0000-00-00 00:00:00',NULL,NULL,'Exemple de séquence pédagogique.',0),(41,421,2,'VAA60474','2013-01-29','0000-00-00 00:00:00',NULL,NULL,'Exemple de séquence pédagogique.',0),(42,694,2,'VAA60429','2013-01-29','0000-00-00 00:00:00',NULL,NULL,'Exemple de séquence pédagogique.',0),(43,471,2,'VAA60404','0000-00-00','0000-00-00 00:00:00',NULL,NULL,'Exemple de séquence pédagogique.',0),(44,590,2,'VAA60436','0000-00-00','0000-00-00 00:00:00',NULL,NULL,'Exemple de séquence pédagogique.',0),(45,359,2,'VAA60444','0000-00-00','0000-00-00 00:00:00',NULL,NULL,'Exemple de séquence pédagogique.',0),(46,11,2,'VAA60474','0000-00-00','0000-00-00 00:00:00',NULL,NULL,'Exemple de séquence pédagogique.',0),(47,4,2,'VAA60494','2013-03-29','0000-00-00 00:00:00',NULL,NULL,'Exemple de séquence pédagogique.',0),(48,534,2,'VAA60476','2013-03-29','0000-00-00 00:00:00',NULL,NULL,'Exemple de séquence pédagogique.',0),(49,268,2,'VAA60436','2013-04-29','0000-00-00 00:00:00',NULL,NULL,'Exemple de séquence pédagogique.',0),(50,116,2,'VAA60429','2013-04-29','0000-00-00 00:00:00',NULL,NULL,'Exemple de séquence pédagogique.',0),(51,487,2,'VAA60474','2013-04-29','0000-00-00 00:00:00',NULL,NULL,'Exemple de séquence pédagogique.',0),(52,130,2,'VAA60498','2013-05-29','0000-00-00 00:00:00',NULL,NULL,'Exemple de séquence pédagogique.',0),(53,36,2,'VAA60412','2013-05-29','0000-00-00 00:00:00',NULL,NULL,'Exemple de séquence pédagogique.',0),(54,40,2,'VAA60429','2013-05-29','0000-00-00 00:00:00',NULL,NULL,'Exemple de séquence pédagogique.',0),(55,303,2,'VAA60436','2013-06-29','0000-00-00 00:00:00',NULL,NULL,'Exemple de séquence pédagogique.',0),(56,691,2,'VAA60494','2013-06-29','0000-00-00 00:00:00',NULL,NULL,'Exemple de séquence pédagogique.',0),(57,81,2,'VAA60483','2013-06-29','0000-00-00 00:00:00',NULL,NULL,'Exemple de séquence pédagogique.',0),(58,25,2,'VAA60412','2013-06-29','0000-00-00 00:00:00',NULL,NULL,'Exemple de séquence pédagogique.',0),(59,691,2,'VAA60494','2013-07-29','0000-00-00 00:00:00',NULL,NULL,'Exemple de séquence pédagogique.',0),(60,589,2,'VAA60494','2013-07-29','0000-00-00 00:00:00',NULL,NULL,'Exemple de séquence pédagogique.',0),(61,7,2,'VAA60433','2013-07-29','0000-00-00 00:00:00',NULL,NULL,'Exemple de séquence pédagogique.',0),(62,637,2,'VAA60441','2013-07-29','0000-00-00 00:00:00',NULL,NULL,'Exemple de séquence pédagogique.',0),(63,209,2,'VAA60415','2013-08-29','0000-00-00 00:00:00',NULL,NULL,'Exemple de séquence pédagogique.',0),(64,117,2,'VAA60429','2013-08-29','0000-00-00 00:00:00',NULL,NULL,'Exemple de séquence pédagogique.',0),(65,173,2,'VAA60490','2013-08-29','0000-00-00 00:00:00',NULL,NULL,'Exemple de séquence pédagogique.',0),(66,269,2,'VAA60474','2013-08-29','0000-00-00 00:00:00',NULL,NULL,'Exemple de séquence pédagogique.',0),(67,578,2,'VAA60436','2013-09-29','0000-00-00 00:00:00',NULL,NULL,'Exemple de séquence pédagogique.',0),(68,500,2,'VAA60476','2013-09-29','0000-00-00 00:00:00',NULL,NULL,'Exemple de séquence pédagogique.',0),(69,254,2,'VAA60474','2013-09-29','0000-00-00 00:00:00',NULL,NULL,'Exemple de séquence pédagogique.',0),(70,658,2,'VAA60462','2013-10-29','0000-00-00 00:00:00',NULL,NULL,'Exemple de séquence pédagogique.',0),(71,523,2,'VAA60400','2013-10-29','0000-00-00 00:00:00',NULL,NULL,'Exemple de séquence pédagogique.',0),(72,183,2,'VAA60418','2013-10-29','0000-00-00 00:00:00',NULL,NULL,'Exemple de séquence pédagogique.',0),(73,375,2,'VAA60480','2013-10-29','0000-00-00 00:00:00',NULL,NULL,'Exemple de séquence pédagogique.',0),(74,461,2,'VAA60474','2013-11-29','0000-00-00 00:00:00',NULL,NULL,'Exemple de séquence pédagogique.',0),(75,393,2,'VAA60415','2013-11-29','0000-00-00 00:00:00',NULL,NULL,'Exemple de séquence pédagogique.',0),(76,411,2,'VAA60406','2013-11-29','0000-00-00 00:00:00',NULL,NULL,'Exemple de séquence pédagogique.',0),(77,66,2,'VAA60479','2013-11-29','0000-00-00 00:00:00',NULL,NULL,'Exemple de séquence pédagogique.',0),(78,397,2,'VAA60406','2013-12-29','0000-00-00 00:00:00',NULL,NULL,'Exemple de séquence pédagogique.',0),(79,275,2,'VAA60490','2013-12-29','0000-00-00 00:00:00',NULL,NULL,'Exemple de séquence pédagogique.',0),(80,333,2,'VAA60458','2013-12-29','0000-00-00 00:00:00',NULL,NULL,'Exemple de séquence pédagogique.',0),(81,117,3,'VAA60429','2013-01-29','0000-00-00 00:00:00',NULL,NULL,'Exemple de séquence pédagogique.',0),(82,38,3,'VAA60412','2013-01-29','0000-00-00 00:00:00',NULL,NULL,'Exemple de séquence pédagogique.',0),(83,589,3,'VAA60494','2013-01-29','0000-00-00 00:00:00',NULL,NULL,'Exemple de séquence pédagogique.',0),(84,327,3,'VAA60474','2013-01-29','0000-00-00 00:00:00',NULL,NULL,'Exemple de séquence pédagogique.',0),(85,272,3,'VAA60436','0000-00-00','0000-00-00 00:00:00',NULL,NULL,'Exemple de séquence pédagogique.',0),(86,322,3,'VAA60458','0000-00-00','0000-00-00 00:00:00',NULL,NULL,'Exemple de séquence pédagogique.',0),(87,389,3,'VAA60415','2013-03-29','0000-00-00 00:00:00',NULL,NULL,'Exemple de séquence pédagogique.',0),(88,186,3,'VAA60429','2013-03-29','0000-00-00 00:00:00',NULL,NULL,'Exemple de séquence pédagogique.',0),(89,427,3,'VAA60436','2013-03-29','0000-00-00 00:00:00',NULL,NULL,'Exemple de séquence pédagogique.',0),(90,227,3,'VAA60433','2013-03-29','0000-00-00 00:00:00',NULL,NULL,'Exemple de séquence pédagogique.',0),(91,37,3,'VAA60412','2013-04-29','0000-00-00 00:00:00',NULL,NULL,'Exemple de séquence pédagogique.',0),(92,646,3,'VAA60441','2013-04-29','0000-00-00 00:00:00',NULL,NULL,'Exemple de séquence pédagogique.',0),(93,599,3,'VAA60494','2013-05-29','0000-00-00 00:00:00',NULL,NULL,'Exemple de séquence pédagogique.',0),(94,418,3,'VAA60406','2013-05-29','0000-00-00 00:00:00',NULL,NULL,'Exemple de séquence pédagogique.',0),(95,519,3,'VAA60476','2013-06-29','0000-00-00 00:00:00',NULL,NULL,'Exemple de séquence pédagogique.',0),(96,472,3,'VAA60476','2013-06-29','0000-00-00 00:00:00',NULL,NULL,'Exemple de séquence pédagogique.',0),(97,368,3,'VAA60415','2013-06-29','0000-00-00 00:00:00',NULL,NULL,'Exemple de séquence pédagogique.',0),(98,20,3,'VAA60412','2013-07-29','0000-00-00 00:00:00',NULL,NULL,'Exemple de séquence pédagogique.',0),(99,233,3,'VAA60433','2013-07-29','0000-00-00 00:00:00',NULL,NULL,'Exemple de séquence pédagogique.',0),(100,202,3,'VAA60480','2013-07-29','0000-00-00 00:00:00',NULL,NULL,'Exemple de séquence pédagogique.',0),(101,159,3,'VAA60429','2013-08-29','0000-00-00 00:00:00',NULL,NULL,'Exemple de séquence pédagogique.',0),(102,243,3,'VAA60433','2013-08-29','0000-00-00 00:00:00',NULL,NULL,'Exemple de séquence pédagogique.',0),(103,475,3,'VAA60476','2013-08-29','0000-00-00 00:00:00',NULL,NULL,'Exemple de séquence pédagogique.',0),(104,518,3,'VAA60404','2013-09-29','0000-00-00 00:00:00',NULL,NULL,'Exemple de séquence pédagogique.',0),(105,604,3,'VAA60494','2013-09-29','0000-00-00 00:00:00',NULL,NULL,'Exemple de séquence pédagogique.',0),(106,185,3,'VAA60490','2013-09-29','0000-00-00 00:00:00',NULL,NULL,'Exemple de séquence pédagogique.',0),(107,288,3,'VAA60490','2013-10-29','0000-00-00 00:00:00',NULL,NULL,'Exemple de séquence pédagogique.',0),(108,133,3,'VAA60498','2013-10-29','0000-00-00 00:00:00',NULL,NULL,'Exemple de séquence pédagogique.',0),(109,500,3,'VAA60476','2013-11-29','0000-00-00 00:00:00',NULL,NULL,'Exemple de séquence pédagogique.',0),(110,646,3,'VAA60441','2013-11-29','0000-00-00 00:00:00',NULL,NULL,'Exemple de séquence pédagogique.',0),(111,254,3,'VAA60474','2013-12-29','0000-00-00 00:00:00',NULL,NULL,'Exemple de séquence pédagogique.',0),(112,374,3,'VAA60480','2013-12-29','0000-00-00 00:00:00',NULL,NULL,'Exemple de séquence pédagogique.',0),(113,600,3,'VAA60494','2013-12-29','0000-00-00 00:00:00',NULL,NULL,'Exemple de séquence pédagogique.',0),(114,129,3,'VAA60498','2013-12-29','0000-00-00 00:00:00',NULL,NULL,'Exemple de séquence pédagogique.',0),(115,373,4,'VAA60480','2013-01-29','0000-00-00 00:00:00',NULL,NULL,'Exemple de séquence pédagogique.',0),(116,393,4,'VAA60415','2013-01-29','0000-00-00 00:00:00',NULL,NULL,'Exemple de séquence pédagogique.',0),(117,575,4,'VAA60494','0000-00-00','0000-00-00 00:00:00',NULL,NULL,'Exemple de séquence pédagogique.',0),(118,274,4,'VAA60490','0000-00-00','0000-00-00 00:00:00',NULL,NULL,'Exemple de séquence pédagogique.',0),(119,672,4,'VAA60462','2013-03-29','0000-00-00 00:00:00',NULL,NULL,'Exemple de séquence pédagogique.',0),(120,545,4,'VAA60476','2013-03-29','0000-00-00 00:00:00',NULL,NULL,'Exemple de séquence pédagogique.',0),(121,308,4,'VAA60474','2013-04-29','0000-00-00 00:00:00',NULL,NULL,'Exemple de séquence pédagogique.',0),(122,659,4,'VAA60441','2013-04-29','0000-00-00 00:00:00',NULL,NULL,'Exemple de séquence pédagogique.',0),(123,591,4,'VAA60494','2013-04-29','0000-00-00 00:00:00',NULL,NULL,'Exemple de séquence pédagogique.',0),(124,173,4,'VAA60490','2013-04-29','0000-00-00 00:00:00',NULL,NULL,'Exemple de séquence pédagogique.',0),(125,164,4,'VAA60429','2013-05-29','0000-00-00 00:00:00',NULL,NULL,'Exemple de séquence pédagogique.',0),(126,337,4,'VAA60436','2013-05-29','0000-00-00 00:00:00',NULL,NULL,'Exemple de séquence pédagogique.',0),(127,36,4,'VAA60412','2013-06-29','0000-00-00 00:00:00',NULL,NULL,'Exemple de séquence pédagogique.',0),(128,6,4,'VAA60414','2013-06-29','0000-00-00 00:00:00',NULL,NULL,'Exemple de séquence pédagogique.',0),(129,583,4,'VAA60494','2013-07-29','0000-00-00 00:00:00',NULL,NULL,'Exemple de séquence pédagogique.',0),(130,542,4,'VAA60400','2013-07-29','0000-00-00 00:00:00',NULL,NULL,'Exemple de séquence pédagogique.',0),(131,558,4,'VAA60441','2013-08-29','0000-00-00 00:00:00',NULL,NULL,'Exemple de séquence pédagogique.',0),(132,189,4,'VAA60429','2013-08-29','0000-00-00 00:00:00',NULL,NULL,'Exemple de séquence pédagogique.',0),(133,334,4,'VAA60407','2013-08-29','0000-00-00 00:00:00',NULL,NULL,'Exemple de séquence pédagogique.',0),(134,75,4,'VAA60481','2013-09-29','0000-00-00 00:00:00',NULL,NULL,'Exemple de séquence pédagogique.',0),(135,414,4,'VAA60406','2013-09-29','0000-00-00 00:00:00',NULL,NULL,'Exemple de séquence pédagogique.',0),(136,410,4,'VAA60406','2013-10-29','0000-00-00 00:00:00',NULL,NULL,'Exemple de séquence pédagogique.',0),(137,510,4,'VAA60474','2013-10-29','0000-00-00 00:00:00',NULL,NULL,'Exemple de séquence pédagogique.',0),(138,308,4,'VAA60474','2013-11-29','0000-00-00 00:00:00',NULL,NULL,'Exemple de séquence pédagogique.',0),(139,418,4,'VAA60406','2013-11-29','0000-00-00 00:00:00',NULL,NULL,'Exemple de séquence pédagogique.',0),(140,658,4,'VAA60462','2013-11-29','0000-00-00 00:00:00',NULL,NULL,'Exemple de séquence pédagogique.',0),(141,427,4,'VAA60436','2013-12-29','0000-00-00 00:00:00',NULL,NULL,'Exemple de séquence pédagogique.',0),(142,410,4,'VAA60406','2013-12-29','0000-00-00 00:00:00',NULL,NULL,'Exemple de séquence pédagogique.',0),(143,294,4,'VAA60458','2013-12-29','0000-00-00 00:00:00',NULL,NULL,'Exemple de séquence pédagogique.',0),(144,241,4,'VAA60433','2013-12-29','0000-00-00 00:00:00',NULL,NULL,'Exemple de séquence pédagogique.',0),(145,218,5,'VAA60480','2013-01-29','0000-00-00 00:00:00',NULL,NULL,'Exemple de séquence pédagogique.',0),(146,169,5,'VAA60490','2013-01-29','0000-00-00 00:00:00',NULL,NULL,'Exemple de séquence pédagogique.',0),(147,250,5,'VAA60474','2013-01-29','0000-00-00 00:00:00',NULL,NULL,'Exemple de séquence pédagogique.',0),(148,405,5,'VAA60406','0000-00-00','0000-00-00 00:00:00',NULL,NULL,'Exemple de séquence pédagogique.',0),(149,9,5,'VAA60474','0000-00-00','0000-00-00 00:00:00',NULL,NULL,'Exemple de séquence pédagogique.',0),(150,289,5,'VAA60474','2013-03-29','0000-00-00 00:00:00',NULL,NULL,'Exemple de séquence pédagogique.',0),(151,139,5,'VAA60495','2013-03-29','0000-00-00 00:00:00',NULL,NULL,'Exemple de séquence pédagogique.',0),(152,584,5,'VAA60494','2013-04-29','0000-00-00 00:00:00',NULL,NULL,'Exemple de séquence pédagogique.',0),(153,215,5,'VAA60480','2013-04-29','0000-00-00 00:00:00',NULL,NULL,'Exemple de séquence pédagogique.',0),(154,281,5,'VAA60490','2013-04-29','0000-00-00 00:00:00',NULL,NULL,'Exemple de séquence pédagogique.',0),(155,543,5,'VAA60400','2013-04-29','0000-00-00 00:00:00',NULL,NULL,'Exemple de séquence pédagogique.',0),(156,120,5,'VAA60498','2013-05-29','0000-00-00 00:00:00',NULL,NULL,'Exemple de séquence pédagogique.',0),(157,601,5,'VAA60494','2013-05-29','0000-00-00 00:00:00',NULL,NULL,'Exemple de séquence pédagogique.',0),(158,253,5,'VAA60490','2013-06-29','0000-00-00 00:00:00',NULL,NULL,'Exemple de séquence pédagogique.',0),(159,386,5,'VAA60480','2013-06-29','0000-00-00 00:00:00',NULL,NULL,'Exemple de séquence pédagogique.',0),(160,473,5,'VAA60414','2013-06-29','0000-00-00 00:00:00',NULL,NULL,'Exemple de séquence pédagogique.',0),(161,6,5,'VAA60414','2013-07-29','0000-00-00 00:00:00',NULL,NULL,'Exemple de séquence pédagogique.',0),(162,392,5,'VAA60407','2013-07-29','0000-00-00 00:00:00',NULL,NULL,'Exemple de séquence pédagogique.',0),(163,32,5,'VAA60412','2013-07-29','0000-00-00 00:00:00',NULL,NULL,'Exemple de séquence pédagogique.',0),(164,681,5,'VAA60433','2013-08-29','0000-00-00 00:00:00',NULL,NULL,'Exemple de séquence pédagogique.',0),(165,135,5,'VAA60498','2013-08-29','0000-00-00 00:00:00',NULL,NULL,'Exemple de séquence pédagogique.',0),(166,2,5,'VAA60414','2013-08-29','0000-00-00 00:00:00',NULL,NULL,'Exemple de séquence pédagogique.',0),(167,477,5,'VAA60476','2013-08-29','0000-00-00 00:00:00',NULL,NULL,'Exemple de séquence pédagogique.',0),(168,440,5,'VAA60474','2013-09-29','0000-00-00 00:00:00',NULL,NULL,'Exemple de séquence pédagogique.',0),(169,586,5,'VAA60494','2013-09-29','0000-00-00 00:00:00',NULL,NULL,'Exemple de séquence pédagogique.',0),(170,110,5,'VAA60481','2013-10-29','0000-00-00 00:00:00',NULL,NULL,'Exemple de séquence pédagogique.',0),(171,483,5,'VAA60404','2013-10-29','0000-00-00 00:00:00',NULL,NULL,'Exemple de séquence pédagogique.',0),(172,307,5,'VAA60407','2013-10-29','0000-00-00 00:00:00',NULL,NULL,'Exemple de séquence pédagogique.',0),(173,381,5,'VAA60407','2013-10-29','0000-00-00 00:00:00',NULL,NULL,'Exemple de séquence pédagogique.',0),(174,260,5,'VAA60407','2013-11-29','0000-00-00 00:00:00',NULL,NULL,'Exemple de séquence pédagogique.',0),(175,538,5,'VAA60476','2013-11-29','0000-00-00 00:00:00',NULL,NULL,'Exemple de séquence pédagogique.',0),(176,557,5,'VAA60433','2013-11-29','0000-00-00 00:00:00',NULL,NULL,'Exemple de séquence pédagogique.',0),(177,581,5,'VAA60436','2013-12-29','0000-00-00 00:00:00',NULL,NULL,'Exemple de séquence pédagogique.',0),(178,607,5,'VAA60494','2013-12-29','0000-00-00 00:00:00',NULL,NULL,'Exemple de séquence pédagogique.',0),(179,700,5,'VAA60414','2013-12-29','0000-00-00 00:00:00',NULL,NULL,'Exemple de séquence pédagogique.',0),(180,611,6,'VAA60441','2013-01-29','0000-00-00 00:00:00',NULL,NULL,'Exemple de séquence pédagogique.',0),(181,98,6,'VAA60483','2013-01-29','0000-00-00 00:00:00',NULL,NULL,'Exemple de séquence pédagogique.',0),(182,362,6,'VAA60415','2013-01-29','0000-00-00 00:00:00',NULL,NULL,'Exemple de séquence pédagogique.',0),(183,375,6,'VAA60480','2013-01-29','0000-00-00 00:00:00',NULL,NULL,'Exemple de séquence pédagogique.',0),(184,679,6,'VAA60490','0000-00-00','0000-00-00 00:00:00',NULL,NULL,'Exemple de séquence pédagogique.',0),(185,395,6,'VAA60406','0000-00-00','0000-00-00 00:00:00',NULL,NULL,'Exemple de séquence pédagogique.',0),(186,326,6,'VAA60474','0000-00-00','0000-00-00 00:00:00',NULL,NULL,'Exemple de séquence pédagogique.',0),(187,169,6,'VAA60490','0000-00-00','0000-00-00 00:00:00',NULL,NULL,'Exemple de séquence pédagogique.',0),(188,11,6,'VAA60474','2013-03-29','0000-00-00 00:00:00',NULL,NULL,'Exemple de séquence pédagogique.',0),(189,294,6,'VAA60458','2013-03-29','0000-00-00 00:00:00',NULL,NULL,'Exemple de séquence pédagogique.',0),(190,279,6,'VAA60490','2013-03-29','0000-00-00 00:00:00',NULL,NULL,'Exemple de séquence pédagogique.',0),(191,299,6,'VAA60491','2013-03-29','0000-00-00 00:00:00',NULL,NULL,'Exemple de séquence pédagogique.',0),(192,78,6,'VAA60483','2013-04-29','0000-00-00 00:00:00',NULL,NULL,'Exemple de séquence pédagogique.',0),(193,57,6,'VAA60479','2013-04-29','0000-00-00 00:00:00',NULL,NULL,'Exemple de séquence pédagogique.',0),(194,130,6,'VAA60498','2013-04-29','0000-00-00 00:00:00',NULL,NULL,'Exemple de séquence pédagogique.',0),(195,377,6,'VAA60480','2013-05-29','0000-00-00 00:00:00',NULL,NULL,'Exemple de séquence pédagogique.',0),(196,282,6,'VAA60436','2013-05-29','0000-00-00 00:00:00',NULL,NULL,'Exemple de séquence pédagogique.',0),(197,9,6,'VAA60474','2013-05-29','0000-00-00 00:00:00',NULL,NULL,'Exemple de séquence pédagogique.',0),(198,190,6,'VAA60490','2013-06-29','0000-00-00 00:00:00',NULL,NULL,'Exemple de séquence pédagogique.',0),(199,640,6,'VAA60462','2013-06-29','0000-00-00 00:00:00',NULL,NULL,'Exemple de séquence pédagogique.',0),(200,461,6,'VAA60474','2013-06-29','0000-00-00 00:00:00',NULL,NULL,'Exemple de séquence pédagogique.',0),(201,276,6,'VAA60407','2013-06-29','0000-00-00 00:00:00',NULL,NULL,'Exemple de séquence pédagogique.',0),(202,306,6,'VAA60436','2013-07-29','0000-00-00 00:00:00',NULL,NULL,'Exemple de séquence pédagogique.',0),(203,675,6,'VAA60441','2013-07-29','0000-00-00 00:00:00',NULL,NULL,'Exemple de séquence pédagogique.',0),(204,116,6,'VAA60429','2013-07-29','0000-00-00 00:00:00',NULL,NULL,'Exemple de séquence pédagogique.',0),(205,460,6,'VAA60476','2013-08-29','0000-00-00 00:00:00',NULL,NULL,'Exemple de séquence pédagogique.',0),(206,382,6,'VAA60480','2013-08-29','0000-00-00 00:00:00',NULL,NULL,'Exemple de séquence pédagogique.',0),(207,294,6,'VAA60458','2013-08-29','0000-00-00 00:00:00',NULL,NULL,'Exemple de séquence pédagogique.',0),(208,132,6,'VAA60498','2013-08-29','0000-00-00 00:00:00',NULL,NULL,'Exemple de séquence pédagogique.',0),(209,545,6,'VAA60476','2013-09-29','0000-00-00 00:00:00',NULL,NULL,'Exemple de séquence pédagogique.',0),(210,185,6,'VAA60490','2013-09-29','0000-00-00 00:00:00',NULL,NULL,'Exemple de séquence pédagogique.',0),(211,595,6,'VAA60494','2013-09-29','0000-00-00 00:00:00',NULL,NULL,'Exemple de séquence pédagogique.',0),(212,12,6,'VAA60400','2013-10-29','0000-00-00 00:00:00',NULL,NULL,'Exemple de séquence pédagogique.',0),(213,117,6,'VAA60429','2013-10-29','0000-00-00 00:00:00',NULL,NULL,'Exemple de séquence pédagogique.',0),(214,191,6,'VAA60490','2013-11-29','0000-00-00 00:00:00',NULL,NULL,'Exemple de séquence pédagogique.',0),(215,219,6,'VAA60433','2013-11-29','0000-00-00 00:00:00',NULL,NULL,'Exemple de séquence pédagogique.',0),(216,170,6,'VAA60429','2013-11-29','0000-00-00 00:00:00',NULL,NULL,'Exemple de séquence pédagogique.',0),(217,463,6,'VAA60404','2013-12-29','0000-00-00 00:00:00',NULL,NULL,'Exemple de séquence pédagogique.',0),(218,6,6,'VAA60414','2013-12-29','0000-00-00 00:00:00',NULL,NULL,'Exemple de séquence pédagogique.',0),(219,329,7,'VAA60436','2013-01-29','0000-00-00 00:00:00',NULL,NULL,'Exemple de séquence pédagogique.',0),(220,665,7,'VAA60441','2013-01-29','0000-00-00 00:00:00',NULL,NULL,'Exemple de séquence pédagogique.',0),(221,49,7,'VAA60483','0000-00-00','0000-00-00 00:00:00',NULL,NULL,'Exemple de séquence pédagogique.',0),(222,548,7,'VAA60400','0000-00-00','0000-00-00 00:00:00',NULL,NULL,'Exemple de séquence pédagogique.',0),(223,580,7,'VAA60436','0000-00-00','0000-00-00 00:00:00',NULL,NULL,'Exemple de séquence pédagogique.',0),(224,330,7,'VAA60490','2013-03-29','0000-00-00 00:00:00',NULL,NULL,'Exemple de séquence pédagogique.',0),(225,645,7,'VAA60462','2013-03-29','0000-00-00 00:00:00',NULL,NULL,'Exemple de séquence pédagogique.',0),(226,246,7,'VAA60407','2013-03-29','0000-00-00 00:00:00',NULL,NULL,'Exemple de séquence pédagogique.',0),(227,245,7,'VAA60490','2013-03-29','0000-00-00 00:00:00',NULL,NULL,'Exemple de séquence pédagogique.',0),(228,163,7,'VAA60418','2013-04-29','0000-00-00 00:00:00',NULL,NULL,'Exemple de séquence pédagogique.',0),(229,130,7,'VAA60498','2013-04-29','0000-00-00 00:00:00',NULL,NULL,'Exemple de séquence pédagogique.',0),(230,230,7,'VAA60433','2013-04-29','0000-00-00 00:00:00',NULL,NULL,'Exemple de séquence pédagogique.',0),(231,268,7,'VAA60436','2013-04-29','0000-00-00 00:00:00',NULL,NULL,'Exemple de séquence pédagogique.',0),(232,654,7,'VAA60441','2013-05-29','0000-00-00 00:00:00',NULL,NULL,'Exemple de séquence pédagogique.',0),(233,178,7,'VAA60418','2013-05-29','0000-00-00 00:00:00',NULL,NULL,'Exemple de séquence pédagogique.',0),(234,162,7,'VAA60418','2013-05-29','0000-00-00 00:00:00',NULL,NULL,'Exemple de séquence pédagogique.',0),(235,595,7,'VAA60494','2013-05-29','0000-00-00 00:00:00',NULL,NULL,'Exemple de séquence pédagogique.',0),(236,648,7,'VAA60462','2013-06-29','0000-00-00 00:00:00',NULL,NULL,'Exemple de séquence pédagogique.',0),(237,656,7,'VAA60462','2013-06-29','0000-00-00 00:00:00',NULL,NULL,'Exemple de séquence pédagogique.',0),(238,269,7,'VAA60474','2013-06-29','0000-00-00 00:00:00',NULL,NULL,'Exemple de séquence pédagogique.',0),(239,27,7,'VAA60412','2013-06-29','0000-00-00 00:00:00',NULL,NULL,'Exemple de séquence pédagogique.',0),(240,607,7,'VAA60494','2013-07-29','0000-00-00 00:00:00',NULL,NULL,'Exemple de séquence pédagogique.',0),(241,405,7,'VAA60406','2013-07-29','0000-00-00 00:00:00',NULL,NULL,'Exemple de séquence pédagogique.',0),(242,643,7,'VAA60441','2013-07-29','0000-00-00 00:00:00',NULL,NULL,'Exemple de séquence pédagogique.',0),(243,665,7,'VAA60441','2013-07-29','0000-00-00 00:00:00',NULL,NULL,'Exemple de séquence pédagogique.',0),(244,453,7,'VAA60474','2013-08-29','0000-00-00 00:00:00',NULL,NULL,'Exemple de séquence pédagogique.',0),(245,18,7,'VAA60412','2013-08-29','0000-00-00 00:00:00',NULL,NULL,'Exemple de séquence pédagogique.',0),(246,610,7,'VAA60462','2013-08-29','0000-00-00 00:00:00',NULL,NULL,'Exemple de séquence pédagogique.',0),(247,484,7,'VAA60474','2013-08-29','0000-00-00 00:00:00',NULL,NULL,'Exemple de séquence pédagogique.',0),(248,384,7,'VAA60480','2013-09-29','0000-00-00 00:00:00',NULL,NULL,'Exemple de séquence pédagogique.',0),(249,88,7,'VAA60481','2013-09-29','0000-00-00 00:00:00',NULL,NULL,'Exemple de séquence pédagogique.',0),(250,628,7,'VAA60495','2013-10-29','0000-00-00 00:00:00',NULL,NULL,'Exemple de séquence pédagogique.',0),(251,158,7,'VAA60418','2013-10-29','0000-00-00 00:00:00',NULL,NULL,'Exemple de séquence pédagogique.',0),(252,38,7,'VAA60412','2013-11-29','0000-00-00 00:00:00',NULL,NULL,'Exemple de séquence pédagogique.',0),(253,237,7,'VAA60433','2013-11-29','0000-00-00 00:00:00',NULL,NULL,'Exemple de séquence pédagogique.',0),(254,585,7,'VAA60494','2013-12-29','0000-00-00 00:00:00',NULL,NULL,'Exemple de séquence pédagogique.',0),(255,271,7,'VAA60491','2013-12-29','0000-00-00 00:00:00',NULL,NULL,'Exemple de séquence pédagogique.',0),(256,291,8,'VAA60491','2013-01-29','0000-00-00 00:00:00',NULL,NULL,'Exemple de séquence pédagogique.',0),(257,205,8,'VAA60415','2013-01-29','0000-00-00 00:00:00',NULL,NULL,'Exemple de séquence pédagogique.',0),(258,670,8,'VAA60441','0000-00-00','0000-00-00 00:00:00',NULL,NULL,'Exemple de séquence pédagogique.',0),(259,494,8,'VAA60414','0000-00-00','0000-00-00 00:00:00',NULL,NULL,'Exemple de séquence pédagogique.',0),(260,637,8,'VAA60441','0000-00-00','0000-00-00 00:00:00',NULL,NULL,'Exemple de séquence pédagogique.',0),(261,372,8,'VAA60480','0000-00-00','0000-00-00 00:00:00',NULL,NULL,'Exemple de séquence pédagogique.',0),(262,110,8,'VAA60481','2013-03-29','0000-00-00 00:00:00',NULL,NULL,'Exemple de séquence pédagogique.',0),(263,298,8,'VAA60458','2013-03-29','0000-00-00 00:00:00',NULL,NULL,'Exemple de séquence pédagogique.',0),(264,399,8,'VAA60406','2013-03-29','0000-00-00 00:00:00',NULL,NULL,'Exemple de séquence pédagogique.',0),(265,645,8,'VAA60462','2013-03-29','0000-00-00 00:00:00',NULL,NULL,'Exemple de séquence pédagogique.',0),(266,32,8,'VAA60412','2013-04-29','0000-00-00 00:00:00',NULL,NULL,'Exemple de séquence pédagogique.',0),(267,36,8,'VAA60412','2013-04-29','0000-00-00 00:00:00',NULL,NULL,'Exemple de séquence pédagogique.',0),(268,389,8,'VAA60415','2013-05-29','0000-00-00 00:00:00',NULL,NULL,'Exemple de séquence pédagogique.',0),(269,524,8,'VAA60400','2013-05-29','0000-00-00 00:00:00',NULL,NULL,'Exemple de séquence pédagogique.',0),(270,100,8,'VAA60481','2013-06-29','0000-00-00 00:00:00',NULL,NULL,'Exemple de séquence pédagogique.',0),(271,488,8,'VAA60414','2013-06-29','0000-00-00 00:00:00',NULL,NULL,'Exemple de séquence pédagogique.',0),(272,402,8,'VAA60406','2013-06-29','0000-00-00 00:00:00',NULL,NULL,'Exemple de séquence pédagogique.',0),(273,377,8,'VAA60480','2013-07-29','0000-00-00 00:00:00',NULL,NULL,'Exemple de séquence pédagogique.',0),(274,467,8,'VAA60476','2013-07-29','0000-00-00 00:00:00',NULL,NULL,'Exemple de séquence pédagogique.',0),(275,219,8,'VAA60433','2013-07-29','0000-00-00 00:00:00',NULL,NULL,'Exemple de séquence pédagogique.',0),(276,165,8,'VAA60418','2013-08-29','0000-00-00 00:00:00',NULL,NULL,'Exemple de séquence pédagogique.',0),(277,299,8,'VAA60491','2013-08-29','0000-00-00 00:00:00',NULL,NULL,'Exemple de séquence pédagogique.',0),(278,285,8,'VAA60491','2013-08-29','0000-00-00 00:00:00',NULL,NULL,'Exemple de séquence pédagogique.',0),(279,687,8,'VAA60418','2013-09-29','0000-00-00 00:00:00',NULL,NULL,'Exemple de séquence pédagogique.',0),(280,122,8,'VAA60498','2013-09-29','0000-00-00 00:00:00',NULL,NULL,'Exemple de séquence pédagogique.',0),(281,553,8,'VAA60433','2013-10-29','0000-00-00 00:00:00',NULL,NULL,'Exemple de séquence pédagogique.',0),(282,692,8,'VAA60480','2013-10-29','0000-00-00 00:00:00',NULL,NULL,'Exemple de séquence pédagogique.',0),(283,309,8,'VAA60436','2013-10-29','0000-00-00 00:00:00',NULL,NULL,'Exemple de séquence pédagogique.',0),(284,233,8,'VAA60433','2013-11-29','0000-00-00 00:00:00',NULL,NULL,'Exemple de séquence pédagogique.',0),(285,291,8,'VAA60491','2013-11-29','0000-00-00 00:00:00',NULL,NULL,'Exemple de séquence pédagogique.',0),(286,590,8,'VAA60436','2013-11-29','0000-00-00 00:00:00',NULL,NULL,'Exemple de séquence pédagogique.',0),(287,15,8,'VAA60412','2013-12-29','0000-00-00 00:00:00',NULL,NULL,'Exemple de séquence pédagogique.',0),(288,47,8,'VAA60481','2013-12-29','0000-00-00 00:00:00',NULL,NULL,'Exemple de séquence pédagogique.',0),(289,191,8,'VAA60490','2013-12-29','0000-00-00 00:00:00',NULL,NULL,'Exemple de séquence pédagogique.',0),(290,297,9,'VAA60491','2013-01-29','0000-00-00 00:00:00',NULL,NULL,'Exemple de séquence pédagogique.',0),(291,383,9,'VAA60407','2013-01-29','0000-00-00 00:00:00',NULL,NULL,'Exemple de séquence pédagogique.',0),(292,165,9,'VAA60418','0000-00-00','0000-00-00 00:00:00',NULL,NULL,'Exemple de séquence pédagogique.',0),(293,139,9,'VAA60495','0000-00-00','0000-00-00 00:00:00',NULL,NULL,'Exemple de séquence pédagogique.',0),(294,182,9,'VAA60418','0000-00-00','0000-00-00 00:00:00',NULL,NULL,'Exemple de séquence pédagogique.',0),(295,558,9,'VAA60441','0000-00-00','0000-00-00 00:00:00',NULL,NULL,'Exemple de séquence pédagogique.',0),(296,272,9,'VAA60436','2013-03-29','0000-00-00 00:00:00',NULL,NULL,'Exemple de séquence pédagogique.',0),(297,208,9,'VAA60407','2013-03-29','0000-00-00 00:00:00',NULL,NULL,'Exemple de séquence pédagogique.',0),(298,311,9,'VAA60407','2013-03-29','0000-00-00 00:00:00',NULL,NULL,'Exemple de séquence pédagogique.',0),(299,114,9,'VAA60429','2013-04-29','0000-00-00 00:00:00',NULL,NULL,'Exemple de séquence pédagogique.',0),(300,546,9,'VAA60476','2013-04-29','0000-00-00 00:00:00',NULL,NULL,'Exemple de séquence pédagogique.',0),(301,567,9,'VAA60436','2013-04-29','0000-00-00 00:00:00',NULL,NULL,'Exemple de séquence pédagogique.',0),(302,201,9,'VAA60415','2013-04-29','0000-00-00 00:00:00',NULL,NULL,'Exemple de séquence pédagogique.',0),(303,545,9,'VAA60476','2013-05-29','0000-00-00 00:00:00',NULL,NULL,'Exemple de séquence pédagogique.',0),(304,312,9,'VAA60474','2013-05-29','0000-00-00 00:00:00',NULL,NULL,'Exemple de séquence pédagogique.',0),(305,4,9,'VAA60494','2013-06-29','0000-00-00 00:00:00',NULL,NULL,'Exemple de séquence pédagogique.',0),(306,281,9,'VAA60490','2013-06-29','0000-00-00 00:00:00',NULL,NULL,'Exemple de séquence pédagogique.',0),(307,366,9,'VAA60415','2013-06-29','0000-00-00 00:00:00',NULL,NULL,'Exemple de séquence pédagogique.',0),(308,225,9,'VAA60433','2013-07-29','0000-00-00 00:00:00',NULL,NULL,'Exemple de séquence pédagogique.',0),(309,688,9,'VAA60400','2013-07-29','0000-00-00 00:00:00',NULL,NULL,'Exemple de séquence pédagogique.',0),(310,592,9,'VAA60436','2013-07-29','0000-00-00 00:00:00',NULL,NULL,'Exemple de séquence pédagogique.',0),(311,94,9,'VAA60483','2013-08-29','0000-00-00 00:00:00',NULL,NULL,'Exemple de séquence pédagogique.',0),(312,80,9,'VAA60429','2013-08-29','0000-00-00 00:00:00',NULL,NULL,'Exemple de séquence pédagogique.',0),(313,700,9,'VAA60414','2013-08-29','0000-00-00 00:00:00',NULL,NULL,'Exemple de séquence pédagogique.',0),(314,218,9,'VAA60480','2013-08-29','0000-00-00 00:00:00',NULL,NULL,'Exemple de séquence pédagogique.',0),(315,109,9,'VAA60481','2013-09-29','0000-00-00 00:00:00',NULL,NULL,'Exemple de séquence pédagogique.',0),(316,304,9,'VAA60458','2013-09-29','0000-00-00 00:00:00',NULL,NULL,'Exemple de séquence pédagogique.',0),(317,403,9,'VAA60406','2013-09-29','0000-00-00 00:00:00',NULL,NULL,'Exemple de séquence pédagogique.',0),(318,78,9,'VAA60483','2013-09-29','0000-00-00 00:00:00',NULL,NULL,'Exemple de séquence pédagogique.',0),(319,24,9,'VAA60412','2013-10-29','0000-00-00 00:00:00',NULL,NULL,'Exemple de séquence pédagogique.',0),(320,268,9,'VAA60436','2013-10-29','0000-00-00 00:00:00',NULL,NULL,'Exemple de séquence pédagogique.',0),(321,371,9,'VAA60415','2013-11-29','0000-00-00 00:00:00',NULL,NULL,'Exemple de séquence pédagogique.',0),(322,555,9,'VAA60441','2013-11-29','0000-00-00 00:00:00',NULL,NULL,'Exemple de séquence pédagogique.',0),(323,15,9,'VAA60412','2013-11-29','0000-00-00 00:00:00',NULL,NULL,'Exemple de séquence pédagogique.',0),(324,364,9,'VAA60480','2013-11-29','0000-00-00 00:00:00',NULL,NULL,'Exemple de séquence pédagogique.',0),(325,505,9,'VAA60474','2013-12-29','0000-00-00 00:00:00',NULL,NULL,'Exemple de séquence pédagogique.',0),(326,523,9,'VAA60400','2013-12-29','0000-00-00 00:00:00',NULL,NULL,'Exemple de séquence pédagogique.',0),(327,379,10,'VAA60480','2013-01-29','0000-00-00 00:00:00',NULL,NULL,'Exemple de séquence pédagogique.',0),(328,80,10,'VAA60429','2013-01-29','0000-00-00 00:00:00',NULL,NULL,'Exemple de séquence pédagogique.',0),(329,553,10,'VAA60433','2013-01-29','0000-00-00 00:00:00',NULL,NULL,'Exemple de séquence pédagogique.',0),(330,506,10,'VAA60476','0000-00-00','0000-00-00 00:00:00',NULL,NULL,'Exemple de séquence pédagogique.',0),(331,657,10,'VAA60441','0000-00-00','0000-00-00 00:00:00',NULL,NULL,'Exemple de séquence pédagogique.',0),(332,78,10,'VAA60483','2013-03-29','0000-00-00 00:00:00',NULL,NULL,'Exemple de séquence pédagogique.',0),(333,461,10,'VAA60474','2013-03-29','0000-00-00 00:00:00',NULL,NULL,'Exemple de séquence pédagogique.',0),(334,502,10,'VAA60404','2013-03-29','0000-00-00 00:00:00',NULL,NULL,'Exemple de séquence pédagogique.',0),(335,664,10,'VAA60462','2013-04-29','0000-00-00 00:00:00',NULL,NULL,'Exemple de séquence pédagogique.',0),(336,304,10,'VAA60458','2013-04-29','0000-00-00 00:00:00',NULL,NULL,'Exemple de séquence pédagogique.',0),(337,581,10,'VAA60436','2013-04-29','0000-00-00 00:00:00',NULL,NULL,'Exemple de séquence pédagogique.',0),(338,551,10,'VAA60400','2013-04-29','0000-00-00 00:00:00',NULL,NULL,'Exemple de séquence pédagogique.',0),(339,182,10,'VAA60418','2013-05-29','0000-00-00 00:00:00',NULL,NULL,'Exemple de séquence pédagogique.',0),(340,514,10,'VAA60414','2013-05-29','0000-00-00 00:00:00',NULL,NULL,'Exemple de séquence pédagogique.',0),(341,37,10,'VAA60412','2013-05-29','0000-00-00 00:00:00',NULL,NULL,'Exemple de séquence pédagogique.',0),(342,194,10,'VAA60480','2013-06-29','0000-00-00 00:00:00',NULL,NULL,'Exemple de séquence pédagogique.',0),(343,687,10,'VAA60418','2013-06-29','0000-00-00 00:00:00',NULL,NULL,'Exemple de séquence pédagogique.',0),(344,288,10,'VAA60490','2013-06-29','0000-00-00 00:00:00',NULL,NULL,'Exemple de séquence pédagogique.',0),(345,477,10,'VAA60476','2013-06-29','0000-00-00 00:00:00',NULL,NULL,'Exemple de séquence pédagogique.',0),(346,522,10,'VAA60414','2013-07-29','0000-00-00 00:00:00',NULL,NULL,'Exemple de séquence pédagogique.',0),(347,421,10,'VAA60474','2013-07-29','0000-00-00 00:00:00',NULL,NULL,'Exemple de séquence pédagogique.',0),(348,175,10,'VAA60490','2013-07-29','0000-00-00 00:00:00',NULL,NULL,'Exemple de séquence pédagogique.',0),(349,354,10,'VAA60407','2013-08-29','0000-00-00 00:00:00',NULL,NULL,'Exemple de séquence pédagogique.',0),(350,592,10,'VAA60436','2013-08-29','0000-00-00 00:00:00',NULL,NULL,'Exemple de séquence pédagogique.',0),(351,427,10,'VAA60436','2013-08-29','0000-00-00 00:00:00',NULL,NULL,'Exemple de séquence pédagogique.',0),(352,603,10,'VAA60494','2013-09-29','0000-00-00 00:00:00',NULL,NULL,'Exemple de séquence pédagogique.',0),(353,171,10,'VAA60490','2013-09-29','0000-00-00 00:00:00',NULL,NULL,'Exemple de séquence pédagogique.',0),(354,600,10,'VAA60494','2013-10-29','0000-00-00 00:00:00',NULL,NULL,'Exemple de séquence pédagogique.',0),(355,661,10,'VAA60441','2013-10-29','0000-00-00 00:00:00',NULL,NULL,'Exemple de séquence pédagogique.',0),(356,200,10,'VAA60415','2013-10-29','0000-00-00 00:00:00',NULL,NULL,'Exemple de séquence pédagogique.',0),(357,234,10,'VAA60433','2013-10-29','0000-00-00 00:00:00',NULL,NULL,'Exemple de séquence pédagogique.',0),(358,77,10,'VAA60483','2013-11-29','0000-00-00 00:00:00',NULL,NULL,'Exemple de séquence pédagogique.',0),(359,362,10,'VAA60415','2013-11-29','0000-00-00 00:00:00',NULL,NULL,'Exemple de séquence pédagogique.',0),(360,28,10,'VAA60412','2013-11-29','0000-00-00 00:00:00',NULL,NULL,'Exemple de séquence pédagogique.',0),(361,583,10,'VAA60494','2013-11-29','0000-00-00 00:00:00',NULL,NULL,'Exemple de séquence pédagogique.',0),(362,314,10,'VAA60458','2013-12-29','0000-00-00 00:00:00',NULL,NULL,'Exemple de séquence pédagogique.',0),(363,418,10,'VAA60406','2013-12-29','0000-00-00 00:00:00',NULL,NULL,'Exemple de séquence pédagogique.',0),(364,488,10,'VAA60414','2013-12-29','0000-00-00 00:00:00',NULL,NULL,'Exemple de séquence pédagogique.',0),(365,597,10,'VAA60494','2013-12-29','0000-00-00 00:00:00',NULL,NULL,'Exemple de séquence pédagogique.',0),(366,511,11,'VAA60414','2013-01-29','0000-00-00 00:00:00',NULL,NULL,'Exemple de séquence pédagogique.',0),(367,598,11,'VAA60494','2013-01-29','0000-00-00 00:00:00',NULL,NULL,'Exemple de séquence pédagogique.',0),(368,304,11,'VAA60458','0000-00-00','0000-00-00 00:00:00',NULL,NULL,'Exemple de séquence pédagogique.',0),(369,473,11,'VAA60414','0000-00-00','0000-00-00 00:00:00',NULL,NULL,'Exemple de séquence pédagogique.',0),(370,416,11,'VAA60406','0000-00-00','0000-00-00 00:00:00',NULL,NULL,'Exemple de séquence pédagogique.',0),(371,347,11,'VAA60480','2013-03-29','0000-00-00 00:00:00',NULL,NULL,'Exemple de séquence pédagogique.',0),(372,473,11,'VAA60414','2013-03-29','0000-00-00 00:00:00',NULL,NULL,'Exemple de séquence pédagogique.',0),(373,209,11,'VAA60415','2013-03-29','0000-00-00 00:00:00',NULL,NULL,'Exemple de séquence pédagogique.',0),(374,461,11,'VAA60474','2013-03-29','0000-00-00 00:00:00',NULL,NULL,'Exemple de séquence pédagogique.',0),(375,297,11,'VAA60491','2013-04-29','0000-00-00 00:00:00',NULL,NULL,'Exemple de séquence pédagogique.',0),(376,690,11,'VAA60476','2013-04-29','0000-00-00 00:00:00',NULL,NULL,'Exemple de séquence pédagogique.',0),(377,125,11,'VAA60498','2013-04-29','0000-00-00 00:00:00',NULL,NULL,'Exemple de séquence pédagogique.',0),(378,694,11,'VAA60429','2013-04-29','0000-00-00 00:00:00',NULL,NULL,'Exemple de séquence pédagogique.',0),(379,109,11,'VAA60481','2013-05-29','0000-00-00 00:00:00',NULL,NULL,'Exemple de séquence pédagogique.',0),(380,590,11,'VAA60436','2013-05-29','0000-00-00 00:00:00',NULL,NULL,'Exemple de séquence pédagogique.',0),(381,418,11,'VAA60406','2013-05-29','0000-00-00 00:00:00',NULL,NULL,'Exemple de séquence pédagogique.',0),(382,520,11,'VAA60414','2013-05-29','0000-00-00 00:00:00',NULL,NULL,'Exemple de séquence pédagogique.',0),(383,465,11,'VAA60476','2013-06-29','0000-00-00 00:00:00',NULL,NULL,'Exemple de séquence pédagogique.',0),(384,41,11,'VAA60479','2013-06-29','0000-00-00 00:00:00',NULL,NULL,'Exemple de séquence pédagogique.',0),(385,575,11,'VAA60494','2013-07-29','0000-00-00 00:00:00',NULL,NULL,'Exemple de séquence pédagogique.',0),(386,212,11,'VAA60480','2013-07-29','0000-00-00 00:00:00',NULL,NULL,'Exemple de séquence pédagogique.',0),(387,385,11,'VAA60480','2013-08-29','0000-00-00 00:00:00',NULL,NULL,'Exemple de séquence pédagogique.',0),(388,660,11,'VAA60462','2013-08-29','0000-00-00 00:00:00',NULL,NULL,'Exemple de séquence pédagogique.',0),(389,304,11,'VAA60458','2013-08-29','0000-00-00 00:00:00',NULL,NULL,'Exemple de séquence pédagogique.',0),(390,141,11,'VAA60495','2013-09-29','0000-00-00 00:00:00',NULL,NULL,'Exemple de séquence pédagogique.',0),(391,490,11,'VAA60404','2013-09-29','0000-00-00 00:00:00',NULL,NULL,'Exemple de séquence pédagogique.',0),(392,492,11,'VAA60414','2013-09-29','0000-00-00 00:00:00',NULL,NULL,'Exemple de séquence pédagogique.',0),(393,597,11,'VAA60494','2013-10-29','0000-00-00 00:00:00',NULL,NULL,'Exemple de séquence pédagogique.',0),(394,470,11,'VAA60474','2013-10-29','0000-00-00 00:00:00',NULL,NULL,'Exemple de séquence pédagogique.',0),(395,78,11,'VAA60483','2013-10-29','0000-00-00 00:00:00',NULL,NULL,'Exemple de séquence pédagogique.',0),(396,95,11,'VAA60429','2013-10-29','0000-00-00 00:00:00',NULL,NULL,'Exemple de séquence pédagogique.',0),(397,123,11,'VAA60498','2013-11-29','0000-00-00 00:00:00',NULL,NULL,'Exemple de séquence pédagogique.',0),(398,139,11,'VAA60495','2013-11-29','0000-00-00 00:00:00',NULL,NULL,'Exemple de séquence pédagogique.',0),(399,363,11,'VAA60444','2013-12-29','0000-00-00 00:00:00',NULL,NULL,'Exemple de séquence pédagogique.',0),(400,525,11,'VAA60400','2013-12-29','0000-00-00 00:00:00',NULL,NULL,'Exemple de séquence pédagogique.',0),(401,85,11,'VAA60483','2013-12-29','0000-00-00 00:00:00',NULL,NULL,'Exemple de séquence pédagogique.',0),(402,319,11,'VAA60458','2013-12-29','0000-00-00 00:00:00',NULL,NULL,'Exemple de séquence pédagogique.',0),(403,25,12,'VAA60412','2013-01-29','0000-00-00 00:00:00',NULL,NULL,'Exemple de séquence pédagogique.',0),(404,504,12,'VAA60414','2013-01-29','0000-00-00 00:00:00',NULL,NULL,'Exemple de séquence pédagogique.',0),(405,467,12,'VAA60476','2013-01-29','0000-00-00 00:00:00',NULL,NULL,'Exemple de séquence pédagogique.',0),(406,601,12,'VAA60494','2013-01-29','0000-00-00 00:00:00',NULL,NULL,'Exemple de séquence pédagogique.',0),(407,668,12,'VAA60441','0000-00-00','0000-00-00 00:00:00',NULL,NULL,'Exemple de séquence pédagogique.',0),(408,332,12,'VAA60436','0000-00-00','0000-00-00 00:00:00',NULL,NULL,'Exemple de séquence pédagogique.',0),(409,193,12,'VAA60415','0000-00-00','0000-00-00 00:00:00',NULL,NULL,'Exemple de séquence pédagogique.',0),(410,693,12,'VAA60481','2013-03-29','0000-00-00 00:00:00',NULL,NULL,'Exemple de séquence pédagogique.',0),(411,160,12,'VAA60418','2013-03-29','0000-00-00 00:00:00',NULL,NULL,'Exemple de séquence pédagogique.',0),(412,241,12,'VAA60433','2013-03-29','0000-00-00 00:00:00',NULL,NULL,'Exemple de séquence pédagogique.',0),(413,369,12,'VAA60480','2013-03-29','0000-00-00 00:00:00',NULL,NULL,'Exemple de séquence pédagogique.',0),(414,159,12,'VAA60429','2013-04-29','0000-00-00 00:00:00',NULL,NULL,'Exemple de séquence pédagogique.',0),(415,554,12,'VAA60414','2013-04-29','0000-00-00 00:00:00',NULL,NULL,'Exemple de séquence pédagogique.',0),(416,486,12,'VAA60474','2013-04-29','0000-00-00 00:00:00',NULL,NULL,'Exemple de séquence pédagogique.',0),(417,46,12,'VAA60483','2013-04-29','0000-00-00 00:00:00',NULL,NULL,'Exemple de séquence pédagogique.',0),(418,43,12,'VAA60429','2013-05-29','0000-00-00 00:00:00',NULL,NULL,'Exemple de séquence pédagogique.',0),(419,365,12,'VAA60444','2013-05-29','0000-00-00 00:00:00',NULL,NULL,'Exemple de séquence pédagogique.',0),(420,411,12,'VAA60406','2013-05-29','0000-00-00 00:00:00',NULL,NULL,'Exemple de séquence pédagogique.',0),(421,693,12,'VAA60481','2013-06-29','0000-00-00 00:00:00',NULL,NULL,'Exemple de séquence pédagogique.',0),(422,422,12,'VAA60436','2013-06-29','0000-00-00 00:00:00',NULL,NULL,'Exemple de séquence pédagogique.',0),(423,564,12,'VAA60436','2013-06-29','0000-00-00 00:00:00',NULL,NULL,'Exemple de séquence pédagogique.',0),(424,669,12,'VAA60462','2013-07-29','0000-00-00 00:00:00',NULL,NULL,'Exemple de séquence pédagogique.',0),(425,653,12,'VAA60462','2013-07-29','0000-00-00 00:00:00',NULL,NULL,'Exemple de séquence pédagogique.',0),(426,110,12,'VAA60481','2013-07-29','0000-00-00 00:00:00',NULL,NULL,'Exemple de séquence pédagogique.',0),(427,411,12,'VAA60406','2013-08-29','0000-00-00 00:00:00',NULL,NULL,'Exemple de séquence pédagogique.',0),(428,627,12,'VAA60441','2013-08-29','0000-00-00 00:00:00',NULL,NULL,'Exemple de séquence pédagogique.',0),(429,400,12,'VAA60406','2013-08-29','0000-00-00 00:00:00',NULL,NULL,'Exemple de séquence pédagogique.',0),(430,488,12,'VAA60414','2013-08-29','0000-00-00 00:00:00',NULL,NULL,'Exemple de séquence pédagogique.',0),(431,391,12,'VAA60480','2013-09-29','0000-00-00 00:00:00',NULL,NULL,'Exemple de séquence pédagogique.',0),(432,501,12,'VAA60414','2013-09-29','0000-00-00 00:00:00',NULL,NULL,'Exemple de séquence pédagogique.',0),(433,489,12,'VAA60414','2013-09-29','0000-00-00 00:00:00',NULL,NULL,'Exemple de séquence pédagogique.',0),(434,42,12,'VAA60429','2013-10-29','0000-00-00 00:00:00',NULL,NULL,'Exemple de séquence pédagogique.',0),(435,407,12,'VAA60406','2013-10-29','0000-00-00 00:00:00',NULL,NULL,'Exemple de séquence pédagogique.',0),(436,603,12,'VAA60494','2013-11-29','0000-00-00 00:00:00',NULL,NULL,'Exemple de séquence pédagogique.',0),(437,65,12,'VAA60429','2013-11-29','0000-00-00 00:00:00',NULL,NULL,'Exemple de séquence pédagogique.',0),(438,367,12,'VAA60480','2013-11-29','0000-00-00 00:00:00',NULL,NULL,'Exemple de séquence pédagogique.',0),(439,91,12,'VAA60479','2013-12-29','0000-00-00 00:00:00',NULL,NULL,'Exemple de séquence pédagogique.',0),(440,484,12,'VAA60474','2013-12-29','0000-00-00 00:00:00',NULL,NULL,'Exemple de séquence pédagogique.',0),(441,135,13,'VAA60498','2013-01-29','0000-00-00 00:00:00',NULL,NULL,'Exemple de séquence pédagogique.',0),(442,131,13,'VAA60498','2013-01-29','0000-00-00 00:00:00',NULL,NULL,'Exemple de séquence pédagogique.',0),(443,134,13,'VAA60498','2013-01-29','0000-00-00 00:00:00',NULL,NULL,'Exemple de séquence pédagogique.',0),(444,287,13,'VAA60436','2013-01-29','0000-00-00 00:00:00',NULL,NULL,'Exemple de séquence pédagogique.',0),(445,463,13,'VAA60404','0000-00-00','0000-00-00 00:00:00',NULL,NULL,'Exemple de séquence pédagogique.',0),(446,194,13,'VAA60480','0000-00-00','0000-00-00 00:00:00',NULL,NULL,'Exemple de séquence pédagogique.',0),(447,191,13,'VAA60490','0000-00-00','0000-00-00 00:00:00',NULL,NULL,'Exemple de séquence pédagogique.',0),(448,295,13,'VAA60407','2013-03-29','0000-00-00 00:00:00',NULL,NULL,'Exemple de séquence pédagogique.',0),(449,661,13,'VAA60441','2013-03-29','0000-00-00 00:00:00',NULL,NULL,'Exemple de séquence pédagogique.',0),(450,407,13,'VAA60406','2013-04-29','0000-00-00 00:00:00',NULL,NULL,'Exemple de séquence pédagogique.',0),(451,687,13,'VAA60418','2013-04-29','0000-00-00 00:00:00',NULL,NULL,'Exemple de séquence pédagogique.',0),(452,440,13,'VAA60474','2013-05-29','0000-00-00 00:00:00',NULL,NULL,'Exemple de séquence pédagogique.',0),(453,221,13,'VAA60433','2013-05-29','0000-00-00 00:00:00',NULL,NULL,'Exemple de séquence pédagogique.',0),(454,582,13,'VAA60494','2013-05-29','0000-00-00 00:00:00',NULL,NULL,'Exemple de séquence pédagogique.',0),(455,477,13,'VAA60476','2013-05-29','0000-00-00 00:00:00',NULL,NULL,'Exemple de séquence pédagogique.',0),(456,372,13,'VAA60480','2013-06-29','0000-00-00 00:00:00',NULL,NULL,'Exemple de séquence pédagogique.',0),(457,548,13,'VAA60400','2013-06-29','0000-00-00 00:00:00',NULL,NULL,'Exemple de séquence pédagogique.',0),(458,515,13,'VAA60404','2013-07-29','0000-00-00 00:00:00',NULL,NULL,'Exemple de séquence pédagogique.',0),(459,100,13,'VAA60481','2013-07-29','0000-00-00 00:00:00',NULL,NULL,'Exemple de séquence pédagogique.',0),(460,377,13,'VAA60480','2013-08-29','0000-00-00 00:00:00',NULL,NULL,'Exemple de séquence pédagogique.',0),(461,333,13,'VAA60458','2013-08-29','0000-00-00 00:00:00',NULL,NULL,'Exemple de séquence pédagogique.',0),(462,302,13,'VAA60436','2013-08-29','0000-00-00 00:00:00',NULL,NULL,'Exemple de séquence pédagogique.',0),(463,221,13,'VAA60433','2013-08-29','0000-00-00 00:00:00',NULL,NULL,'Exemple de séquence pédagogique.',0),(464,579,13,'VAA60436','2013-09-29','0000-00-00 00:00:00',NULL,NULL,'Exemple de séquence pédagogique.',0),(465,288,13,'VAA60490','2013-09-29','0000-00-00 00:00:00',NULL,NULL,'Exemple de séquence pédagogique.',0),(466,299,13,'VAA60407','2013-10-29','0000-00-00 00:00:00',NULL,NULL,'Exemple de séquence pédagogique.',0),(467,686,13,'VAA60498','2013-10-29','0000-00-00 00:00:00',NULL,NULL,'Exemple de séquence pédagogique.',0),(468,467,13,'VAA60476','2013-10-29','0000-00-00 00:00:00',NULL,NULL,'Exemple de séquence pédagogique.',0),(469,545,13,'VAA60476','2013-10-29','0000-00-00 00:00:00',NULL,NULL,'Exemple de séquence pédagogique.',0),(470,688,13,'VAA60400','2013-11-29','0000-00-00 00:00:00',NULL,NULL,'Exemple de séquence pédagogique.',0),(471,508,13,'VAA60414','2013-11-29','0000-00-00 00:00:00',NULL,NULL,'Exemple de séquence pédagogique.',0),(472,533,13,'VAA60476','2013-12-29','0000-00-00 00:00:00',NULL,NULL,'Exemple de séquence pédagogique.',0),(473,40,13,'VAA60429','2013-12-29','0000-00-00 00:00:00',NULL,NULL,'Exemple de séquence pédagogique.',0),(474,561,13,'VAA60476','2013-12-29','0000-00-00 00:00:00',NULL,NULL,'Exemple de séquence pédagogique.',0),(475,299,14,'VAA60407','2013-01-29','0000-00-00 00:00:00',NULL,NULL,'Exemple de séquence pédagogique.',0),(476,36,14,'VAA60412','2013-01-29','0000-00-00 00:00:00',NULL,NULL,'Exemple de séquence pédagogique.',0),(477,132,14,'VAA60498','2013-01-29','0000-00-00 00:00:00',NULL,NULL,'Exemple de séquence pédagogique.',0),(478,272,14,'VAA60436','2013-01-29','0000-00-00 00:00:00',NULL,NULL,'Exemple de séquence pédagogique.',0),(479,81,14,'VAA60483','0000-00-00','0000-00-00 00:00:00',NULL,NULL,'Exemple de séquence pédagogique.',0),(480,584,14,'VAA60494','0000-00-00','0000-00-00 00:00:00',NULL,NULL,'Exemple de séquence pédagogique.',0),(481,84,14,'VAA60481','0000-00-00','0000-00-00 00:00:00',NULL,NULL,'Exemple de séquence pédagogique.',0),(482,439,14,'VAA60404','0000-00-00','0000-00-00 00:00:00',NULL,NULL,'Exemple de séquence pédagogique.',0),(483,97,14,'VAA60479','2013-03-29','0000-00-00 00:00:00',NULL,NULL,'Exemple de séquence pédagogique.',0),(484,246,14,'VAA60407','2013-03-29','0000-00-00 00:00:00',NULL,NULL,'Exemple de séquence pédagogique.',0),(485,394,14,'VAA60407','2013-04-29','0000-00-00 00:00:00',NULL,NULL,'Exemple de séquence pédagogique.',0),(486,602,14,'VAA60436','2013-04-29','0000-00-00 00:00:00',NULL,NULL,'Exemple de séquence pédagogique.',0),(487,95,14,'VAA60429','2013-05-29','0000-00-00 00:00:00',NULL,NULL,'Exemple de séquence pédagogique.',0),(488,421,14,'VAA60474','2013-05-29','0000-00-00 00:00:00',NULL,NULL,'Exemple de séquence pédagogique.',0),(489,386,14,'VAA60480','2013-05-29','0000-00-00 00:00:00',NULL,NULL,'Exemple de séquence pédagogique.',0),(490,324,14,'VAA60407','2013-06-29','0000-00-00 00:00:00',NULL,NULL,'Exemple de séquence pédagogique.',0),(491,174,14,'VAA60476','2013-06-29','0000-00-00 00:00:00',NULL,NULL,'Exemple de séquence pédagogique.',0),(492,402,14,'VAA60406','2013-06-29','0000-00-00 00:00:00',NULL,NULL,'Exemple de séquence pédagogique.',0),(493,365,14,'VAA60444','2013-07-29','0000-00-00 00:00:00',NULL,NULL,'Exemple de séquence pédagogique.',0),(494,130,14,'VAA60498','2013-07-29','0000-00-00 00:00:00',NULL,NULL,'Exemple de séquence pédagogique.',0),(495,109,14,'VAA60481','2013-08-29','0000-00-00 00:00:00',NULL,NULL,'Exemple de séquence pédagogique.',0),(496,526,14,'VAA60400','2013-08-29','0000-00-00 00:00:00',NULL,NULL,'Exemple de séquence pédagogique.',0),(497,621,14,'VAA60441','2013-08-29','0000-00-00 00:00:00',NULL,NULL,'Exemple de séquence pédagogique.',0),(498,209,14,'VAA60415','2013-08-29','0000-00-00 00:00:00',NULL,NULL,'Exemple de séquence pédagogique.',0),(499,189,14,'VAA60429','2013-09-29','0000-00-00 00:00:00',NULL,NULL,'Exemple de séquence pédagogique.',0),(500,683,14,'VAA60412','2013-09-29','0000-00-00 00:00:00',NULL,NULL,'Exemple de séquence pédagogique.',0),(501,101,14,'VAA60479','2013-09-29','0000-00-00 00:00:00',NULL,NULL,'Exemple de séquence pédagogique.',0),(502,610,14,'VAA60462','2013-09-29','0000-00-00 00:00:00',NULL,NULL,'Exemple de séquence pédagogique.',0),(503,266,14,'VAA60474','2013-10-29','0000-00-00 00:00:00',NULL,NULL,'Exemple de séquence pédagogique.',0),(504,567,14,'VAA60436','2013-10-29','0000-00-00 00:00:00',NULL,NULL,'Exemple de séquence pédagogique.',0),(505,474,14,'VAA60474','2013-10-29','0000-00-00 00:00:00',NULL,NULL,'Exemple de séquence pédagogique.',0),(506,192,14,'VAA60415','2013-11-29','0000-00-00 00:00:00',NULL,NULL,'Exemple de séquence pédagogique.',0),(507,234,14,'VAA60433','2013-11-29','0000-00-00 00:00:00',NULL,NULL,'Exemple de séquence pédagogique.',0),(508,236,14,'VAA60433','2013-11-29','0000-00-00 00:00:00',NULL,NULL,'Exemple de séquence pédagogique.',0),(509,97,14,'VAA60479','2013-11-29','0000-00-00 00:00:00',NULL,NULL,'Exemple de séquence pédagogique.',0),(510,155,14,'VAA60418','2013-12-29','0000-00-00 00:00:00',NULL,NULL,'Exemple de séquence pédagogique.',0),(511,116,14,'VAA60429','2013-12-29','0000-00-00 00:00:00',NULL,NULL,'Exemple de séquence pédagogique.',0),(512,306,15,'VAA60436','2013-01-29','0000-00-00 00:00:00',NULL,NULL,'Exemple de séquence pédagogique.',0),(513,434,15,'VAA60474','2013-01-29','0000-00-00 00:00:00',NULL,NULL,'Exemple de séquence pédagogique.',0),(514,246,15,'VAA60407','2013-01-29','0000-00-00 00:00:00',NULL,NULL,'Exemple de séquence pédagogique.',0),(515,394,15,'VAA60407','0000-00-00','0000-00-00 00:00:00',NULL,NULL,'Exemple de séquence pédagogique.',0),(516,221,15,'VAA60433','0000-00-00','0000-00-00 00:00:00',NULL,NULL,'Exemple de séquence pédagogique.',0),(517,299,15,'VAA60407','2013-03-29','0000-00-00 00:00:00',NULL,NULL,'Exemple de séquence pédagogique.',0),(518,69,15,'VAA60481','2013-03-29','0000-00-00 00:00:00',NULL,NULL,'Exemple de séquence pédagogique.',0),(519,536,15,'VAA60476','2013-03-29','0000-00-00 00:00:00',NULL,NULL,'Exemple de séquence pédagogique.',0),(520,391,15,'VAA60480','2013-03-29','0000-00-00 00:00:00',NULL,NULL,'Exemple de séquence pédagogique.',0),(521,458,15,'VAA60414','2013-04-29','0000-00-00 00:00:00',NULL,NULL,'Exemple de séquence pédagogique.',0),(522,274,15,'VAA60490','2013-04-29','0000-00-00 00:00:00',NULL,NULL,'Exemple de séquence pédagogique.',0),(523,540,15,'VAA60476','2013-04-29','0000-00-00 00:00:00',NULL,NULL,'Exemple de séquence pédagogique.',0),(524,645,15,'VAA60462','2013-05-29','0000-00-00 00:00:00',NULL,NULL,'Exemple de séquence pédagogique.',0),(525,336,15,'VAA60407','2013-05-29','0000-00-00 00:00:00',NULL,NULL,'Exemple de séquence pédagogique.',0),(526,233,15,'VAA60433','2013-06-29','0000-00-00 00:00:00',NULL,NULL,'Exemple de séquence pédagogique.',0),(527,535,15,'VAA60476','2013-06-29','0000-00-00 00:00:00',NULL,NULL,'Exemple de séquence pédagogique.',0),(528,559,15,'VAA60474','2013-07-29','0000-00-00 00:00:00',NULL,NULL,'Exemple de séquence pédagogique.',0),(529,63,15,'VAA60483','2013-07-29','0000-00-00 00:00:00',NULL,NULL,'Exemple de séquence pédagogique.',0),(530,532,15,'VAA60400','2013-08-29','0000-00-00 00:00:00',NULL,NULL,'Exemple de séquence pédagogique.',0),(531,347,15,'VAA60480','2013-08-29','0000-00-00 00:00:00',NULL,NULL,'Exemple de séquence pédagogique.',0),(532,687,15,'VAA60418','2013-08-29','0000-00-00 00:00:00',NULL,NULL,'Exemple de séquence pédagogique.',0),(533,282,15,'VAA60436','2013-08-29','0000-00-00 00:00:00',NULL,NULL,'Exemple de séquence pédagogique.',0),(534,670,15,'VAA60441','2013-09-29','0000-00-00 00:00:00',NULL,NULL,'Exemple de séquence pédagogique.',0),(535,534,15,'VAA60476','2013-09-29','0000-00-00 00:00:00',NULL,NULL,'Exemple de séquence pédagogique.',0),(536,475,15,'VAA60476','2013-09-29','0000-00-00 00:00:00',NULL,NULL,'Exemple de séquence pédagogique.',0),(537,181,15,'VAA60429','2013-09-29','0000-00-00 00:00:00',NULL,NULL,'Exemple de séquence pédagogique.',0),(538,140,15,'VAA60495','2013-10-29','0000-00-00 00:00:00',NULL,NULL,'Exemple de séquence pédagogique.',0),(539,76,15,'VAA60479','2013-10-29','0000-00-00 00:00:00',NULL,NULL,'Exemple de séquence pédagogique.',0),(540,227,15,'VAA60433','2013-10-29','0000-00-00 00:00:00',NULL,NULL,'Exemple de séquence pédagogique.',0),(541,655,15,'VAA60441','2013-11-29','0000-00-00 00:00:00',NULL,NULL,'Exemple de séquence pédagogique.',0),(542,205,15,'VAA60415','2013-11-29','0000-00-00 00:00:00',NULL,NULL,'Exemple de séquence pédagogique.',0),(543,158,15,'VAA60418','2013-12-29','0000-00-00 00:00:00',NULL,NULL,'Exemple de séquence pédagogique.',0),(544,411,15,'VAA60406','2013-12-29','0000-00-00 00:00:00',NULL,NULL,'Exemple de séquence pédagogique.',0),(545,26,16,'VAA60412','2013-01-29','0000-00-00 00:00:00',NULL,NULL,'Exemple de séquence pédagogique.',0),(546,57,16,'VAA60479','2013-01-29','0000-00-00 00:00:00',NULL,NULL,'Exemple de séquence pédagogique.',0),(547,136,16,'VAA60495','2013-01-29','0000-00-00 00:00:00',NULL,NULL,'Exemple de séquence pédagogique.',0),(548,11,16,'VAA60474','2013-01-29','0000-00-00 00:00:00',NULL,NULL,'Exemple de séquence pédagogique.',0),(549,483,16,'VAA60404','0000-00-00','0000-00-00 00:00:00',NULL,NULL,'Exemple de séquence pédagogique.',0),(550,214,16,'VAA60407','0000-00-00','0000-00-00 00:00:00',NULL,NULL,'Exemple de séquence pédagogique.',0),(551,312,16,'VAA60474','0000-00-00','0000-00-00 00:00:00',NULL,NULL,'Exemple de séquence pédagogique.',0),(552,249,16,'VAA60407','2013-03-29','0000-00-00 00:00:00',NULL,NULL,'Exemple de séquence pédagogique.',0),(553,241,16,'VAA60433','2013-03-29','0000-00-00 00:00:00',NULL,NULL,'Exemple de séquence pédagogique.',0),(554,502,16,'VAA60404','2013-03-29','0000-00-00 00:00:00',NULL,NULL,'Exemple de séquence pédagogique.',0),(555,15,16,'VAA60412','2013-04-29','0000-00-00 00:00:00',NULL,NULL,'Exemple de séquence pédagogique.',0),(556,643,16,'VAA60441','2013-04-29','0000-00-00 00:00:00',NULL,NULL,'Exemple de séquence pédagogique.',0),(557,232,16,'VAA60433','2013-05-29','0000-00-00 00:00:00',NULL,NULL,'Exemple de séquence pédagogique.',0),(558,127,16,'VAA60498','2013-05-29','0000-00-00 00:00:00',NULL,NULL,'Exemple de séquence pédagogique.',0),(559,559,16,'VAA60474','2013-05-29','0000-00-00 00:00:00',NULL,NULL,'Exemple de séquence pédagogique.',0),(560,80,16,'VAA60429','2013-05-29','0000-00-00 00:00:00',NULL,NULL,'Exemple de séquence pédagogique.',0),(561,174,16,'VAA60476','2013-06-29','0000-00-00 00:00:00',NULL,NULL,'Exemple de séquence pédagogique.',0),(562,635,16,'VAA60441','2013-06-29','0000-00-00 00:00:00',NULL,NULL,'Exemple de séquence pédagogique.',0),(563,53,16,'VAA60481','2013-07-29','0000-00-00 00:00:00',NULL,NULL,'Exemple de séquence pédagogique.',0),(564,679,16,'VAA60490','2013-07-29','0000-00-00 00:00:00',NULL,NULL,'Exemple de séquence pédagogique.',0),(565,570,16,'VAA60436','2013-08-29','0000-00-00 00:00:00',NULL,NULL,'Exemple de séquence pédagogique.',0),(566,386,16,'VAA60480','2013-08-29','0000-00-00 00:00:00',NULL,NULL,'Exemple de séquence pédagogique.',0),(567,584,16,'VAA60494','2013-09-29','0000-00-00 00:00:00',NULL,NULL,'Exemple de séquence pédagogique.',0),(568,133,16,'VAA60498','2013-09-29','0000-00-00 00:00:00',NULL,NULL,'Exemple de séquence pédagogique.',0),(569,604,16,'VAA60494','2013-10-29','0000-00-00 00:00:00',NULL,NULL,'Exemple de séquence pédagogique.',0),(570,27,16,'VAA60412','2013-10-29','0000-00-00 00:00:00',NULL,NULL,'Exemple de séquence pédagogique.',0),(571,622,16,'VAA60495','2013-10-29','0000-00-00 00:00:00',NULL,NULL,'Exemple de séquence pédagogique.',0),(572,26,16,'VAA60412','2013-10-29','0000-00-00 00:00:00',NULL,NULL,'Exemple de séquence pédagogique.',0),(573,464,16,'VAA60474','2013-11-29','0000-00-00 00:00:00',NULL,NULL,'Exemple de séquence pédagogique.',0),(574,413,16,'VAA60406','2013-11-29','0000-00-00 00:00:00',NULL,NULL,'Exemple de séquence pédagogique.',0),(575,477,16,'VAA60476','2013-11-29','0000-00-00 00:00:00',NULL,NULL,'Exemple de séquence pédagogique.',0),(576,397,16,'VAA60406','2013-11-29','0000-00-00 00:00:00',NULL,NULL,'Exemple de séquence pédagogique.',0),(577,287,16,'VAA60436','2013-12-29','0000-00-00 00:00:00',NULL,NULL,'Exemple de séquence pédagogique.',0),(578,292,16,'VAA60458','2013-12-29','0000-00-00 00:00:00',NULL,NULL,'Exemple de séquence pédagogique.',0),(579,576,16,'VAA60494','2013-12-29','0000-00-00 00:00:00',NULL,NULL,'Exemple de séquence pédagogique.',0),(580,299,17,'VAA60491','2013-01-29','0000-00-00 00:00:00',NULL,NULL,'Exemple de séquence pédagogique.',0),(581,693,17,'VAA60481','2013-01-29','0000-00-00 00:00:00',NULL,NULL,'Exemple de séquence pédagogique.',0),(582,670,17,'VAA60441','2013-01-29','0000-00-00 00:00:00',NULL,NULL,'Exemple de séquence pédagogique.',0),(583,388,17,'VAA60407','0000-00-00','0000-00-00 00:00:00',NULL,NULL,'Exemple de séquence pédagogique.',0),(584,558,17,'VAA60441','0000-00-00','0000-00-00 00:00:00',NULL,NULL,'Exemple de séquence pédagogique.',0),(585,9,17,'VAA60474','0000-00-00','0000-00-00 00:00:00',NULL,NULL,'Exemple de séquence pédagogique.',0),(586,46,17,'VAA60483','0000-00-00','0000-00-00 00:00:00',NULL,NULL,'Exemple de séquence pédagogique.',0),(587,26,17,'VAA60412','2013-03-29','0000-00-00 00:00:00',NULL,NULL,'Exemple de séquence pédagogique.',0),(588,439,17,'VAA60404','2013-03-29','0000-00-00 00:00:00',NULL,NULL,'Exemple de séquence pédagogique.',0),(589,96,17,'VAA60483','2013-03-29','0000-00-00 00:00:00',NULL,NULL,'Exemple de séquence pédagogique.',0),(590,251,17,'VAA60458','2013-03-29','0000-00-00 00:00:00',NULL,NULL,'Exemple de séquence pédagogique.',0),(591,532,17,'VAA60400','2013-04-29','0000-00-00 00:00:00',NULL,NULL,'Exemple de séquence pédagogique.',0),(592,41,17,'VAA60479','2013-04-29','0000-00-00 00:00:00',NULL,NULL,'Exemple de séquence pédagogique.',0),(593,550,17,'VAA60400','2013-04-29','0000-00-00 00:00:00',NULL,NULL,'Exemple de séquence pédagogique.',0),(594,661,17,'VAA60441','2013-05-29','0000-00-00 00:00:00',NULL,NULL,'Exemple de séquence pédagogique.',0),(595,477,17,'VAA60476','2013-05-29','0000-00-00 00:00:00',NULL,NULL,'Exemple de séquence pédagogique.',0),(596,426,17,'VAA60474','2013-06-29','0000-00-00 00:00:00',NULL,NULL,'Exemple de séquence pédagogique.',0),(597,117,17,'VAA60429','2013-06-29','0000-00-00 00:00:00',NULL,NULL,'Exemple de séquence pédagogique.',0),(598,186,17,'VAA60429','2013-06-29','0000-00-00 00:00:00',NULL,NULL,'Exemple de séquence pédagogique.',0),(599,402,17,'VAA60406','2013-07-29','0000-00-00 00:00:00',NULL,NULL,'Exemple de séquence pédagogique.',0),(600,3,17,'VAA60494','2013-07-29','0000-00-00 00:00:00',NULL,NULL,'Exemple de séquence pédagogique.',0),(601,587,17,'VAA60494','2013-07-29','0000-00-00 00:00:00',NULL,NULL,'Exemple de séquence pédagogique.',0),(602,587,17,'VAA60494','2013-07-29','0000-00-00 00:00:00',NULL,NULL,'Exemple de séquence pédagogique.',0),(603,543,17,'VAA60400','2013-08-29','0000-00-00 00:00:00',NULL,NULL,'Exemple de séquence pédagogique.',0),(604,573,17,'VAA60436','2013-08-29','0000-00-00 00:00:00',NULL,NULL,'Exemple de séquence pédagogique.',0),(605,203,17,'VAA60415','2013-09-29','0000-00-00 00:00:00',NULL,NULL,'Exemple de séquence pédagogique.',0),(606,338,17,'VAA60458','2013-09-29','0000-00-00 00:00:00',NULL,NULL,'Exemple de séquence pédagogique.',0),(607,340,17,'VAA60458','2013-10-29','0000-00-00 00:00:00',NULL,NULL,'Exemple de séquence pédagogique.',0),(608,542,17,'VAA60400','2013-10-29','0000-00-00 00:00:00',NULL,NULL,'Exemple de séquence pédagogique.',0),(609,230,17,'VAA60433','2013-10-29','0000-00-00 00:00:00',NULL,NULL,'Exemple de séquence pédagogique.',0),(610,29,17,'VAA60412','2013-11-29','0000-00-00 00:00:00',NULL,NULL,'Exemple de séquence pédagogique.',0),(611,345,17,'VAA60480','2013-11-29','0000-00-00 00:00:00',NULL,NULL,'Exemple de séquence pédagogique.',0),(612,289,17,'VAA60474','2013-11-29','0000-00-00 00:00:00',NULL,NULL,'Exemple de séquence pédagogique.',0),(613,255,17,'VAA60407','2013-12-29','0000-00-00 00:00:00',NULL,NULL,'Exemple de séquence pédagogique.',0),(614,18,17,'VAA60412','2013-12-29','0000-00-00 00:00:00',NULL,NULL,'Exemple de séquence pédagogique.',0),(615,254,17,'VAA60474','2013-12-29','0000-00-00 00:00:00',NULL,NULL,'Exemple de séquence pédagogique.',0),(616,33,18,'VAA60412','2013-01-29','0000-00-00 00:00:00',NULL,NULL,'Exemple de séquence pédagogique.',0),(617,430,18,'VAA60436','2013-01-29','0000-00-00 00:00:00',NULL,NULL,'Exemple de séquence pédagogique.',0),(618,693,18,'VAA60481','0000-00-00','0000-00-00 00:00:00',NULL,NULL,'Exemple de séquence pédagogique.',0),(619,307,18,'VAA60407','0000-00-00','0000-00-00 00:00:00',NULL,NULL,'Exemple de séquence pédagogique.',0),(620,243,18,'VAA60433','2013-03-29','0000-00-00 00:00:00',NULL,NULL,'Exemple de séquence pédagogique.',0),(621,180,18,'VAA60429','2013-03-29','0000-00-00 00:00:00',NULL,NULL,'Exemple de séquence pédagogique.',0),(622,102,18,'VAA60481','2013-03-29','0000-00-00 00:00:00',NULL,NULL,'Exemple de séquence pédagogique.',0),(623,299,18,'VAA60491','2013-03-29','0000-00-00 00:00:00',NULL,NULL,'Exemple de séquence pédagogique.',0),(624,190,18,'VAA60490','2013-04-29','0000-00-00 00:00:00',NULL,NULL,'Exemple de séquence pédagogique.',0),(625,284,18,'VAA60474','2013-04-29','0000-00-00 00:00:00',NULL,NULL,'Exemple de séquence pédagogique.',0),(626,472,18,'VAA60476','2013-04-29','0000-00-00 00:00:00',NULL,NULL,'Exemple de séquence pédagogique.',0),(627,179,18,'VAA60418','2013-05-29','0000-00-00 00:00:00',NULL,NULL,'Exemple de séquence pédagogique.',0),(628,186,18,'VAA60429','2013-05-29','0000-00-00 00:00:00',NULL,NULL,'Exemple de séquence pédagogique.',0),(629,411,18,'VAA60406','2013-05-29','0000-00-00 00:00:00',NULL,NULL,'Exemple de séquence pédagogique.',0),(630,597,18,'VAA60494','2013-06-29','0000-00-00 00:00:00',NULL,NULL,'Exemple de séquence pédagogique.',0),(631,330,18,'VAA60490','2013-06-29','0000-00-00 00:00:00',NULL,NULL,'Exemple de séquence pédagogique.',0),(632,15,18,'VAA60412','2013-06-29','0000-00-00 00:00:00',NULL,NULL,'Exemple de séquence pédagogique.',0),(633,16,18,'VAA60412','2013-07-29','0000-00-00 00:00:00',NULL,NULL,'Exemple de séquence pédagogique.',0),(634,127,18,'VAA60498','2013-07-29','0000-00-00 00:00:00',NULL,NULL,'Exemple de séquence pédagogique.',0),(635,86,18,'VAA60479','2013-07-29','0000-00-00 00:00:00',NULL,NULL,'Exemple de séquence pédagogique.',0),(636,689,18,'VAA60436','2013-08-29','0000-00-00 00:00:00',NULL,NULL,'Exemple de séquence pédagogique.',0),(637,25,18,'VAA60412','2013-08-29','0000-00-00 00:00:00',NULL,NULL,'Exemple de séquence pédagogique.',0),(638,337,18,'VAA60436','2013-09-29','0000-00-00 00:00:00',NULL,NULL,'Exemple de séquence pédagogique.',0),(639,489,18,'VAA60414','2013-09-29','0000-00-00 00:00:00',NULL,NULL,'Exemple de séquence pédagogique.',0),(640,394,18,'VAA60407','2013-09-29','0000-00-00 00:00:00',NULL,NULL,'Exemple de séquence pédagogique.',0),(641,495,18,'VAA60404','2013-10-29','0000-00-00 00:00:00',NULL,NULL,'Exemple de séquence pédagogique.',0),(642,62,18,'VAA60429','2013-10-29','0000-00-00 00:00:00',NULL,NULL,'Exemple de séquence pédagogique.',0),(643,27,18,'VAA60412','2013-11-29','0000-00-00 00:00:00',NULL,NULL,'Exemple de séquence pédagogique.',0),(644,567,18,'VAA60436','2013-11-29','0000-00-00 00:00:00',NULL,NULL,'Exemple de séquence pédagogique.',0),(645,648,18,'VAA60462','2013-12-29','0000-00-00 00:00:00',NULL,NULL,'Exemple de séquence pédagogique.',0),(646,399,18,'VAA60406','2013-12-29','0000-00-00 00:00:00',NULL,NULL,'Exemple de séquence pédagogique.',0),(647,152,19,'VAA60418','2013-01-29','0000-00-00 00:00:00',NULL,NULL,'Exemple de séquence pédagogique.',0),(648,520,19,'VAA60414','2013-01-29','0000-00-00 00:00:00',NULL,NULL,'Exemple de séquence pédagogique.',0),(649,334,19,'VAA60407','0000-00-00','0000-00-00 00:00:00',NULL,NULL,'Exemple de séquence pédagogique.',0),(650,72,19,'VAA60481','0000-00-00','0000-00-00 00:00:00',NULL,NULL,'Exemple de séquence pédagogique.',0),(651,651,19,'VAA60462','2013-03-29','0000-00-00 00:00:00',NULL,NULL,'Exemple de séquence pédagogique.',0),(652,105,19,'VAA60481','2013-03-29','0000-00-00 00:00:00',NULL,NULL,'Exemple de séquence pédagogique.',0),(653,299,19,'VAA60407','2013-04-29','0000-00-00 00:00:00',NULL,NULL,'Exemple de séquence pédagogique.',0),(654,485,19,'VAA60414','2013-04-29','0000-00-00 00:00:00',NULL,NULL,'Exemple de séquence pédagogique.',0),(655,360,19,'VAA60480','2013-04-29','0000-00-00 00:00:00',NULL,NULL,'Exemple de séquence pédagogique.',0),(656,72,19,'VAA60481','2013-04-29','0000-00-00 00:00:00',NULL,NULL,'Exemple de séquence pédagogique.',0),(657,477,19,'VAA60476','2013-05-29','0000-00-00 00:00:00',NULL,NULL,'Exemple de séquence pédagogique.',0),(658,469,19,'VAA60414','2013-05-29','0000-00-00 00:00:00',NULL,NULL,'Exemple de séquence pédagogique.',0),(659,206,19,'VAA60415','2013-06-29','0000-00-00 00:00:00',NULL,NULL,'Exemple de séquence pédagogique.',0),(660,94,19,'VAA60483','2013-06-29','0000-00-00 00:00:00',NULL,NULL,'Exemple de séquence pédagogique.',0),(661,174,19,'VAA60476','2013-06-29','0000-00-00 00:00:00',NULL,NULL,'Exemple de séquence pédagogique.',0),(662,472,19,'VAA60476','2013-06-29','0000-00-00 00:00:00',NULL,NULL,'Exemple de séquence pédagogique.',0),(663,700,19,'VAA60414','2013-07-29','0000-00-00 00:00:00',NULL,NULL,'Exemple de séquence pédagogique.',0),(664,10,19,'VAA60404','2013-07-29','0000-00-00 00:00:00',NULL,NULL,'Exemple de séquence pédagogique.',0),(665,691,19,'VAA60494','2013-07-29','0000-00-00 00:00:00',NULL,NULL,'Exemple de séquence pédagogique.',0),(666,482,19,'VAA60414','2013-08-29','0000-00-00 00:00:00',NULL,NULL,'Exemple de séquence pédagogique.',0),(667,312,19,'VAA60474','2013-08-29','0000-00-00 00:00:00',NULL,NULL,'Exemple de séquence pédagogique.',0),(668,538,19,'VAA60476','2013-09-29','0000-00-00 00:00:00',NULL,NULL,'Exemple de séquence pédagogique.',0),(669,418,19,'VAA60406','2013-09-29','0000-00-00 00:00:00',NULL,NULL,'Exemple de séquence pédagogique.',0),(670,68,19,'VAA60481','2013-09-29','0000-00-00 00:00:00',NULL,NULL,'Exemple de séquence pédagogique.',0),(671,204,19,'VAA60444','2013-10-29','0000-00-00 00:00:00',NULL,NULL,'Exemple de séquence pédagogique.',0),(672,589,19,'VAA60494','2013-10-29','0000-00-00 00:00:00',NULL,NULL,'Exemple de séquence pédagogique.',0),(673,62,19,'VAA60429','2013-10-29','0000-00-00 00:00:00',NULL,NULL,'Exemple de séquence pédagogique.',0),(674,400,19,'VAA60406','2013-10-29','0000-00-00 00:00:00',NULL,NULL,'Exemple de séquence pédagogique.',0),(675,636,19,'VAA60495','2013-11-29','0000-00-00 00:00:00',NULL,NULL,'Exemple de séquence pédagogique.',0),(676,701,19,'VAA60429','2013-11-29','0000-00-00 00:00:00',NULL,NULL,'Exemple de séquence pédagogique.',0),(677,89,19,'VAA60429','2013-11-29','0000-00-00 00:00:00',NULL,NULL,'Exemple de séquence pédagogique.',0),(678,521,19,'VAA60414','2013-12-29','0000-00-00 00:00:00',NULL,NULL,'Exemple de séquence pédagogique.',0),(679,481,19,'VAA60476','2013-12-29','0000-00-00 00:00:00',NULL,NULL,'Exemple de séquence pédagogique.',0),(680,286,19,'VAA60474','2013-12-29','0000-00-00 00:00:00',NULL,NULL,'Exemple de séquence pédagogique.',0),(681,106,20,'VAA60479','2013-01-29','0000-00-00 00:00:00',NULL,NULL,'Exemple de séquence pédagogique.',0),(682,12,20,'VAA60400','2013-01-29','0000-00-00 00:00:00',NULL,NULL,'Exemple de séquence pédagogique.',0),(683,663,20,'VAA60462','2013-01-29','0000-00-00 00:00:00',NULL,NULL,'Exemple de séquence pédagogique.',0),(684,605,20,'VAA60436','2013-01-29','0000-00-00 00:00:00',NULL,NULL,'Exemple de séquence pédagogique.',0),(685,332,20,'VAA60436','0000-00-00','0000-00-00 00:00:00',NULL,NULL,'Exemple de séquence pédagogique.',0),(686,94,20,'VAA60483','0000-00-00','0000-00-00 00:00:00',NULL,NULL,'Exemple de séquence pédagogique.',0),(687,579,20,'VAA60436','0000-00-00','0000-00-00 00:00:00',NULL,NULL,'Exemple de séquence pédagogique.',0),(688,130,20,'VAA60498','2013-03-29','0000-00-00 00:00:00',NULL,NULL,'Exemple de séquence pédagogique.',0),(689,518,20,'VAA60404','2013-03-29','0000-00-00 00:00:00',NULL,NULL,'Exemple de séquence pédagogique.',0),(690,627,20,'VAA60441','2013-04-29','0000-00-00 00:00:00',NULL,NULL,'Exemple de séquence pédagogique.',0),(691,421,20,'VAA60474','2013-04-29','0000-00-00 00:00:00',NULL,NULL,'Exemple de séquence pédagogique.',0),(692,676,20,'VAA60441','2013-05-29','0000-00-00 00:00:00',NULL,NULL,'Exemple de séquence pédagogique.',0),(693,208,20,'VAA60407','2013-05-29','0000-00-00 00:00:00',NULL,NULL,'Exemple de séquence pédagogique.',0),(694,653,20,'VAA60462','2013-06-29','0000-00-00 00:00:00',NULL,NULL,'Exemple de séquence pédagogique.',0),(695,295,20,'VAA60407','2013-06-29','0000-00-00 00:00:00',NULL,NULL,'Exemple de séquence pédagogique.',0),(696,327,20,'VAA60474','2013-06-29','0000-00-00 00:00:00',NULL,NULL,'Exemple de séquence pédagogique.',0),(697,253,20,'VAA60490','2013-07-29','0000-00-00 00:00:00',NULL,NULL,'Exemple de séquence pédagogique.',0),(698,32,20,'VAA60412','2013-07-29','0000-00-00 00:00:00',NULL,NULL,'Exemple de séquence pédagogique.',0),(699,440,20,'VAA60474','2013-07-29','0000-00-00 00:00:00',NULL,NULL,'Exemple de séquence pédagogique.',0),(700,200,20,'VAA60415','2013-08-29','0000-00-00 00:00:00',NULL,NULL,'Exemple de séquence pédagogique.',0),(701,186,20,'VAA60429','2013-08-29','0000-00-00 00:00:00',NULL,NULL,'Exemple de séquence pédagogique.',0),(702,420,20,'VAA60406','2013-08-29','0000-00-00 00:00:00',NULL,NULL,'Exemple de séquence pédagogique.',0),(703,230,20,'VAA60433','2013-09-29','0000-00-00 00:00:00',NULL,NULL,'Exemple de séquence pédagogique.',0),(704,64,20,'VAA60481','2013-09-29','0000-00-00 00:00:00',NULL,NULL,'Exemple de séquence pédagogique.',0),(705,293,20,'VAA60436','2013-10-29','0000-00-00 00:00:00',NULL,NULL,'Exemple de séquence pédagogique.',0),(706,305,20,'VAA60458','2013-10-29','0000-00-00 00:00:00',NULL,NULL,'Exemple de séquence pédagogique.',0),(707,279,20,'VAA60490','2013-10-29','0000-00-00 00:00:00',NULL,NULL,'Exemple de séquence pédagogique.',0),(708,359,20,'VAA60444','2013-11-29','0000-00-00 00:00:00',NULL,NULL,'Exemple de séquence pédagogique.',0),(709,602,20,'VAA60436','2013-11-29','0000-00-00 00:00:00',NULL,NULL,'Exemple de séquence pédagogique.',0),(710,309,20,'VAA60436','2013-12-29','0000-00-00 00:00:00',NULL,NULL,'Exemple de séquence pédagogique.',0),(711,127,20,'VAA60498','2013-12-29','0000-00-00 00:00:00',NULL,NULL,'Exemple de séquence pédagogique.',0),(712,391,20,'VAA60480','2013-12-29','0000-00-00 00:00:00',NULL,NULL,'Exemple de séquence pédagogique.',0),(713,637,20,'VAA60441','2013-12-29','0000-00-00 00:00:00',NULL,NULL,'Exemple de séquence pédagogique.',0),(714,104,21,'VAA60483','2013-01-29','0000-00-00 00:00:00',NULL,NULL,'Exemple de séquence pédagogique.',0),(715,651,21,'VAA60462','2013-01-29','0000-00-00 00:00:00',NULL,NULL,'Exemple de séquence pédagogique.',0),(716,690,21,'VAA60476','2013-01-29','0000-00-00 00:00:00',NULL,NULL,'Exemple de séquence pédagogique.',0),(717,538,21,'VAA60476','2013-01-29','0000-00-00 00:00:00',NULL,NULL,'Exemple de séquence pédagogique.',0),(718,382,21,'VAA60480','0000-00-00','0000-00-00 00:00:00',NULL,NULL,'Exemple de séquence pédagogique.',0),(719,486,21,'VAA60474','0000-00-00','0000-00-00 00:00:00',NULL,NULL,'Exemple de séquence pédagogique.',0),(720,414,21,'VAA60406','2013-03-29','0000-00-00 00:00:00',NULL,NULL,'Exemple de séquence pédagogique.',0),(721,671,21,'VAA60495','2013-03-29','0000-00-00 00:00:00',NULL,NULL,'Exemple de séquence pédagogique.',0),(722,678,21,'VAA60462','2013-03-29','0000-00-00 00:00:00',NULL,NULL,'Exemple de séquence pédagogique.',0),(723,534,21,'VAA60476','2013-03-29','0000-00-00 00:00:00',NULL,NULL,'Exemple de séquence pédagogique.',0),(724,651,21,'VAA60462','2013-04-29','0000-00-00 00:00:00',NULL,NULL,'Exemple de séquence pédagogique.',0),(725,524,21,'VAA60400','2013-04-29','0000-00-00 00:00:00',NULL,NULL,'Exemple de séquence pédagogique.',0),(726,611,21,'VAA60441','2013-04-29','0000-00-00 00:00:00',NULL,NULL,'Exemple de séquence pédagogique.',0),(727,597,21,'VAA60494','2013-05-29','0000-00-00 00:00:00',NULL,NULL,'Exemple de séquence pédagogique.',0),(728,660,21,'VAA60462','2013-05-29','0000-00-00 00:00:00',NULL,NULL,'Exemple de séquence pédagogique.',0),(729,193,21,'VAA60415','2013-05-29','0000-00-00 00:00:00',NULL,NULL,'Exemple de séquence pédagogique.',0),(730,64,21,'VAA60481','2013-05-29','0000-00-00 00:00:00',NULL,NULL,'Exemple de séquence pédagogique.',0),(731,600,21,'VAA60494','2013-06-29','0000-00-00 00:00:00',NULL,NULL,'Exemple de séquence pédagogique.',0),(732,70,21,'VAA60483','2013-06-29','0000-00-00 00:00:00',NULL,NULL,'Exemple de séquence pédagogique.',0),(733,135,21,'VAA60498','2013-06-29','0000-00-00 00:00:00',NULL,NULL,'Exemple de séquence pédagogique.',0),(734,246,21,'VAA60407','2013-06-29','0000-00-00 00:00:00',NULL,NULL,'Exemple de séquence pédagogique.',0),(735,674,21,'VAA60462','2013-07-29','0000-00-00 00:00:00',NULL,NULL,'Exemple de séquence pédagogique.',0),(736,161,21,'VAA60429','2013-07-29','0000-00-00 00:00:00',NULL,NULL,'Exemple de séquence pédagogique.',0),(737,170,21,'VAA60429','2013-07-29','0000-00-00 00:00:00',NULL,NULL,'Exemple de séquence pédagogique.',0),(738,343,21,'VAA60436','2013-08-29','0000-00-00 00:00:00',NULL,NULL,'Exemple de séquence pédagogique.',0),(739,36,21,'VAA60412','2013-08-29','0000-00-00 00:00:00',NULL,NULL,'Exemple de séquence pédagogique.',0),(740,410,21,'VAA60406','2013-09-29','0000-00-00 00:00:00',NULL,NULL,'Exemple de séquence pédagogique.',0),(741,167,21,'VAA60418','2013-09-29','0000-00-00 00:00:00',NULL,NULL,'Exemple de séquence pédagogique.',0),(742,152,21,'VAA60418','2013-10-29','0000-00-00 00:00:00',NULL,NULL,'Exemple de séquence pédagogique.',0),(743,4,21,'VAA60494','2013-10-29','0000-00-00 00:00:00',NULL,NULL,'Exemple de séquence pédagogique.',0),(744,235,21,'VAA60433','2013-10-29','0000-00-00 00:00:00',NULL,NULL,'Exemple de séquence pédagogique.',0),(745,311,21,'VAA60407','2013-11-29','0000-00-00 00:00:00',NULL,NULL,'Exemple de séquence pédagogique.',0),(746,173,21,'VAA60490','2013-11-29','0000-00-00 00:00:00',NULL,NULL,'Exemple de séquence pédagogique.',0),(747,41,21,'VAA60479','2013-12-29','0000-00-00 00:00:00',NULL,NULL,'Exemple de séquence pédagogique.',0),(748,278,21,'VAA60474','2013-12-29','0000-00-00 00:00:00',NULL,NULL,'Exemple de séquence pédagogique.',0),(749,678,22,'VAA60462','2013-01-29','0000-00-00 00:00:00',NULL,NULL,'Exemple de séquence pédagogique.',0),(750,296,22,'VAA60458','2013-01-29','0000-00-00 00:00:00',NULL,NULL,'Exemple de séquence pédagogique.',0),(751,64,22,'VAA60481','2013-01-29','0000-00-00 00:00:00',NULL,NULL,'Exemple de séquence pédagogique.',0),(752,62,22,'VAA60429','2013-01-29','0000-00-00 00:00:00',NULL,NULL,'Exemple de séquence pédagogique.',0),(753,163,22,'VAA60418','0000-00-00','0000-00-00 00:00:00',NULL,NULL,'Exemple de séquence pédagogique.',0),(754,584,22,'VAA60494','0000-00-00','0000-00-00 00:00:00',NULL,NULL,'Exemple de séquence pédagogique.',0),(755,672,22,'VAA60462','0000-00-00','0000-00-00 00:00:00',NULL,NULL,'Exemple de séquence pédagogique.',0),(756,567,22,'VAA60436','0000-00-00','0000-00-00 00:00:00',NULL,NULL,'Exemple de séquence pédagogique.',0),(757,537,22,'VAA60476','2013-03-29','0000-00-00 00:00:00',NULL,NULL,'Exemple de séquence pédagogique.',0),(758,523,22,'VAA60400','2013-03-29','0000-00-00 00:00:00',NULL,NULL,'Exemple de séquence pédagogique.',0),(759,159,22,'VAA60429','2013-03-29','0000-00-00 00:00:00',NULL,NULL,'Exemple de séquence pédagogique.',0),(760,636,22,'VAA60495','2013-04-29','0000-00-00 00:00:00',NULL,NULL,'Exemple de séquence pédagogique.',0),(761,336,22,'VAA60407','2013-04-29','0000-00-00 00:00:00',NULL,NULL,'Exemple de séquence pédagogique.',0),(762,141,22,'VAA60495','2013-05-29','0000-00-00 00:00:00',NULL,NULL,'Exemple de séquence pédagogique.',0),(763,636,22,'VAA60495','2013-05-29','0000-00-00 00:00:00',NULL,NULL,'Exemple de séquence pédagogique.',0),(764,445,22,'VAA60404','2013-06-29','0000-00-00 00:00:00',NULL,NULL,'Exemple de séquence pédagogique.',0),(765,215,22,'VAA60480','2013-06-29','0000-00-00 00:00:00',NULL,NULL,'Exemple de séquence pédagogique.',0),(766,192,22,'VAA60415','2013-06-29','0000-00-00 00:00:00',NULL,NULL,'Exemple de séquence pédagogique.',0),(767,636,22,'VAA60495','2013-07-29','0000-00-00 00:00:00',NULL,NULL,'Exemple de séquence pédagogique.',0),(768,266,22,'VAA60474','2013-07-29','0000-00-00 00:00:00',NULL,NULL,'Exemple de séquence pédagogique.',0),(769,479,22,'VAA60474','2013-07-29','0000-00-00 00:00:00',NULL,NULL,'Exemple de séquence pédagogique.',0),(770,372,22,'VAA60480','2013-07-29','0000-00-00 00:00:00',NULL,NULL,'Exemple de séquence pédagogique.',0),(771,314,22,'VAA60458','2013-08-29','0000-00-00 00:00:00',NULL,NULL,'Exemple de séquence pédagogique.',0),(772,316,22,'VAA60407','2013-08-29','0000-00-00 00:00:00',NULL,NULL,'Exemple de séquence pédagogique.',0),(773,643,22,'VAA60441','2013-08-29','0000-00-00 00:00:00',NULL,NULL,'Exemple de séquence pédagogique.',0),(774,659,22,'VAA60441','2013-08-29','0000-00-00 00:00:00',NULL,NULL,'Exemple de séquence pédagogique.',0),(775,680,22,'VAA60483','2013-09-29','0000-00-00 00:00:00',NULL,NULL,'Exemple de séquence pédagogique.',0),(776,586,22,'VAA60494','2013-09-29','0000-00-00 00:00:00',NULL,NULL,'Exemple de séquence pédagogique.',0),(777,486,22,'VAA60474','2013-10-29','0000-00-00 00:00:00',NULL,NULL,'Exemple de séquence pédagogique.',0),(778,517,22,'VAA60476','2013-10-29','0000-00-00 00:00:00',NULL,NULL,'Exemple de séquence pédagogique.',0),(779,217,22,'VAA60480','2013-10-29','0000-00-00 00:00:00',NULL,NULL,'Exemple de séquence pédagogique.',0),(780,459,22,'VAA60404','2013-11-29','0000-00-00 00:00:00',NULL,NULL,'Exemple de séquence pédagogique.',0),(781,206,22,'VAA60415','2013-11-29','0000-00-00 00:00:00',NULL,NULL,'Exemple de séquence pédagogique.',0),(782,75,22,'VAA60481','2013-11-29','0000-00-00 00:00:00',NULL,NULL,'Exemple de séquence pédagogique.',0),(783,147,22,'VAA60418','2013-11-29','0000-00-00 00:00:00',NULL,NULL,'Exemple de séquence pédagogique.',0),(784,681,22,'VAA60433','2013-12-29','0000-00-00 00:00:00',NULL,NULL,'Exemple de séquence pédagogique.',0),(785,239,22,'VAA60433','2013-12-29','0000-00-00 00:00:00',NULL,NULL,'Exemple de séquence pédagogique.',0),(786,351,22,'VAA60415','2013-12-29','0000-00-00 00:00:00',NULL,NULL,'Exemple de séquence pédagogique.',0),(787,304,23,'VAA60458','2013-01-29','0000-00-00 00:00:00',NULL,NULL,'Exemple de séquence pédagogique.',0),(788,497,23,'VAA60404','2013-01-29','0000-00-00 00:00:00',NULL,NULL,'Exemple de séquence pédagogique.',0),(789,243,23,'VAA60433','2013-01-29','0000-00-00 00:00:00',NULL,NULL,'Exemple de séquence pédagogique.',0),(790,245,23,'VAA60490','0000-00-00','0000-00-00 00:00:00',NULL,NULL,'Exemple de séquence pédagogique.',0),(791,675,23,'VAA60441','0000-00-00','0000-00-00 00:00:00',NULL,NULL,'Exemple de séquence pédagogique.',0),(792,232,23,'VAA60433','0000-00-00','0000-00-00 00:00:00',NULL,NULL,'Exemple de séquence pédagogique.',0),(793,307,23,'VAA60407','0000-00-00','0000-00-00 00:00:00',NULL,NULL,'Exemple de séquence pédagogique.',0),(794,593,23,'VAA60436','2013-03-29','0000-00-00 00:00:00',NULL,NULL,'Exemple de séquence pédagogique.',0),(795,573,23,'VAA60436','2013-03-29','0000-00-00 00:00:00',NULL,NULL,'Exemple de séquence pédagogique.',0),(796,302,23,'VAA60436','2013-03-29','0000-00-00 00:00:00',NULL,NULL,'Exemple de séquence pédagogique.',0),(797,106,23,'VAA60479','2013-04-29','0000-00-00 00:00:00',NULL,NULL,'Exemple de séquence pédagogique.',0),(798,659,23,'VAA60441','2013-04-29','0000-00-00 00:00:00',NULL,NULL,'Exemple de séquence pédagogique.',0),(799,19,23,'VAA60412','2013-04-29','0000-00-00 00:00:00',NULL,NULL,'Exemple de séquence pédagogique.',0),(800,120,23,'VAA60498','2013-04-29','0000-00-00 00:00:00',NULL,NULL,'Exemple de séquence pédagogique.',0),(801,627,23,'VAA60441','2013-05-29','0000-00-00 00:00:00',NULL,NULL,'Exemple de séquence pédagogique.',0),(802,117,23,'VAA60429','2013-05-29','0000-00-00 00:00:00',NULL,NULL,'Exemple de séquence pédagogique.',0),(803,648,23,'VAA60462','2013-05-29','0000-00-00 00:00:00',NULL,NULL,'Exemple de séquence pédagogique.',0),(804,166,23,'VAA60429','2013-06-29','0000-00-00 00:00:00',NULL,NULL,'Exemple de séquence pédagogique.',0),(805,200,23,'VAA60415','2013-06-29','0000-00-00 00:00:00',NULL,NULL,'Exemple de séquence pédagogique.',0),(806,515,23,'VAA60404','2013-07-29','0000-00-00 00:00:00',NULL,NULL,'Exemple de séquence pédagogique.',0),(807,662,23,'VAA60495','2013-07-29','0000-00-00 00:00:00',NULL,NULL,'Exemple de séquence pédagogique.',0),(808,611,23,'VAA60441','2013-07-29','0000-00-00 00:00:00',NULL,NULL,'Exemple de séquence pédagogique.',0),(809,171,23,'VAA60490','2013-08-29','0000-00-00 00:00:00',NULL,NULL,'Exemple de séquence pédagogique.',0),(810,61,23,'VAA60479','2013-08-29','0000-00-00 00:00:00',NULL,NULL,'Exemple de séquence pédagogique.',0),(811,591,23,'VAA60494','2013-09-29','0000-00-00 00:00:00',NULL,NULL,'Exemple de séquence pédagogique.',0),(812,9,23,'VAA60474','2013-09-29','0000-00-00 00:00:00',NULL,NULL,'Exemple de séquence pédagogique.',0),(813,231,23,'VAA60433','2013-09-29','0000-00-00 00:00:00',NULL,NULL,'Exemple de séquence pédagogique.',0),(814,157,23,'VAA60429','2013-09-29','0000-00-00 00:00:00',NULL,NULL,'Exemple de séquence pédagogique.',0),(815,395,23,'VAA60406','2013-10-29','0000-00-00 00:00:00',NULL,NULL,'Exemple de séquence pédagogique.',0),(816,258,23,'VAA60436','2013-10-29','0000-00-00 00:00:00',NULL,NULL,'Exemple de séquence pédagogique.',0),(817,428,23,'VAA60436','2013-10-29','0000-00-00 00:00:00',NULL,NULL,'Exemple de séquence pédagogique.',0),(818,143,23,'VAA60429','2013-10-29','0000-00-00 00:00:00',NULL,NULL,'Exemple de séquence pédagogique.',0),(819,115,23,'VAA60429','2013-11-29','0000-00-00 00:00:00',NULL,NULL,'Exemple de séquence pédagogique.',0),(820,576,23,'VAA60494','2013-11-29','0000-00-00 00:00:00',NULL,NULL,'Exemple de séquence pédagogique.',0),(821,332,23,'VAA60436','2013-11-29','0000-00-00 00:00:00',NULL,NULL,'Exemple de séquence pédagogique.',0),(822,314,23,'VAA60458','2013-12-29','0000-00-00 00:00:00',NULL,NULL,'Exemple de séquence pédagogique.',0),(823,370,23,'VAA60415','2013-12-29','0000-00-00 00:00:00',NULL,NULL,'Exemple de séquence pédagogique.',0),(824,560,24,'VAA60433','2013-01-29','0000-00-00 00:00:00',NULL,NULL,'Exemple de séquence pédagogique.',0),(825,414,24,'VAA60406','2013-01-29','0000-00-00 00:00:00',NULL,NULL,'Exemple de séquence pédagogique.',0),(826,124,24,'VAA60498','2013-01-29','0000-00-00 00:00:00',NULL,NULL,'Exemple de séquence pédagogique.',0),(827,397,24,'VAA60406','2013-01-29','0000-00-00 00:00:00',NULL,NULL,'Exemple de séquence pédagogique.',0),(828,273,24,'VAA60407','0000-00-00','0000-00-00 00:00:00',NULL,NULL,'Exemple de séquence pédagogique.',0),(829,701,24,'VAA60429','0000-00-00','0000-00-00 00:00:00',NULL,NULL,'Exemple de séquence pédagogique.',0),(830,402,24,'VAA60406','0000-00-00','0000-00-00 00:00:00',NULL,NULL,'Exemple de séquence pédagogique.',0),(831,667,24,'VAA60462','0000-00-00','0000-00-00 00:00:00',NULL,NULL,'Exemple de séquence pédagogique.',0),(832,227,24,'VAA60433','2013-03-29','0000-00-00 00:00:00',NULL,NULL,'Exemple de séquence pédagogique.',0),(833,332,24,'VAA60436','2013-03-29','0000-00-00 00:00:00',NULL,NULL,'Exemple de séquence pédagogique.',0),(834,292,24,'VAA60458','2013-04-29','0000-00-00 00:00:00',NULL,NULL,'Exemple de séquence pédagogique.',0),(835,330,24,'VAA60490','2013-04-29','0000-00-00 00:00:00',NULL,NULL,'Exemple de séquence pédagogique.',0),(836,393,24,'VAA60415','2013-04-29','0000-00-00 00:00:00',NULL,NULL,'Exemple de séquence pédagogique.',0),(837,608,24,'VAA60462','2013-05-29','0000-00-00 00:00:00',NULL,NULL,'Exemple de séquence pédagogique.',0),(838,180,24,'VAA60429','2013-05-29','0000-00-00 00:00:00',NULL,NULL,'Exemple de séquence pédagogique.',0),(839,507,24,'VAA60474','2013-05-29','0000-00-00 00:00:00',NULL,NULL,'Exemple de séquence pédagogique.',0),(840,47,24,'VAA60481','2013-06-29','0000-00-00 00:00:00',NULL,NULL,'Exemple de séquence pédagogique.',0),(841,318,24,'VAA60407','2013-06-29','0000-00-00 00:00:00',NULL,NULL,'Exemple de séquence pédagogique.',0),(842,392,24,'VAA60407','2013-07-29','0000-00-00 00:00:00',NULL,NULL,'Exemple de séquence pédagogique.',0),(843,656,24,'VAA60462','2013-07-29','0000-00-00 00:00:00',NULL,NULL,'Exemple de séquence pédagogique.',0),(844,429,24,'VAA60436','2013-07-29','0000-00-00 00:00:00',NULL,NULL,'Exemple de séquence pédagogique.',0),(845,167,24,'VAA60418','2013-08-29','0000-00-00 00:00:00',NULL,NULL,'Exemple de séquence pédagogique.',0),(846,659,24,'VAA60441','2013-08-29','0000-00-00 00:00:00',NULL,NULL,'Exemple de séquence pédagogique.',0),(847,308,24,'VAA60474','2013-08-29','0000-00-00 00:00:00',NULL,NULL,'Exemple de séquence pédagogique.',0),(848,273,24,'VAA60407','2013-09-29','0000-00-00 00:00:00',NULL,NULL,'Exemple de séquence pédagogique.',0),(849,693,24,'VAA60481','2013-09-29','0000-00-00 00:00:00',NULL,NULL,'Exemple de séquence pédagogique.',0),(850,16,24,'VAA60412','2013-09-29','0000-00-00 00:00:00',NULL,NULL,'Exemple de séquence pédagogique.',0),(851,687,24,'VAA60418','2013-10-29','0000-00-00 00:00:00',NULL,NULL,'Exemple de séquence pédagogique.',0),(852,221,24,'VAA60433','2013-10-29','0000-00-00 00:00:00',NULL,NULL,'Exemple de séquence pédagogique.',0),(853,566,24,'VAA60436','2013-10-29','0000-00-00 00:00:00',NULL,NULL,'Exemple de séquence pédagogique.',0),(854,251,24,'VAA60458','2013-10-29','0000-00-00 00:00:00',NULL,NULL,'Exemple de séquence pédagogique.',0),(855,515,24,'VAA60404','2013-11-29','0000-00-00 00:00:00',NULL,NULL,'Exemple de séquence pédagogique.',0),(856,125,24,'VAA60498','2013-11-29','0000-00-00 00:00:00',NULL,NULL,'Exemple de séquence pédagogique.',0),(857,129,24,'VAA60498','2013-11-29','0000-00-00 00:00:00',NULL,NULL,'Exemple de séquence pédagogique.',0),(858,77,24,'VAA60483','2013-12-29','0000-00-00 00:00:00',NULL,NULL,'Exemple de séquence pédagogique.',0),(859,332,24,'VAA60436','2013-12-29','0000-00-00 00:00:00',NULL,NULL,'Exemple de séquence pédagogique.',0),(860,281,24,'VAA60490','2013-12-29','0000-00-00 00:00:00',NULL,NULL,'Exemple de séquence pédagogique.',0),(861,417,24,'VAA60406','2013-12-29','0000-00-00 00:00:00',NULL,NULL,'Exemple de séquence pédagogique.',0),(862,590,25,'VAA60436','2013-01-29','0000-00-00 00:00:00',NULL,NULL,'Exemple de séquence pédagogique.',0),(863,235,25,'VAA60433','2013-01-29','0000-00-00 00:00:00',NULL,NULL,'Exemple de séquence pédagogique.',0),(864,560,25,'VAA60433','0000-00-00','0000-00-00 00:00:00',NULL,NULL,'Exemple de séquence pédagogique.',0),(865,493,25,'VAA60404','0000-00-00','0000-00-00 00:00:00',NULL,NULL,'Exemple de séquence pédagogique.',0),(866,400,25,'VAA60406','2013-03-29','0000-00-00 00:00:00',NULL,NULL,'Exemple de séquence pédagogique.',0),(867,202,25,'VAA60480','2013-03-29','0000-00-00 00:00:00',NULL,NULL,'Exemple de séquence pédagogique.',0),(868,592,25,'VAA60436','2013-03-29','0000-00-00 00:00:00',NULL,NULL,'Exemple de séquence pédagogique.',0),(869,586,25,'VAA60494','2013-04-29','0000-00-00 00:00:00',NULL,NULL,'Exemple de séquence pédagogique.',0),(870,622,25,'VAA60495','2013-04-29','0000-00-00 00:00:00',NULL,NULL,'Exemple de séquence pédagogique.',0),(871,62,25,'VAA60429','2013-05-29','0000-00-00 00:00:00',NULL,NULL,'Exemple de séquence pédagogique.',0),(872,51,25,'VAA60481','2013-05-29','0000-00-00 00:00:00',NULL,NULL,'Exemple de séquence pédagogique.',0),(873,330,25,'VAA60490','2013-06-29','0000-00-00 00:00:00',NULL,NULL,'Exemple de séquence pédagogique.',0),(874,538,25,'VAA60476','2013-06-29','0000-00-00 00:00:00',NULL,NULL,'Exemple de séquence pédagogique.',0),(875,495,25,'VAA60404','2013-06-29','0000-00-00 00:00:00',NULL,NULL,'Exemple de séquence pédagogique.',0),(876,229,25,'VAA60433','2013-07-29','0000-00-00 00:00:00',NULL,NULL,'Exemple de séquence pédagogique.',0),(877,162,25,'VAA60418','2013-07-29','0000-00-00 00:00:00',NULL,NULL,'Exemple de séquence pédagogique.',0),(878,662,25,'VAA60495','2013-07-29','0000-00-00 00:00:00',NULL,NULL,'Exemple de séquence pédagogique.',0),(879,486,25,'VAA60474','2013-07-29','0000-00-00 00:00:00',NULL,NULL,'Exemple de séquence pédagogique.',0),(880,243,25,'VAA60433','2013-08-29','0000-00-00 00:00:00',NULL,NULL,'Exemple de séquence pédagogique.',0),(881,227,25,'VAA60433','2013-08-29','0000-00-00 00:00:00',NULL,NULL,'Exemple de séquence pédagogique.',0),(882,634,25,'VAA60462','2013-08-29','0000-00-00 00:00:00',NULL,NULL,'Exemple de séquence pédagogique.',0),(883,123,25,'VAA60498','2013-09-29','0000-00-00 00:00:00',NULL,NULL,'Exemple de séquence pédagogique.',0),(884,115,25,'VAA60429','2013-09-29','0000-00-00 00:00:00',NULL,NULL,'Exemple de séquence pédagogique.',0),(885,221,25,'VAA60433','2013-10-29','0000-00-00 00:00:00',NULL,NULL,'Exemple de séquence pédagogique.',0),(886,411,25,'VAA60406','2013-10-29','0000-00-00 00:00:00',NULL,NULL,'Exemple de séquence pédagogique.',0),(887,607,25,'VAA60494','2013-10-29','0000-00-00 00:00:00',NULL,NULL,'Exemple de séquence pédagogique.',0),(888,415,25,'VAA60406','2013-11-29','0000-00-00 00:00:00',NULL,NULL,'Exemple de séquence pédagogique.',0),(889,357,25,'VAA60444','2013-11-29','0000-00-00 00:00:00',NULL,NULL,'Exemple de séquence pédagogique.',0),(890,538,25,'VAA60476','2013-11-29','0000-00-00 00:00:00',NULL,NULL,'Exemple de séquence pédagogique.',0),(891,389,25,'VAA60415','2013-12-29','0000-00-00 00:00:00',NULL,NULL,'Exemple de séquence pédagogique.',0),(892,253,25,'VAA60490','2013-12-29','0000-00-00 00:00:00',NULL,NULL,'Exemple de séquence pédagogique.',0),(893,519,26,'VAA60476','2013-01-29','0000-00-00 00:00:00',NULL,NULL,'Exemple de séquence pédagogique.',0),(894,179,26,'VAA60418','2013-01-29','0000-00-00 00:00:00',NULL,NULL,'Exemple de séquence pédagogique.',0),(895,403,26,'VAA60406','2013-01-29','0000-00-00 00:00:00',NULL,NULL,'Exemple de séquence pédagogique.',0),(896,253,26,'VAA60490','2013-01-29','0000-00-00 00:00:00',NULL,NULL,'Exemple de séquence pédagogique.',0),(897,129,26,'VAA60498','0000-00-00','0000-00-00 00:00:00',NULL,NULL,'Exemple de séquence pédagogique.',0),(898,576,26,'VAA60494','0000-00-00','0000-00-00 00:00:00',NULL,NULL,'Exemple de séquence pédagogique.',0),(899,566,26,'VAA60436','0000-00-00','0000-00-00 00:00:00',NULL,NULL,'Exemple de séquence pédagogique.',0),(900,179,26,'VAA60418','2013-03-29','0000-00-00 00:00:00',NULL,NULL,'Exemple de séquence pédagogique.',0),(901,567,26,'VAA60436','2013-03-29','0000-00-00 00:00:00',NULL,NULL,'Exemple de séquence pédagogique.',0),(902,498,26,'VAA60414','2013-04-29','0000-00-00 00:00:00',NULL,NULL,'Exemple de séquence pédagogique.',0),(903,587,26,'VAA60494','2013-04-29','0000-00-00 00:00:00',NULL,NULL,'Exemple de séquence pédagogique.',0),(904,643,26,'VAA60441','2013-04-29','0000-00-00 00:00:00',NULL,NULL,'Exemple de séquence pédagogique.',0),(905,673,26,'VAA60441','2013-05-29','0000-00-00 00:00:00',NULL,NULL,'Exemple de séquence pédagogique.',0),(906,75,26,'VAA60481','2013-05-29','0000-00-00 00:00:00',NULL,NULL,'Exemple de séquence pédagogique.',0),(907,87,26,'VAA60479','2013-05-29','0000-00-00 00:00:00',NULL,NULL,'Exemple de séquence pédagogique.',0),(908,588,26,'VAA60494','2013-06-29','0000-00-00 00:00:00',NULL,NULL,'Exemple de séquence pédagogique.',0),(909,200,26,'VAA60415','2013-06-29','0000-00-00 00:00:00',NULL,NULL,'Exemple de séquence pédagogique.',0),(910,456,26,'VAA60404','2013-06-29','0000-00-00 00:00:00',NULL,NULL,'Exemple de séquence pédagogique.',0),(911,256,26,'VAA60436','2013-06-29','0000-00-00 00:00:00',NULL,NULL,'Exemple de séquence pédagogique.',0),(912,449,26,'VAA60404','2013-07-29','0000-00-00 00:00:00',NULL,NULL,'Exemple de séquence pédagogique.',0),(913,3,26,'VAA60494','2013-07-29','0000-00-00 00:00:00',NULL,NULL,'Exemple de séquence pédagogique.',0),(914,399,26,'VAA60406','2013-08-29','0000-00-00 00:00:00',NULL,NULL,'Exemple de séquence pédagogique.',0),(915,680,26,'VAA60483','2013-08-29','0000-00-00 00:00:00',NULL,NULL,'Exemple de séquence pédagogique.',0),(916,412,26,'VAA60406','2013-08-29','0000-00-00 00:00:00',NULL,NULL,'Exemple de séquence pédagogique.',0),(917,148,26,'VAA60429','2013-09-29','0000-00-00 00:00:00',NULL,NULL,'Exemple de séquence pédagogique.',0),(918,46,26,'VAA60483','2013-09-29','0000-00-00 00:00:00',NULL,NULL,'Exemple de séquence pédagogique.',0),(919,153,26,'VAA60476','2013-10-29','0000-00-00 00:00:00',NULL,NULL,'Exemple de séquence pédagogique.',0),(920,376,26,'VAA60415','2013-10-29','0000-00-00 00:00:00',NULL,NULL,'Exemple de séquence pédagogique.',0),(921,498,26,'VAA60414','2013-10-29','0000-00-00 00:00:00',NULL,NULL,'Exemple de séquence pédagogique.',0),(922,183,26,'VAA60418','2013-11-29','0000-00-00 00:00:00',NULL,NULL,'Exemple de séquence pédagogique.',0),(923,316,26,'VAA60407','2013-11-29','0000-00-00 00:00:00',NULL,NULL,'Exemple de séquence pédagogique.',0),(924,214,26,'VAA60407','2013-11-29','0000-00-00 00:00:00',NULL,NULL,'Exemple de séquence pédagogique.',0),(925,216,26,'VAA60415','2013-11-29','0000-00-00 00:00:00',NULL,NULL,'Exemple de séquence pédagogique.',0),(926,560,26,'VAA60433','2013-12-29','0000-00-00 00:00:00',NULL,NULL,'Exemple de séquence pédagogique.',0),(927,358,26,'VAA60480','2013-12-29','0000-00-00 00:00:00',NULL,NULL,'Exemple de séquence pédagogique.',0),(928,324,27,'VAA60407','2013-01-29','0000-00-00 00:00:00',NULL,NULL,'Exemple de séquence pédagogique.',0),(929,505,27,'VAA60474','2013-01-29','0000-00-00 00:00:00',NULL,NULL,'Exemple de séquence pédagogique.',0),(930,316,27,'VAA60407','2013-01-29','0000-00-00 00:00:00',NULL,NULL,'Exemple de séquence pédagogique.',0),(931,693,27,'VAA60481','2013-01-29','0000-00-00 00:00:00',NULL,NULL,'Exemple de séquence pédagogique.',0),(932,639,27,'VAA60441','0000-00-00','0000-00-00 00:00:00',NULL,NULL,'Exemple de séquence pédagogique.',0),(933,371,27,'VAA60415','0000-00-00','0000-00-00 00:00:00',NULL,NULL,'Exemple de séquence pédagogique.',0),(934,517,27,'VAA60476','2013-03-29','0000-00-00 00:00:00',NULL,NULL,'Exemple de séquence pédagogique.',0),(935,586,27,'VAA60494','2013-03-29','0000-00-00 00:00:00',NULL,NULL,'Exemple de séquence pédagogique.',0),(936,543,27,'VAA60400','2013-03-29','0000-00-00 00:00:00',NULL,NULL,'Exemple de séquence pédagogique.',0),(937,316,27,'VAA60407','2013-04-29','0000-00-00 00:00:00',NULL,NULL,'Exemple de séquence pédagogique.',0),(938,125,27,'VAA60498','2013-04-29','0000-00-00 00:00:00',NULL,NULL,'Exemple de séquence pédagogique.',0),(939,350,27,'VAA60415','2013-04-29','0000-00-00 00:00:00',NULL,NULL,'Exemple de séquence pédagogique.',0),(940,72,27,'VAA60481','2013-04-29','0000-00-00 00:00:00',NULL,NULL,'Exemple de séquence pédagogique.',0),(941,201,27,'VAA60415','2013-05-29','0000-00-00 00:00:00',NULL,NULL,'Exemple de séquence pédagogique.',0),(942,15,27,'VAA60412','2013-05-29','0000-00-00 00:00:00',NULL,NULL,'Exemple de séquence pédagogique.',0),(943,165,27,'VAA60418','2013-05-29','0000-00-00 00:00:00',NULL,NULL,'Exemple de séquence pédagogique.',0),(944,103,27,'VAA60481','2013-06-29','0000-00-00 00:00:00',NULL,NULL,'Exemple de séquence pédagogique.',0),(945,403,27,'VAA60406','2013-06-29','0000-00-00 00:00:00',NULL,NULL,'Exemple de séquence pédagogique.',0),(946,140,27,'VAA60495','2013-06-29','0000-00-00 00:00:00',NULL,NULL,'Exemple de séquence pédagogique.',0),(947,677,27,'VAA60441','2013-06-29','0000-00-00 00:00:00',NULL,NULL,'Exemple de séquence pédagogique.',0),(948,315,27,'VAA60458','2013-07-29','0000-00-00 00:00:00',NULL,NULL,'Exemple de séquence pédagogique.',0),(949,599,27,'VAA60494','2013-07-29','0000-00-00 00:00:00',NULL,NULL,'Exemple de séquence pédagogique.',0),(950,428,27,'VAA60436','2013-08-29','0000-00-00 00:00:00',NULL,NULL,'Exemple de séquence pédagogique.',0),(951,86,27,'VAA60479','2013-08-29','0000-00-00 00:00:00',NULL,NULL,'Exemple de séquence pédagogique.',0),(952,344,27,'VAA60415','2013-09-29','0000-00-00 00:00:00',NULL,NULL,'Exemple de séquence pédagogique.',0),(953,459,27,'VAA60404','2013-09-29','0000-00-00 00:00:00',NULL,NULL,'Exemple de séquence pédagogique.',0),(954,243,27,'VAA60433','2013-09-29','0000-00-00 00:00:00',NULL,NULL,'Exemple de séquence pédagogique.',0),(955,156,27,'VAA60476','2013-10-29','0000-00-00 00:00:00',NULL,NULL,'Exemple de séquence pédagogique.',0),(956,533,27,'VAA60476','2013-10-29','0000-00-00 00:00:00',NULL,NULL,'Exemple de séquence pédagogique.',0),(957,505,27,'VAA60474','2013-10-29','0000-00-00 00:00:00',NULL,NULL,'Exemple de séquence pédagogique.',0),(958,155,27,'VAA60418','2013-11-29','0000-00-00 00:00:00',NULL,NULL,'Exemple de séquence pédagogique.',0),(959,152,27,'VAA60418','2013-11-29','0000-00-00 00:00:00',NULL,NULL,'Exemple de séquence pédagogique.',0),(960,166,27,'VAA60429','2013-11-29','0000-00-00 00:00:00',NULL,NULL,'Exemple de séquence pédagogique.',0),(961,533,27,'VAA60476','2013-11-29','0000-00-00 00:00:00',NULL,NULL,'Exemple de séquence pédagogique.',0),(962,260,27,'VAA60407','2013-12-29','0000-00-00 00:00:00',NULL,NULL,'Exemple de séquence pédagogique.',0),(963,462,27,'VAA60476','2013-12-29','0000-00-00 00:00:00',NULL,NULL,'Exemple de séquence pédagogique.',0),(964,11,27,'VAA60474','2013-12-29','0000-00-00 00:00:00',NULL,NULL,'Exemple de séquence pédagogique.',0),(965,504,27,'VAA60414','2013-12-29','0000-00-00 00:00:00',NULL,NULL,'Exemple de séquence pédagogique.',0),(966,213,28,'VAA60407','2013-01-29','0000-00-00 00:00:00',NULL,NULL,'Exemple de séquence pédagogique.',0),(967,674,28,'VAA60462','2013-01-29','0000-00-00 00:00:00',NULL,NULL,'Exemple de séquence pédagogique.',0),(968,279,28,'VAA60490','2013-01-29','0000-00-00 00:00:00',NULL,NULL,'Exemple de séquence pédagogique.',0),(969,659,28,'VAA60441','0000-00-00','0000-00-00 00:00:00',NULL,NULL,'Exemple de séquence pédagogique.',0),(970,642,28,'VAA60462','0000-00-00','0000-00-00 00:00:00',NULL,NULL,'Exemple de séquence pédagogique.',0),(971,310,28,'VAA60458','0000-00-00','0000-00-00 00:00:00',NULL,NULL,'Exemple de séquence pédagogique.',0),(972,71,28,'VAA60479','2013-03-29','0000-00-00 00:00:00',NULL,NULL,'Exemple de séquence pédagogique.',0),(973,139,28,'VAA60495','2013-03-29','0000-00-00 00:00:00',NULL,NULL,'Exemple de séquence pédagogique.',0),(974,334,28,'VAA60407','2013-03-29','0000-00-00 00:00:00',NULL,NULL,'Exemple de séquence pédagogique.',0),(975,685,28,'VAA60495','2013-03-29','0000-00-00 00:00:00',NULL,NULL,'Exemple de séquence pédagogique.',0),(976,524,28,'VAA60400','2013-04-29','0000-00-00 00:00:00',NULL,NULL,'Exemple de séquence pédagogique.',0),(977,207,28,'VAA60444','2013-04-29','0000-00-00 00:00:00',NULL,NULL,'Exemple de séquence pédagogique.',0),(978,472,28,'VAA60476','2013-04-29','0000-00-00 00:00:00',NULL,NULL,'Exemple de séquence pédagogique.',0),(979,458,28,'VAA60414','2013-05-29','0000-00-00 00:00:00',NULL,NULL,'Exemple de séquence pédagogique.',0),(980,538,28,'VAA60476','2013-05-29','0000-00-00 00:00:00',NULL,NULL,'Exemple de séquence pédagogique.',0),(981,598,28,'VAA60494','2013-06-29','0000-00-00 00:00:00',NULL,NULL,'Exemple de séquence pédagogique.',0),(982,179,28,'VAA60418','2013-06-29','0000-00-00 00:00:00',NULL,NULL,'Exemple de séquence pédagogique.',0),(983,256,28,'VAA60436','2013-06-29','0000-00-00 00:00:00',NULL,NULL,'Exemple de séquence pédagogique.',0),(984,320,28,'VAA60474','2013-07-29','0000-00-00 00:00:00',NULL,NULL,'Exemple de séquence pédagogique.',0),(985,340,28,'VAA60458','2013-07-29','0000-00-00 00:00:00',NULL,NULL,'Exemple de séquence pédagogique.',0),(986,229,28,'VAA60433','2013-08-29','0000-00-00 00:00:00',NULL,NULL,'Exemple de séquence pédagogique.',0),(987,59,28,'VAA60429','2013-08-29','0000-00-00 00:00:00',NULL,NULL,'Exemple de séquence pédagogique.',0),(988,619,28,'VAA60441','2013-09-29','0000-00-00 00:00:00',NULL,NULL,'Exemple de séquence pédagogique.',0),(989,557,28,'VAA60433','2013-09-29','0000-00-00 00:00:00',NULL,NULL,'Exemple de séquence pédagogique.',0),(990,283,28,'VAA60407','2013-09-29','0000-00-00 00:00:00',NULL,NULL,'Exemple de séquence pédagogique.',0),(991,427,28,'VAA60436','2013-10-29','0000-00-00 00:00:00',NULL,NULL,'Exemple de séquence pédagogique.',0),(992,388,28,'VAA60407','2013-10-29','0000-00-00 00:00:00',NULL,NULL,'Exemple de séquence pédagogique.',0),(993,302,28,'VAA60436','2013-10-29','0000-00-00 00:00:00',NULL,NULL,'Exemple de séquence pédagogique.',0),(994,131,28,'VAA60498','2013-11-29','0000-00-00 00:00:00',NULL,NULL,'Exemple de séquence pédagogique.',0),(995,380,28,'VAA60480','2013-11-29','0000-00-00 00:00:00',NULL,NULL,'Exemple de séquence pédagogique.',0),(996,654,28,'VAA60441','2013-11-29','0000-00-00 00:00:00',NULL,NULL,'Exemple de séquence pédagogique.',0),(997,391,28,'VAA60480','2013-11-29','0000-00-00 00:00:00',NULL,NULL,'Exemple de séquence pédagogique.',0),(998,367,28,'VAA60480','2013-12-29','0000-00-00 00:00:00',NULL,NULL,'Exemple de séquence pédagogique.',0),(999,386,28,'VAA60480','2013-12-29','0000-00-00 00:00:00',NULL,NULL,'Exemple de séquence pédagogique.',0),(1000,665,28,'VAA60441','2013-12-29','0000-00-00 00:00:00',NULL,NULL,'Exemple de séquence pédagogique.',0),(1001,26,29,'VAA60412','2013-01-29','0000-00-00 00:00:00',NULL,NULL,'Exemple de séquence pédagogique.',0),(1002,606,29,'VAA60436','2013-01-29','0000-00-00 00:00:00',NULL,NULL,'Exemple de séquence pédagogique.',0),(1003,590,29,'VAA60436','2013-01-29','0000-00-00 00:00:00',NULL,NULL,'Exemple de séquence pédagogique.',0),(1004,611,29,'VAA60441','0000-00-00','0000-00-00 00:00:00',NULL,NULL,'Exemple de séquence pédagogique.',0),(1005,269,29,'VAA60474','0000-00-00','0000-00-00 00:00:00',NULL,NULL,'Exemple de séquence pédagogique.',0),(1006,675,29,'VAA60441','0000-00-00','0000-00-00 00:00:00',NULL,NULL,'Exemple de séquence pédagogique.',0),(1007,688,29,'VAA60400','0000-00-00','0000-00-00 00:00:00',NULL,NULL,'Exemple de séquence pédagogique.',0),(1008,691,29,'VAA60494','2013-03-29','0000-00-00 00:00:00',NULL,NULL,'Exemple de séquence pédagogique.',0),(1009,322,29,'VAA60458','2013-03-29','0000-00-00 00:00:00',NULL,NULL,'Exemple de séquence pédagogique.',0),(1010,360,29,'VAA60480','2013-03-29','0000-00-00 00:00:00',NULL,NULL,'Exemple de séquence pédagogique.',0),(1011,334,29,'VAA60407','2013-03-29','0000-00-00 00:00:00',NULL,NULL,'Exemple de séquence pédagogique.',0),(1012,415,29,'VAA60406','2013-04-29','0000-00-00 00:00:00',NULL,NULL,'Exemple de séquence pédagogique.',0),(1013,644,29,'VAA60495','2013-04-29','0000-00-00 00:00:00',NULL,NULL,'Exemple de séquence pédagogique.',0),(1014,254,29,'VAA60474','2013-04-29','0000-00-00 00:00:00',NULL,NULL,'Exemple de séquence pédagogique.',0),(1015,458,29,'VAA60414','2013-04-29','0000-00-00 00:00:00',NULL,NULL,'Exemple de séquence pédagogique.',0),(1016,610,29,'VAA60462','2013-05-29','0000-00-00 00:00:00',NULL,NULL,'Exemple de séquence pédagogique.',0),(1017,104,29,'VAA60483','2013-05-29','0000-00-00 00:00:00',NULL,NULL,'Exemple de séquence pédagogique.',0),(1018,335,29,'VAA60436','2013-06-29','0000-00-00 00:00:00',NULL,NULL,'Exemple de séquence pédagogique.',0),(1019,643,29,'VAA60441','2013-06-29','0000-00-00 00:00:00',NULL,NULL,'Exemple de séquence pédagogique.',0),(1020,285,29,'VAA60491','2013-07-29','0000-00-00 00:00:00',NULL,NULL,'Exemple de séquence pédagogique.',0),(1021,131,29,'VAA60498','2013-07-29','0000-00-00 00:00:00',NULL,NULL,'Exemple de séquence pédagogique.',0),(1022,610,29,'VAA60462','2013-07-29','0000-00-00 00:00:00',NULL,NULL,'Exemple de séquence pédagogique.',0),(1023,299,29,'VAA60491','2013-07-29','0000-00-00 00:00:00',NULL,NULL,'Exemple de séquence pédagogique.',0),(1024,294,29,'VAA60458','2013-08-29','0000-00-00 00:00:00',NULL,NULL,'Exemple de séquence pédagogique.',0),(1025,105,29,'VAA60481','2013-08-29','0000-00-00 00:00:00',NULL,NULL,'Exemple de séquence pédagogique.',0),(1026,89,29,'VAA60429','2013-09-29','0000-00-00 00:00:00',NULL,NULL,'Exemple de séquence pédagogique.',0),(1027,174,29,'VAA60476','2013-09-29','0000-00-00 00:00:00',NULL,NULL,'Exemple de séquence pédagogique.',0),(1028,249,29,'VAA60407','2013-09-29','0000-00-00 00:00:00',NULL,NULL,'Exemple de séquence pédagogique.',0),(1029,106,29,'VAA60479','2013-09-29','0000-00-00 00:00:00',NULL,NULL,'Exemple de séquence pédagogique.',0),(1030,305,29,'VAA60458','2013-10-29','0000-00-00 00:00:00',NULL,NULL,'Exemple de séquence pédagogique.',0),(1031,185,29,'VAA60490','2013-10-29','0000-00-00 00:00:00',NULL,NULL,'Exemple de séquence pédagogique.',0),(1032,418,29,'VAA60406','2013-11-29','0000-00-00 00:00:00',NULL,NULL,'Exemple de séquence pédagogique.',0),(1033,353,29,'VAA60415','2013-11-29','0000-00-00 00:00:00',NULL,NULL,'Exemple de séquence pédagogique.',0),(1034,94,29,'VAA60483','2013-11-29','0000-00-00 00:00:00',NULL,NULL,'Exemple de séquence pédagogique.',0),(1035,691,29,'VAA60494','2013-11-29','0000-00-00 00:00:00',NULL,NULL,'Exemple de séquence pédagogique.',0),(1036,153,29,'VAA60476','2013-12-29','0000-00-00 00:00:00',NULL,NULL,'Exemple de séquence pédagogique.',0),(1037,672,29,'VAA60462','2013-12-29','0000-00-00 00:00:00',NULL,NULL,'Exemple de séquence pédagogique.',0),(1038,385,30,'VAA60480','2013-01-29','0000-00-00 00:00:00',NULL,NULL,'Exemple de séquence pédagogique.',0),(1039,508,30,'VAA60414','2013-01-29','0000-00-00 00:00:00',NULL,NULL,'Exemple de séquence pédagogique.',0),(1040,256,30,'VAA60436','2013-01-29','0000-00-00 00:00:00',NULL,NULL,'Exemple de séquence pédagogique.',0),(1041,468,30,'VAA60404','2013-01-29','0000-00-00 00:00:00',NULL,NULL,'Exemple de séquence pédagogique.',0),(1042,226,30,'VAA60433','0000-00-00','0000-00-00 00:00:00',NULL,NULL,'Exemple de séquence pédagogique.',0),(1043,109,30,'VAA60481','0000-00-00','0000-00-00 00:00:00',NULL,NULL,'Exemple de séquence pédagogique.',0),(1044,581,30,'VAA60436','0000-00-00','0000-00-00 00:00:00',NULL,NULL,'Exemple de séquence pédagogique.',0),(1045,278,30,'VAA60474','0000-00-00','0000-00-00 00:00:00',NULL,NULL,'Exemple de séquence pédagogique.',0),(1046,354,30,'VAA60407','2013-03-29','0000-00-00 00:00:00',NULL,NULL,'Exemple de séquence pédagogique.',0),(1047,485,30,'VAA60414','2013-03-29','0000-00-00 00:00:00',NULL,NULL,'Exemple de séquence pédagogique.',0),(1048,308,30,'VAA60474','2013-04-29','0000-00-00 00:00:00',NULL,NULL,'Exemple de séquence pédagogique.',0),(1049,422,30,'VAA60436','2013-04-29','0000-00-00 00:00:00',NULL,NULL,'Exemple de séquence pédagogique.',0),(1050,283,30,'VAA60407','2013-05-29','0000-00-00 00:00:00',NULL,NULL,'Exemple de séquence pédagogique.',0),(1051,174,30,'VAA60476','2013-05-29','0000-00-00 00:00:00',NULL,NULL,'Exemple de séquence pédagogique.',0),(1052,556,30,'VAA60494','2013-05-29','0000-00-00 00:00:00',NULL,NULL,'Exemple de séquence pédagogique.',0),(1053,26,30,'VAA60412','2013-06-29','0000-00-00 00:00:00',NULL,NULL,'Exemple de séquence pédagogique.',0),(1054,377,30,'VAA60480','2013-06-29','0000-00-00 00:00:00',NULL,NULL,'Exemple de séquence pédagogique.',0),(1055,304,30,'VAA60458','2013-06-29','0000-00-00 00:00:00',NULL,NULL,'Exemple de séquence pédagogique.',0),(1056,540,30,'VAA60476','2013-07-29','0000-00-00 00:00:00',NULL,NULL,'Exemple de séquence pédagogique.',0),(1057,180,30,'VAA60429','2013-07-29','0000-00-00 00:00:00',NULL,NULL,'Exemple de séquence pédagogique.',0),(1058,537,30,'VAA60476','2013-08-29','0000-00-00 00:00:00',NULL,NULL,'Exemple de séquence pédagogique.',0),(1059,409,30,'VAA60406','2013-08-29','0000-00-00 00:00:00',NULL,NULL,'Exemple de séquence pédagogique.',0),(1060,377,30,'VAA60480','2013-09-29','0000-00-00 00:00:00',NULL,NULL,'Exemple de séquence pédagogique.',0),(1061,620,30,'VAA60462','2013-09-29','0000-00-00 00:00:00',NULL,NULL,'Exemple de séquence pédagogique.',0),(1062,685,30,'VAA60495','2013-09-29','0000-00-00 00:00:00',NULL,NULL,'Exemple de séquence pédagogique.',0),(1063,553,30,'VAA60433','2013-10-29','0000-00-00 00:00:00',NULL,NULL,'Exemple de séquence pédagogique.',0),(1064,393,30,'VAA60415','2013-10-29','0000-00-00 00:00:00',NULL,NULL,'Exemple de séquence pédagogique.',0),(1065,683,30,'VAA60412','2013-10-29','0000-00-00 00:00:00',NULL,NULL,'Exemple de séquence pédagogique.',0),(1066,685,30,'VAA60495','2013-11-29','0000-00-00 00:00:00',NULL,NULL,'Exemple de séquence pédagogique.',0),(1067,109,30,'VAA60481','2013-11-29','0000-00-00 00:00:00',NULL,NULL,'Exemple de séquence pédagogique.',0),(1068,558,30,'VAA60441','2013-11-29','0000-00-00 00:00:00',NULL,NULL,'Exemple de séquence pédagogique.',0),(1069,585,30,'VAA60494','2013-11-29','0000-00-00 00:00:00',NULL,NULL,'Exemple de séquence pédagogique.',0),(1070,194,30,'VAA60480','2013-12-29','0000-00-00 00:00:00',NULL,NULL,'Exemple de séquence pédagogique.',0),(1071,71,30,'VAA60479','2013-12-29','0000-00-00 00:00:00',NULL,NULL,'Exemple de séquence pédagogique.',0),(1072,637,30,'VAA60441','2013-12-29','0000-00-00 00:00:00',NULL,NULL,'Exemple de séquence pédagogique.',0),(1073,65,30,'VAA60429','2013-12-29','0000-00-00 00:00:00',NULL,NULL,'Exemple de séquence pédagogique.',0),(1074,35,31,'VAA60412','2013-01-29','0000-00-00 00:00:00',NULL,NULL,'Exemple de séquence pédagogique.',0),(1075,326,31,'VAA60474','2013-01-29','0000-00-00 00:00:00',NULL,NULL,'Exemple de séquence pédagogique.',0),(1076,190,31,'VAA60490','0000-00-00','0000-00-00 00:00:00',NULL,NULL,'Exemple de séquence pédagogique.',0),(1077,64,31,'VAA60481','0000-00-00','0000-00-00 00:00:00',NULL,NULL,'Exemple de séquence pédagogique.',0),(1078,367,31,'VAA60480','0000-00-00','0000-00-00 00:00:00',NULL,NULL,'Exemple de séquence pédagogique.',0),(1079,411,31,'VAA60406','0000-00-00','0000-00-00 00:00:00',NULL,NULL,'Exemple de séquence pédagogique.',0),(1080,74,31,'VAA60481','2013-03-29','0000-00-00 00:00:00',NULL,NULL,'Exemple de séquence pédagogique.',0),(1081,289,31,'VAA60474','2013-03-29','0000-00-00 00:00:00',NULL,NULL,'Exemple de séquence pédagogique.',0),(1082,192,31,'VAA60415','2013-03-29','0000-00-00 00:00:00',NULL,NULL,'Exemple de séquence pédagogique.',0),(1083,657,31,'VAA60441','2013-03-29','0000-00-00 00:00:00',NULL,NULL,'Exemple de séquence pédagogique.',0),(1084,297,31,'VAA60491','2013-04-29','0000-00-00 00:00:00',NULL,NULL,'Exemple de séquence pédagogique.',0),(1085,304,31,'VAA60458','2013-04-29','0000-00-00 00:00:00',NULL,NULL,'Exemple de séquence pédagogique.',0),(1086,663,31,'VAA60462','2013-05-29','0000-00-00 00:00:00',NULL,NULL,'Exemple de séquence pédagogique.',0),(1087,399,31,'VAA60406','2013-05-29','0000-00-00 00:00:00',NULL,NULL,'Exemple de séquence pédagogique.',0),(1088,427,31,'VAA60436','2013-06-29','0000-00-00 00:00:00',NULL,NULL,'Exemple de séquence pédagogique.',0),(1089,500,31,'VAA60476','2013-06-29','0000-00-00 00:00:00',NULL,NULL,'Exemple de séquence pédagogique.',0),(1090,311,31,'VAA60407','2013-06-29','0000-00-00 00:00:00',NULL,NULL,'Exemple de séquence pédagogique.',0),(1091,461,31,'VAA60474','2013-06-29','0000-00-00 00:00:00',NULL,NULL,'Exemple de séquence pédagogique.',0),(1092,475,31,'VAA60476','2013-07-29','0000-00-00 00:00:00',NULL,NULL,'Exemple de séquence pédagogique.',0),(1093,181,31,'VAA60429','2013-07-29','0000-00-00 00:00:00',NULL,NULL,'Exemple de séquence pédagogique.',0),(1094,211,31,'VAA60480','2013-08-29','0000-00-00 00:00:00',NULL,NULL,'Exemple de séquence pédagogique.',0),(1095,638,31,'VAA60462','2013-08-29','0000-00-00 00:00:00',NULL,NULL,'Exemple de séquence pédagogique.',0),(1096,276,31,'VAA60407','2013-09-29','0000-00-00 00:00:00',NULL,NULL,'Exemple de séquence pédagogique.',0),(1097,255,31,'VAA60407','2013-09-29','0000-00-00 00:00:00',NULL,NULL,'Exemple de séquence pédagogique.',0),(1098,268,31,'VAA60436','2013-09-29','0000-00-00 00:00:00',NULL,NULL,'Exemple de séquence pédagogique.',0),(1099,258,31,'VAA60436','2013-09-29','0000-00-00 00:00:00',NULL,NULL,'Exemple de séquence pédagogique.',0),(1100,123,31,'VAA60498','2013-10-29','0000-00-00 00:00:00',NULL,NULL,'Exemple de séquence pédagogique.',0),(1101,128,31,'VAA60498','2013-10-29','0000-00-00 00:00:00',NULL,NULL,'Exemple de séquence pédagogique.',0),(1102,377,31,'VAA60480','2013-11-29','0000-00-00 00:00:00',NULL,NULL,'Exemple de séquence pédagogique.',0),(1103,694,31,'VAA60429','2013-11-29','0000-00-00 00:00:00',NULL,NULL,'Exemple de séquence pédagogique.',0),(1104,383,31,'VAA60407','2013-12-29','0000-00-00 00:00:00',NULL,NULL,'Exemple de séquence pédagogique.',0),(1105,557,31,'VAA60433','2013-12-29','0000-00-00 00:00:00',NULL,NULL,'Exemple de séquence pédagogique.',0),(1106,209,32,'VAA60415','2013-01-29','0000-00-00 00:00:00',NULL,NULL,'Exemple de séquence pédagogique.',0),(1107,647,32,'VAA60495','2013-01-29','0000-00-00 00:00:00',NULL,NULL,'Exemple de séquence pédagogique.',0),(1108,82,32,'VAA60481','0000-00-00','0000-00-00 00:00:00',NULL,NULL,'Exemple de séquence pédagogique.',0),(1109,122,32,'VAA60498','0000-00-00','0000-00-00 00:00:00',NULL,NULL,'Exemple de séquence pédagogique.',0),(1110,524,32,'VAA60400','0000-00-00','0000-00-00 00:00:00',NULL,NULL,'Exemple de séquence pédagogique.',0),(1111,125,32,'VAA60498','0000-00-00','0000-00-00 00:00:00',NULL,NULL,'Exemple de séquence pédagogique.',0),(1112,298,32,'VAA60458','2013-03-29','0000-00-00 00:00:00',NULL,NULL,'Exemple de séquence pédagogique.',0),(1113,611,32,'VAA60441','2013-03-29','0000-00-00 00:00:00',NULL,NULL,'Exemple de séquence pédagogique.',0),(1114,468,32,'VAA60404','2013-03-29','0000-00-00 00:00:00',NULL,NULL,'Exemple de séquence pédagogique.',0),(1115,27,32,'VAA60412','2013-03-29','0000-00-00 00:00:00',NULL,NULL,'Exemple de séquence pédagogique.',0),(1116,166,32,'VAA60429','2013-04-29','0000-00-00 00:00:00',NULL,NULL,'Exemple de séquence pédagogique.',0),(1117,610,32,'VAA60462','2013-04-29','0000-00-00 00:00:00',NULL,NULL,'Exemple de séquence pédagogique.',0),(1118,508,32,'VAA60414','2013-04-29','0000-00-00 00:00:00',NULL,NULL,'Exemple de séquence pédagogique.',0),(1119,91,32,'VAA60479','2013-05-29','0000-00-00 00:00:00',NULL,NULL,'Exemple de séquence pédagogique.',0),(1120,657,32,'VAA60441','2013-05-29','0000-00-00 00:00:00',NULL,NULL,'Exemple de séquence pédagogique.',0),(1121,452,32,'VAA60476','2013-06-29','0000-00-00 00:00:00',NULL,NULL,'Exemple de séquence pédagogique.',0),(1122,189,32,'VAA60429','2013-06-29','0000-00-00 00:00:00',NULL,NULL,'Exemple de séquence pédagogique.',0),(1123,114,32,'VAA60429','2013-07-29','0000-00-00 00:00:00',NULL,NULL,'Exemple de séquence pédagogique.',0),(1124,520,32,'VAA60414','2013-07-29','0000-00-00 00:00:00',NULL,NULL,'Exemple de séquence pédagogique.',0),(1125,94,32,'VAA60483','2013-07-29','0000-00-00 00:00:00',NULL,NULL,'Exemple de séquence pédagogique.',0),(1126,643,32,'VAA60441','2013-08-29','0000-00-00 00:00:00',NULL,NULL,'Exemple de séquence pédagogique.',0),(1127,614,32,'VAA60441','2013-08-29','0000-00-00 00:00:00',NULL,NULL,'Exemple de séquence pédagogique.',0),(1128,11,32,'VAA60474','2013-08-29','0000-00-00 00:00:00',NULL,NULL,'Exemple de séquence pédagogique.',0),(1129,219,32,'VAA60433','2013-09-29','0000-00-00 00:00:00',NULL,NULL,'Exemple de séquence pédagogique.',0),(1130,38,32,'VAA60412','2013-09-29','0000-00-00 00:00:00',NULL,NULL,'Exemple de séquence pédagogique.',0),(1131,576,32,'VAA60494','2013-09-29','0000-00-00 00:00:00',NULL,NULL,'Exemple de séquence pédagogique.',0),(1132,657,32,'VAA60441','2013-09-29','0000-00-00 00:00:00',NULL,NULL,'Exemple de séquence pédagogique.',0),(1133,686,32,'VAA60498','2013-10-29','0000-00-00 00:00:00',NULL,NULL,'Exemple de séquence pédagogique.',0),(1134,127,32,'VAA60498','2013-10-29','0000-00-00 00:00:00',NULL,NULL,'Exemple de séquence pédagogique.',0),(1135,281,32,'VAA60490','2013-10-29','0000-00-00 00:00:00',NULL,NULL,'Exemple de séquence pédagogique.',0),(1136,580,32,'VAA60436','2013-10-29','0000-00-00 00:00:00',NULL,NULL,'Exemple de séquence pédagogique.',0),(1137,651,32,'VAA60462','2013-11-29','0000-00-00 00:00:00',NULL,NULL,'Exemple de séquence pédagogique.',0),(1138,471,32,'VAA60404','2013-11-29','0000-00-00 00:00:00',NULL,NULL,'Exemple de séquence pédagogique.',0),(1139,373,32,'VAA60480','2013-12-29','0000-00-00 00:00:00',NULL,NULL,'Exemple de séquence pédagogique.',0),(1140,205,32,'VAA60415','2013-12-29','0000-00-00 00:00:00',NULL,NULL,'Exemple de séquence pédagogique.',0),(1141,682,32,'VAA60414','2013-12-29','0000-00-00 00:00:00',NULL,NULL,'Exemple de séquence pédagogique.',0),(1142,10,32,'VAA60404','2013-12-29','0000-00-00 00:00:00',NULL,NULL,'Exemple de séquence pédagogique.',0),(1143,644,33,'VAA60495','2013-01-29','0000-00-00 00:00:00',NULL,NULL,'Exemple de séquence pédagogique.',0),(1144,597,33,'VAA60494','2013-01-29','0000-00-00 00:00:00',NULL,NULL,'Exemple de séquence pédagogique.',0),(1145,501,33,'VAA60414','2013-01-29','0000-00-00 00:00:00',NULL,NULL,'Exemple de séquence pédagogique.',0),(1146,541,33,'VAA60400','2013-01-29','0000-00-00 00:00:00',NULL,NULL,'Exemple de séquence pédagogique.',0),(1147,658,33,'VAA60462','0000-00-00','0000-00-00 00:00:00',NULL,NULL,'Exemple de séquence pédagogique.',0),(1148,395,33,'VAA60406','0000-00-00','0000-00-00 00:00:00',NULL,NULL,'Exemple de séquence pédagogique.',0),(1149,230,33,'VAA60433','2013-03-29','0000-00-00 00:00:00',NULL,NULL,'Exemple de séquence pédagogique.',0),(1150,622,33,'VAA60495','2013-03-29','0000-00-00 00:00:00',NULL,NULL,'Exemple de séquence pédagogique.',0),(1151,179,33,'VAA60418','2013-04-29','0000-00-00 00:00:00',NULL,NULL,'Exemple de séquence pédagogique.',0),(1152,86,33,'VAA60479','2013-04-29','0000-00-00 00:00:00',NULL,NULL,'Exemple de séquence pédagogique.',0),(1153,378,33,'VAA60407','2013-04-29','0000-00-00 00:00:00',NULL,NULL,'Exemple de séquence pédagogique.',0),(1154,667,33,'VAA60462','2013-05-29','0000-00-00 00:00:00',NULL,NULL,'Exemple de séquence pédagogique.',0),(1155,530,33,'VAA60476','2013-05-29','0000-00-00 00:00:00',NULL,NULL,'Exemple de séquence pédagogique.',0),(1156,679,33,'VAA60490','2013-05-29','0000-00-00 00:00:00',NULL,NULL,'Exemple de séquence pédagogique.',0),(1157,191,33,'VAA60490','2013-06-29','0000-00-00 00:00:00',NULL,NULL,'Exemple de séquence pédagogique.',0),(1158,649,33,'VAA60441','2013-06-29','0000-00-00 00:00:00',NULL,NULL,'Exemple de séquence pédagogique.',0),(1159,37,33,'VAA60412','2013-07-29','0000-00-00 00:00:00',NULL,NULL,'Exemple de séquence pédagogique.',0),(1160,636,33,'VAA60495','2013-07-29','0000-00-00 00:00:00',NULL,NULL,'Exemple de séquence pédagogique.',0),(1161,66,33,'VAA60479','2013-08-29','0000-00-00 00:00:00',NULL,NULL,'Exemple de séquence pédagogique.',0),(1162,554,33,'VAA60414','2013-08-29','0000-00-00 00:00:00',NULL,NULL,'Exemple de séquence pédagogique.',0),(1163,171,33,'VAA60490','2013-08-29','0000-00-00 00:00:00',NULL,NULL,'Exemple de séquence pédagogique.',0),(1164,67,33,'VAA60483','2013-08-29','0000-00-00 00:00:00',NULL,NULL,'Exemple de séquence pédagogique.',0),(1165,324,33,'VAA60407','2013-09-29','0000-00-00 00:00:00',NULL,NULL,'Exemple de séquence pédagogique.',0),(1166,213,33,'VAA60407','2013-09-29','0000-00-00 00:00:00',NULL,NULL,'Exemple de séquence pédagogique.',0),(1167,279,33,'VAA60490','2013-10-29','0000-00-00 00:00:00',NULL,NULL,'Exemple de séquence pédagogique.',0),(1168,13,33,'VAA60462','2013-10-29','0000-00-00 00:00:00',NULL,NULL,'Exemple de séquence pédagogique.',0),(1169,203,33,'VAA60415','2013-10-29','0000-00-00 00:00:00',NULL,NULL,'Exemple de séquence pédagogique.',0),(1170,337,33,'VAA60436','2013-11-29','0000-00-00 00:00:00',NULL,NULL,'Exemple de séquence pédagogique.',0),(1171,699,33,'VAA60418','2013-11-29','0000-00-00 00:00:00',NULL,NULL,'Exemple de séquence pédagogique.',0),(1172,212,33,'VAA60480','2013-12-29','0000-00-00 00:00:00',NULL,NULL,'Exemple de séquence pédagogique.',0),(1173,98,33,'VAA60483','2013-12-29','0000-00-00 00:00:00',NULL,NULL,'Exemple de séquence pédagogique.',0),(1174,363,33,'VAA60444','2013-12-29','0000-00-00 00:00:00',NULL,NULL,'Exemple de séquence pédagogique.',0),(1175,68,34,'VAA60481','2013-01-29','0000-00-00 00:00:00',NULL,NULL,'Exemple de séquence pédagogique.',0),(1176,631,34,'VAA60462','2013-01-29','0000-00-00 00:00:00',NULL,NULL,'Exemple de séquence pédagogique.',0),(1177,279,34,'VAA60490','0000-00-00','0000-00-00 00:00:00',NULL,NULL,'Exemple de séquence pédagogique.',0),(1178,351,34,'VAA60415','0000-00-00','0000-00-00 00:00:00',NULL,NULL,'Exemple de séquence pédagogique.',0),(1179,458,34,'VAA60414','0000-00-00','0000-00-00 00:00:00',NULL,NULL,'Exemple de séquence pédagogique.',0),(1180,581,34,'VAA60436','0000-00-00','0000-00-00 00:00:00',NULL,NULL,'Exemple de séquence pédagogique.',0),(1181,634,34,'VAA60462','2013-03-29','0000-00-00 00:00:00',NULL,NULL,'Exemple de séquence pédagogique.',0),(1182,107,34,'VAA60479','2013-03-29','0000-00-00 00:00:00',NULL,NULL,'Exemple de séquence pédagogique.',0),(1183,92,34,'VAA60481','2013-03-29','0000-00-00 00:00:00',NULL,NULL,'Exemple de séquence pédagogique.',0),(1184,548,34,'VAA60400','2013-04-29','0000-00-00 00:00:00',NULL,NULL,'Exemple de séquence pédagogique.',0),(1185,637,34,'VAA60441','2013-04-29','0000-00-00 00:00:00',NULL,NULL,'Exemple de séquence pédagogique.',0),(1186,587,34,'VAA60494','2013-04-29','0000-00-00 00:00:00',NULL,NULL,'Exemple de séquence pédagogique.',0),(1187,276,34,'VAA60491','2013-05-29','0000-00-00 00:00:00',NULL,NULL,'Exemple de séquence pédagogique.',0),(1188,672,34,'VAA60462','2013-05-29','0000-00-00 00:00:00',NULL,NULL,'Exemple de séquence pédagogique.',0),(1189,668,34,'VAA60441','2013-05-29','0000-00-00 00:00:00',NULL,NULL,'Exemple de séquence pédagogique.',0),(1190,327,34,'VAA60474','2013-06-29','0000-00-00 00:00:00',NULL,NULL,'Exemple de séquence pédagogique.',0),(1191,143,34,'VAA60429','2013-06-29','0000-00-00 00:00:00',NULL,NULL,'Exemple de séquence pédagogique.',0),(1192,336,34,'VAA60407','2013-07-29','0000-00-00 00:00:00',NULL,NULL,'Exemple de séquence pédagogique.',0),(1193,205,34,'VAA60415','2013-07-29','0000-00-00 00:00:00',NULL,NULL,'Exemple de séquence pédagogique.',0),(1194,635,34,'VAA60441','2013-07-29','0000-00-00 00:00:00',NULL,NULL,'Exemple de séquence pédagogique.',0),(1195,669,34,'VAA60462','2013-07-29','0000-00-00 00:00:00',NULL,NULL,'Exemple de séquence pédagogique.',0),(1196,558,34,'VAA60441','2013-08-29','0000-00-00 00:00:00',NULL,NULL,'Exemple de séquence pédagogique.',0),(1197,299,34,'VAA60491','2013-08-29','0000-00-00 00:00:00',NULL,NULL,'Exemple de séquence pédagogique.',0),(1198,667,34,'VAA60462','2013-08-29','0000-00-00 00:00:00',NULL,NULL,'Exemple de séquence pédagogique.',0),(1199,507,34,'VAA60474','2013-08-29','0000-00-00 00:00:00',NULL,NULL,'Exemple de séquence pédagogique.',0),(1200,70,34,'VAA60483','2013-09-29','0000-00-00 00:00:00',NULL,NULL,'Exemple de séquence pédagogique.',0),(1201,510,34,'VAA60474','2013-09-29','0000-00-00 00:00:00',NULL,NULL,'Exemple de séquence pédagogique.',0),(1202,659,34,'VAA60441','2013-10-29','0000-00-00 00:00:00',NULL,NULL,'Exemple de séquence pédagogique.',0),(1203,158,34,'VAA60418','2013-10-29','0000-00-00 00:00:00',NULL,NULL,'Exemple de séquence pédagogique.',0),(1204,673,34,'VAA60441','2013-10-29','0000-00-00 00:00:00',NULL,NULL,'Exemple de séquence pédagogique.',0),(1205,474,34,'VAA60474','2013-10-29','0000-00-00 00:00:00',NULL,NULL,'Exemple de séquence pédagogique.',0),(1206,208,34,'VAA60407','2013-11-29','0000-00-00 00:00:00',NULL,NULL,'Exemple de séquence pédagogique.',0),(1207,525,34,'VAA60400','2013-11-29','0000-00-00 00:00:00',NULL,NULL,'Exemple de séquence pédagogique.',0),(1208,35,34,'VAA60412','2013-11-29','0000-00-00 00:00:00',NULL,NULL,'Exemple de séquence pédagogique.',0),(1209,377,34,'VAA60480','2013-12-29','0000-00-00 00:00:00',NULL,NULL,'Exemple de séquence pédagogique.',0),(1210,672,34,'VAA60462','2013-12-29','0000-00-00 00:00:00',NULL,NULL,'Exemple de séquence pédagogique.',0),(1211,610,34,'VAA60462','2013-12-29','0000-00-00 00:00:00',NULL,NULL,'Exemple de séquence pédagogique.',0),(1212,399,34,'VAA60406','2013-12-29','0000-00-00 00:00:00',NULL,NULL,'Exemple de séquence pédagogique.',0),(1213,101,35,'VAA60479','2013-01-29','0000-00-00 00:00:00',NULL,NULL,'Exemple de séquence pédagogique.',0),(1214,255,35,'VAA60407','2013-01-29','0000-00-00 00:00:00',NULL,NULL,'Exemple de séquence pédagogique.',0),(1215,73,35,'VAA60481','0000-00-00','0000-00-00 00:00:00',NULL,NULL,'Exemple de séquence pédagogique.',0),(1216,316,35,'VAA60407','0000-00-00','0000-00-00 00:00:00',NULL,NULL,'Exemple de séquence pédagogique.',0),(1217,285,35,'VAA60491','0000-00-00','0000-00-00 00:00:00',NULL,NULL,'Exemple de séquence pédagogique.',0),(1218,103,35,'VAA60481','2013-03-29','0000-00-00 00:00:00',NULL,NULL,'Exemple de séquence pédagogique.',0),(1219,89,35,'VAA60429','2013-03-29','0000-00-00 00:00:00',NULL,NULL,'Exemple de séquence pédagogique.',0),(1220,271,35,'VAA60491','2013-03-29','0000-00-00 00:00:00',NULL,NULL,'Exemple de séquence pédagogique.',0),(1221,319,35,'VAA60458','2013-03-29','0000-00-00 00:00:00',NULL,NULL,'Exemple de séquence pédagogique.',0),(1222,310,35,'VAA60458','2013-04-29','0000-00-00 00:00:00',NULL,NULL,'Exemple de séquence pédagogique.',0),(1223,274,35,'VAA60490','2013-04-29','0000-00-00 00:00:00',NULL,NULL,'Exemple de séquence pédagogique.',0),(1224,135,35,'VAA60498','2013-04-29','0000-00-00 00:00:00',NULL,NULL,'Exemple de séquence pédagogique.',0),(1225,482,35,'VAA60414','2013-05-29','0000-00-00 00:00:00',NULL,NULL,'Exemple de séquence pédagogique.',0),(1226,500,35,'VAA60476','2013-05-29','0000-00-00 00:00:00',NULL,NULL,'Exemple de séquence pédagogique.',0),(1227,102,35,'VAA60481','2013-05-29','0000-00-00 00:00:00',NULL,NULL,'Exemple de séquence pédagogique.',0),(1228,600,35,'VAA60494','2013-05-29','0000-00-00 00:00:00',NULL,NULL,'Exemple de séquence pédagogique.',0),(1229,184,35,'VAA60418','2013-06-29','0000-00-00 00:00:00',NULL,NULL,'Exemple de séquence pédagogique.',0),(1230,588,35,'VAA60494','2013-06-29','0000-00-00 00:00:00',NULL,NULL,'Exemple de séquence pédagogique.',0),(1231,298,35,'VAA60458','2013-06-29','0000-00-00 00:00:00',NULL,NULL,'Exemple de séquence pédagogique.',0),(1232,556,35,'VAA60494','2013-07-29','0000-00-00 00:00:00',NULL,NULL,'Exemple de séquence pédagogique.',0),(1233,107,35,'VAA60479','2013-07-29','0000-00-00 00:00:00',NULL,NULL,'Exemple de séquence pédagogique.',0),(1234,60,35,'VAA60479','2013-08-29','0000-00-00 00:00:00',NULL,NULL,'Exemple de séquence pédagogique.',0),(1235,477,35,'VAA60476','2013-08-29','0000-00-00 00:00:00',NULL,NULL,'Exemple de séquence pédagogique.',0),(1236,3,35,'VAA60494','2013-08-29','0000-00-00 00:00:00',NULL,NULL,'Exemple de séquence pédagogique.',0),(1237,555,35,'VAA60441','2013-08-29','0000-00-00 00:00:00',NULL,NULL,'Exemple de séquence pédagogique.',0),(1238,631,35,'VAA60462','2013-09-29','0000-00-00 00:00:00',NULL,NULL,'Exemple de séquence pédagogique.',0),(1239,661,35,'VAA60441','2013-09-29','0000-00-00 00:00:00',NULL,NULL,'Exemple de séquence pédagogique.',0),(1240,86,35,'VAA60479','2013-09-29','0000-00-00 00:00:00',NULL,NULL,'Exemple de séquence pédagogique.',0),(1241,566,35,'VAA60436','2013-10-29','0000-00-00 00:00:00',NULL,NULL,'Exemple de séquence pédagogique.',0),(1242,46,35,'VAA60483','2013-10-29','0000-00-00 00:00:00',NULL,NULL,'Exemple de séquence pédagogique.',0),(1243,514,35,'VAA60414','2013-10-29','0000-00-00 00:00:00',NULL,NULL,'Exemple de séquence pédagogique.',0),(1244,91,35,'VAA60479','2013-11-29','0000-00-00 00:00:00',NULL,NULL,'Exemple de séquence pédagogique.',0),(1245,109,35,'VAA60481','2013-11-29','0000-00-00 00:00:00',NULL,NULL,'Exemple de séquence pédagogique.',0),(1246,415,35,'VAA60406','2013-11-29','0000-00-00 00:00:00',NULL,NULL,'Exemple de séquence pédagogique.',0),(1247,153,35,'VAA60476','2013-12-29','0000-00-00 00:00:00',NULL,NULL,'Exemple de séquence pédagogique.',0),(1248,383,35,'VAA60407','2013-12-29','0000-00-00 00:00:00',NULL,NULL,'Exemple de séquence pédagogique.',0),(1249,663,35,'VAA60462','2013-12-29','0000-00-00 00:00:00',NULL,NULL,'Exemple de séquence pédagogique.',0),(1250,359,35,'VAA60444','2013-12-29','0000-00-00 00:00:00',NULL,NULL,'Exemple de séquence pédagogique.',0),(1251,585,36,'VAA60494','2013-01-29','0000-00-00 00:00:00',NULL,NULL,'Exemple de séquence pédagogique.',0),(1252,49,36,'VAA60483','2013-01-29','0000-00-00 00:00:00',NULL,NULL,'Exemple de séquence pédagogique.',0),(1253,683,36,'VAA60412','2013-01-29','0000-00-00 00:00:00',NULL,NULL,'Exemple de séquence pédagogique.',0),(1254,618,36,'VAA60462','2013-01-29','0000-00-00 00:00:00',NULL,NULL,'Exemple de séquence pédagogique.',0),(1255,27,36,'VAA60412','0000-00-00','0000-00-00 00:00:00',NULL,NULL,'Exemple de séquence pédagogique.',0),(1256,176,36,'VAA60476','0000-00-00','0000-00-00 00:00:00',NULL,NULL,'Exemple de séquence pédagogique.',0),(1257,683,36,'VAA60412','0000-00-00','0000-00-00 00:00:00',NULL,NULL,'Exemple de séquence pédagogique.',0),(1258,13,36,'VAA60462','0000-00-00','0000-00-00 00:00:00',NULL,NULL,'Exemple de séquence pédagogique.',0),(1259,534,36,'VAA60476','2013-03-29','0000-00-00 00:00:00',NULL,NULL,'Exemple de séquence pédagogique.',0),(1260,561,36,'VAA60476','2013-03-29','0000-00-00 00:00:00',NULL,NULL,'Exemple de séquence pédagogique.',0),(1261,478,36,'VAA60414','2013-03-29','0000-00-00 00:00:00',NULL,NULL,'Exemple de séquence pédagogique.',0),(1262,663,36,'VAA60462','2013-04-29','0000-00-00 00:00:00',NULL,NULL,'Exemple de séquence pédagogique.',0),(1263,66,36,'VAA60479','2013-04-29','0000-00-00 00:00:00',NULL,NULL,'Exemple de séquence pédagogique.',0),(1264,225,36,'VAA60433','2013-04-29','0000-00-00 00:00:00',NULL,NULL,'Exemple de séquence pédagogique.',0),(1265,413,36,'VAA60406','2013-05-29','0000-00-00 00:00:00',NULL,NULL,'Exemple de séquence pédagogique.',0),(1266,460,36,'VAA60476','2013-05-29','0000-00-00 00:00:00',NULL,NULL,'Exemple de séquence pédagogique.',0),(1267,331,36,'VAA60490','2013-05-29','0000-00-00 00:00:00',NULL,NULL,'Exemple de séquence pédagogique.',0),(1268,536,36,'VAA60476','2013-05-29','0000-00-00 00:00:00',NULL,NULL,'Exemple de séquence pédagogique.',0),(1269,125,36,'VAA60498','2013-06-29','0000-00-00 00:00:00',NULL,NULL,'Exemple de séquence pédagogique.',0),(1270,690,36,'VAA60476','2013-06-29','0000-00-00 00:00:00',NULL,NULL,'Exemple de séquence pédagogique.',0),(1271,699,36,'VAA60418','2013-06-29','0000-00-00 00:00:00',NULL,NULL,'Exemple de séquence pédagogique.',0),(1272,647,36,'VAA60495','2013-06-29','0000-00-00 00:00:00',NULL,NULL,'Exemple de séquence pédagogique.',0),(1273,468,36,'VAA60404','2013-07-29','0000-00-00 00:00:00',NULL,NULL,'Exemple de séquence pédagogique.',0),(1274,286,36,'VAA60474','2013-07-29','0000-00-00 00:00:00',NULL,NULL,'Exemple de séquence pédagogique.',0),(1275,169,36,'VAA60490','2013-08-29','0000-00-00 00:00:00',NULL,NULL,'Exemple de séquence pédagogique.',0),(1276,169,36,'VAA60490','2013-08-29','0000-00-00 00:00:00',NULL,NULL,'Exemple de séquence pédagogique.',0),(1277,381,36,'VAA60407','2013-08-29','0000-00-00 00:00:00',NULL,NULL,'Exemple de séquence pédagogique.',0),(1278,512,36,'VAA60404','2013-09-29','0000-00-00 00:00:00',NULL,NULL,'Exemple de séquence pédagogique.',0),(1279,391,36,'VAA60480','2013-09-29','0000-00-00 00:00:00',NULL,NULL,'Exemple de séquence pédagogique.',0),(1280,201,36,'VAA60415','2013-10-29','0000-00-00 00:00:00',NULL,NULL,'Exemple de séquence pédagogique.',0),(1281,539,36,'VAA60476','2013-10-29','0000-00-00 00:00:00',NULL,NULL,'Exemple de séquence pédagogique.',0),(1282,680,36,'VAA60483','2013-11-29','0000-00-00 00:00:00',NULL,NULL,'Exemple de séquence pédagogique.',0),(1283,291,36,'VAA60491','2013-11-29','0000-00-00 00:00:00',NULL,NULL,'Exemple de séquence pédagogique.',0),(1284,73,36,'VAA60481','2013-11-29','0000-00-00 00:00:00',NULL,NULL,'Exemple de séquence pédagogique.',0),(1285,319,36,'VAA60458','2013-11-29','0000-00-00 00:00:00',NULL,NULL,'Exemple de séquence pédagogique.',0),(1286,33,36,'VAA60412','2013-12-29','0000-00-00 00:00:00',NULL,NULL,'Exemple de séquence pédagogique.',0),(1287,296,36,'VAA60458','2013-12-29','0000-00-00 00:00:00',NULL,NULL,'Exemple de séquence pédagogique.',0),(1288,458,37,'VAA60414','2013-01-29','0000-00-00 00:00:00',NULL,NULL,'Exemple de séquence pédagogique.',0),(1289,113,37,'VAA60429','2013-01-29','0000-00-00 00:00:00',NULL,NULL,'Exemple de séquence pédagogique.',0),(1290,537,37,'VAA60476','2013-01-29','0000-00-00 00:00:00',NULL,NULL,'Exemple de séquence pédagogique.',0),(1291,301,37,'VAA60407','2013-01-29','0000-00-00 00:00:00',NULL,NULL,'Exemple de séquence pédagogique.',0),(1292,157,37,'VAA60429','0000-00-00','0000-00-00 00:00:00',NULL,NULL,'Exemple de séquence pédagogique.',0),(1293,644,37,'VAA60495','0000-00-00','0000-00-00 00:00:00',NULL,NULL,'Exemple de séquence pédagogique.',0),(1294,18,37,'VAA60412','2013-03-29','0000-00-00 00:00:00',NULL,NULL,'Exemple de séquence pédagogique.',0),(1295,631,37,'VAA60462','2013-03-29','0000-00-00 00:00:00',NULL,NULL,'Exemple de séquence pédagogique.',0),(1296,492,37,'VAA60414','2013-03-29','0000-00-00 00:00:00',NULL,NULL,'Exemple de séquence pédagogique.',0),(1297,295,37,'VAA60407','2013-03-29','0000-00-00 00:00:00',NULL,NULL,'Exemple de séquence pédagogique.',0),(1298,139,37,'VAA60495','2013-04-29','0000-00-00 00:00:00',NULL,NULL,'Exemple de séquence pédagogique.',0),(1299,217,37,'VAA60480','2013-04-29','0000-00-00 00:00:00',NULL,NULL,'Exemple de séquence pédagogique.',0),(1300,37,37,'VAA60412','2013-05-29','0000-00-00 00:00:00',NULL,NULL,'Exemple de séquence pédagogique.',0),(1301,693,37,'VAA60481','2013-05-29','0000-00-00 00:00:00',NULL,NULL,'Exemple de séquence pédagogique.',0),(1302,674,37,'VAA60462','2013-05-29','0000-00-00 00:00:00',NULL,NULL,'Exemple de séquence pédagogique.',0),(1303,79,37,'VAA60479','2013-05-29','0000-00-00 00:00:00',NULL,NULL,'Exemple de séquence pédagogique.',0),(1304,258,37,'VAA60436','2013-06-29','0000-00-00 00:00:00',NULL,NULL,'Exemple de séquence pédagogique.',0),(1305,326,37,'VAA60474','2013-06-29','0000-00-00 00:00:00',NULL,NULL,'Exemple de séquence pédagogique.',0),(1306,230,37,'VAA60433','2013-06-29','0000-00-00 00:00:00',NULL,NULL,'Exemple de séquence pédagogique.',0),(1307,618,37,'VAA60462','2013-06-29','0000-00-00 00:00:00',NULL,NULL,'Exemple de séquence pédagogique.',0),(1308,2,37,'VAA60414','2013-07-29','0000-00-00 00:00:00',NULL,NULL,'Exemple de séquence pédagogique.',0),(1309,171,37,'VAA60490','2013-07-29','0000-00-00 00:00:00',NULL,NULL,'Exemple de séquence pédagogique.',0),(1310,268,37,'VAA60436','2013-07-29','0000-00-00 00:00:00',NULL,NULL,'Exemple de séquence pédagogique.',0),(1311,655,37,'VAA60441','2013-07-29','0000-00-00 00:00:00',NULL,NULL,'Exemple de séquence pédagogique.',0),(1312,132,37,'VAA60498','2013-08-29','0000-00-00 00:00:00',NULL,NULL,'Exemple de séquence pédagogique.',0),(1313,186,37,'VAA60429','2013-08-29','0000-00-00 00:00:00',NULL,NULL,'Exemple de séquence pédagogique.',0),(1314,47,37,'VAA60481','2013-08-29','0000-00-00 00:00:00',NULL,NULL,'Exemple de séquence pédagogique.',0),(1315,347,37,'VAA60480','2013-09-29','0000-00-00 00:00:00',NULL,NULL,'Exemple de séquence pédagogique.',0),(1316,57,37,'VAA60479','2013-09-29','0000-00-00 00:00:00',NULL,NULL,'Exemple de séquence pédagogique.',0),(1317,287,37,'VAA60436','2013-09-29','0000-00-00 00:00:00',NULL,NULL,'Exemple de séquence pédagogique.',0),(1318,598,37,'VAA60494','2013-09-29','0000-00-00 00:00:00',NULL,NULL,'Exemple de séquence pédagogique.',0),(1319,49,37,'VAA60483','2013-10-29','0000-00-00 00:00:00',NULL,NULL,'Exemple de séquence pédagogique.',0),(1320,692,37,'VAA60480','2013-10-29','0000-00-00 00:00:00',NULL,NULL,'Exemple de séquence pédagogique.',0),(1321,53,37,'VAA60481','2013-11-29','0000-00-00 00:00:00',NULL,NULL,'Exemple de séquence pédagogique.',0),(1322,521,37,'VAA60414','2013-11-29','0000-00-00 00:00:00',NULL,NULL,'Exemple de séquence pédagogique.',0),(1323,367,37,'VAA60480','2013-12-29','0000-00-00 00:00:00',NULL,NULL,'Exemple de séquence pédagogique.',0),(1324,193,37,'VAA60415','2013-12-29','0000-00-00 00:00:00',NULL,NULL,'Exemple de séquence pédagogique.',0),(1325,595,37,'VAA60494','2013-12-29','0000-00-00 00:00:00',NULL,NULL,'Exemple de séquence pédagogique.',0),(1326,383,37,'VAA60407','2013-12-29','0000-00-00 00:00:00',NULL,NULL,'Exemple de séquence pédagogique.',0),(1327,241,38,'VAA60433','2013-01-29','0000-00-00 00:00:00',NULL,NULL,'Exemple de séquence pédagogique.',0),(1328,535,38,'VAA60476','2013-01-29','0000-00-00 00:00:00',NULL,NULL,'Exemple de séquence pédagogique.',0),(1329,235,38,'VAA60433','0000-00-00','0000-00-00 00:00:00',NULL,NULL,'Exemple de séquence pédagogique.',0),(1330,518,38,'VAA60404','0000-00-00','0000-00-00 00:00:00',NULL,NULL,'Exemple de séquence pédagogique.',0),(1331,380,38,'VAA60480','2013-03-29','0000-00-00 00:00:00',NULL,NULL,'Exemple de séquence pédagogique.',0),(1332,598,38,'VAA60494','2013-03-29','0000-00-00 00:00:00',NULL,NULL,'Exemple de séquence pédagogique.',0),(1333,49,38,'VAA60483','2013-04-29','0000-00-00 00:00:00',NULL,NULL,'Exemple de séquence pédagogique.',0),(1334,341,38,'VAA60458','2013-04-29','0000-00-00 00:00:00',NULL,NULL,'Exemple de séquence pédagogique.',0),(1335,462,38,'VAA60476','2013-04-29','0000-00-00 00:00:00',NULL,NULL,'Exemple de séquence pédagogique.',0),(1336,512,38,'VAA60404','2013-04-29','0000-00-00 00:00:00',NULL,NULL,'Exemple de séquence pédagogique.',0),(1337,290,38,'VAA60490','2013-05-29','0000-00-00 00:00:00',NULL,NULL,'Exemple de séquence pédagogique.',0),(1338,642,38,'VAA60462','2013-05-29','0000-00-00 00:00:00',NULL,NULL,'Exemple de séquence pédagogique.',0),(1339,94,38,'VAA60483','2013-06-29','0000-00-00 00:00:00',NULL,NULL,'Exemple de séquence pédagogique.',0),(1340,583,38,'VAA60494','2013-06-29','0000-00-00 00:00:00',NULL,NULL,'Exemple de séquence pédagogique.',0),(1341,456,38,'VAA60404','2013-07-29','0000-00-00 00:00:00',NULL,NULL,'Exemple de séquence pédagogique.',0),(1342,507,38,'VAA60474','2013-07-29','0000-00-00 00:00:00',NULL,NULL,'Exemple de séquence pédagogique.',0),(1343,541,38,'VAA60400','2013-08-29','0000-00-00 00:00:00',NULL,NULL,'Exemple de séquence pédagogique.',0),(1344,557,38,'VAA60433','2013-08-29','0000-00-00 00:00:00',NULL,NULL,'Exemple de séquence pédagogique.',0),(1345,595,38,'VAA60494','2013-09-29','0000-00-00 00:00:00',NULL,NULL,'Exemple de séquence pédagogique.',0),(1346,599,38,'VAA60494','2013-09-29','0000-00-00 00:00:00',NULL,NULL,'Exemple de séquence pédagogique.',0),(1347,663,38,'VAA60462','2013-10-29','0000-00-00 00:00:00',NULL,NULL,'Exemple de séquence pédagogique.',0),(1348,84,38,'VAA60481','2013-10-29','0000-00-00 00:00:00',NULL,NULL,'Exemple de séquence pédagogique.',0),(1349,600,38,'VAA60494','2013-11-29','0000-00-00 00:00:00',NULL,NULL,'Exemple de séquence pédagogique.',0),(1350,93,38,'VAA60429','2013-11-29','0000-00-00 00:00:00',NULL,NULL,'Exemple de séquence pédagogique.',0),(1351,261,38,'VAA60490','2013-12-29','0000-00-00 00:00:00',NULL,NULL,'Exemple de séquence pédagogique.',0),(1352,26,38,'VAA60412','2013-12-29','0000-00-00 00:00:00',NULL,NULL,'Exemple de séquence pédagogique.',0),(1353,603,38,'VAA60494','2013-12-29','0000-00-00 00:00:00',NULL,NULL,'Exemple de séquence pédagogique.',0),(1354,434,38,'VAA60474','2013-12-29','0000-00-00 00:00:00',NULL,NULL,'Exemple de séquence pédagogique.',0),(1355,98,39,'VAA60483','2013-01-29','0000-00-00 00:00:00',NULL,NULL,'Exemple de séquence pédagogique.',0),(1356,294,39,'VAA60458','2013-01-29','0000-00-00 00:00:00',NULL,NULL,'Exemple de séquence pédagogique.',0),(1357,15,39,'VAA60412','2013-01-29','0000-00-00 00:00:00',NULL,NULL,'Exemple de séquence pédagogique.',0),(1358,618,39,'VAA60462','2013-01-29','0000-00-00 00:00:00',NULL,NULL,'Exemple de séquence pédagogique.',0),(1359,641,39,'VAA60441','0000-00-00','0000-00-00 00:00:00',NULL,NULL,'Exemple de séquence pédagogique.',0),(1360,561,39,'VAA60476','0000-00-00','0000-00-00 00:00:00',NULL,NULL,'Exemple de séquence pédagogique.',0),(1361,634,39,'VAA60462','0000-00-00','0000-00-00 00:00:00',NULL,NULL,'Exemple de séquence pédagogique.',0),(1362,90,39,'VAA60481','0000-00-00','0000-00-00 00:00:00',NULL,NULL,'Exemple de séquence pédagogique.',0),(1363,511,39,'VAA60414','2013-03-29','0000-00-00 00:00:00',NULL,NULL,'Exemple de séquence pédagogique.',0),(1364,285,39,'VAA60491','2013-03-29','0000-00-00 00:00:00',NULL,NULL,'Exemple de séquence pédagogique.',0),(1365,275,39,'VAA60490','2013-04-29','0000-00-00 00:00:00',NULL,NULL,'Exemple de séquence pédagogique.',0),(1366,219,39,'VAA60433','2013-04-29','0000-00-00 00:00:00',NULL,NULL,'Exemple de séquence pédagogique.',0),(1367,261,39,'VAA60490','2013-05-29','0000-00-00 00:00:00',NULL,NULL,'Exemple de séquence pédagogique.',0),(1368,226,39,'VAA60433','2013-05-29','0000-00-00 00:00:00',NULL,NULL,'Exemple de séquence pédagogique.',0),(1369,499,39,'VAA60474','2013-05-29','0000-00-00 00:00:00',NULL,NULL,'Exemple de séquence pédagogique.',0),(1370,576,39,'VAA60494','2013-05-29','0000-00-00 00:00:00',NULL,NULL,'Exemple de séquence pédagogique.',0),(1371,218,39,'VAA60480','2013-06-29','0000-00-00 00:00:00',NULL,NULL,'Exemple de séquence pédagogique.',0),(1372,53,39,'VAA60481','2013-06-29','0000-00-00 00:00:00',NULL,NULL,'Exemple de séquence pédagogique.',0),(1373,25,39,'VAA60412','2013-06-29','0000-00-00 00:00:00',NULL,NULL,'Exemple de séquence pédagogique.',0),(1374,303,39,'VAA60436','2013-07-29','0000-00-00 00:00:00',NULL,NULL,'Exemple de séquence pédagogique.',0),(1375,450,39,'VAA60474','2013-07-29','0000-00-00 00:00:00',NULL,NULL,'Exemple de séquence pédagogique.',0),(1376,225,39,'VAA60433','2013-08-29','0000-00-00 00:00:00',NULL,NULL,'Exemple de séquence pédagogique.',0),(1377,328,39,'VAA60458','2013-08-29','0000-00-00 00:00:00',NULL,NULL,'Exemple de séquence pédagogique.',0),(1378,392,39,'VAA60407','2013-08-29','0000-00-00 00:00:00',NULL,NULL,'Exemple de séquence pédagogique.',0),(1379,462,39,'VAA60476','2013-09-29','0000-00-00 00:00:00',NULL,NULL,'Exemple de séquence pédagogique.',0),(1380,194,39,'VAA60480','2013-09-29','0000-00-00 00:00:00',NULL,NULL,'Exemple de séquence pédagogique.',0),(1381,129,39,'VAA60498','2013-10-29','0000-00-00 00:00:00',NULL,NULL,'Exemple de séquence pédagogique.',0),(1382,690,39,'VAA60476','2013-10-29','0000-00-00 00:00:00',NULL,NULL,'Exemple de séquence pédagogique.',0),(1383,113,39,'VAA60429','2013-10-29','0000-00-00 00:00:00',NULL,NULL,'Exemple de séquence pédagogique.',0),(1384,692,39,'VAA60480','2013-11-29','0000-00-00 00:00:00',NULL,NULL,'Exemple de séquence pédagogique.',0),(1385,462,39,'VAA60476','2013-11-29','0000-00-00 00:00:00',NULL,NULL,'Exemple de séquence pédagogique.',0),(1386,28,39,'VAA60412','2013-12-29','0000-00-00 00:00:00',NULL,NULL,'Exemple de séquence pédagogique.',0),(1387,516,39,'VAA60404','2013-12-29','0000-00-00 00:00:00',NULL,NULL,'Exemple de séquence pédagogique.',0),(1388,251,39,'VAA60458','2013-12-29','0000-00-00 00:00:00',NULL,NULL,'Exemple de séquence pédagogique.',0),(1389,663,40,'VAA60462','2013-01-29','0000-00-00 00:00:00',NULL,NULL,'Exemple de séquence pédagogique.',0),(1390,631,40,'VAA60462','2013-01-29','0000-00-00 00:00:00',NULL,NULL,'Exemple de séquence pédagogique.',0),(1391,566,40,'VAA60436','0000-00-00','0000-00-00 00:00:00',NULL,NULL,'Exemple de séquence pédagogique.',0),(1392,334,40,'VAA60407','0000-00-00','0000-00-00 00:00:00',NULL,NULL,'Exemple de séquence pédagogique.',0),(1393,75,40,'VAA60481','0000-00-00','0000-00-00 00:00:00',NULL,NULL,'Exemple de séquence pédagogique.',0),(1394,594,40,'VAA60494','0000-00-00','0000-00-00 00:00:00',NULL,NULL,'Exemple de séquence pédagogique.',0),(1395,200,40,'VAA60415','2013-03-29','0000-00-00 00:00:00',NULL,NULL,'Exemple de séquence pédagogique.',0),(1396,372,40,'VAA60480','2013-03-29','0000-00-00 00:00:00',NULL,NULL,'Exemple de séquence pédagogique.',0),(1397,479,40,'VAA60474','2013-03-29','0000-00-00 00:00:00',NULL,NULL,'Exemple de séquence pédagogique.',0),(1398,666,40,'VAA60495','2013-03-29','0000-00-00 00:00:00',NULL,NULL,'Exemple de séquence pédagogique.',0),(1399,118,40,'VAA60429','2013-04-29','0000-00-00 00:00:00',NULL,NULL,'Exemple de séquence pédagogique.',0),(1400,169,40,'VAA60490','2013-04-29','0000-00-00 00:00:00',NULL,NULL,'Exemple de séquence pédagogique.',0),(1401,607,40,'VAA60494','2013-04-29','0000-00-00 00:00:00',NULL,NULL,'Exemple de séquence pédagogique.',0),(1402,27,40,'VAA60412','2013-04-29','0000-00-00 00:00:00',NULL,NULL,'Exemple de séquence pédagogique.',0),(1403,690,40,'VAA60476','2013-05-29','0000-00-00 00:00:00',NULL,NULL,'Exemple de séquence pédagogique.',0),(1404,280,40,'VAA60474','2013-05-29','0000-00-00 00:00:00',NULL,NULL,'Exemple de séquence pédagogique.',0),(1405,57,40,'VAA60479','2013-05-29','0000-00-00 00:00:00',NULL,NULL,'Exemple de séquence pédagogique.',0),(1406,426,40,'VAA60474','2013-06-29','0000-00-00 00:00:00',NULL,NULL,'Exemple de séquence pédagogique.',0),(1407,207,40,'VAA60444','2013-06-29','0000-00-00 00:00:00',NULL,NULL,'Exemple de séquence pédagogique.',0),(1408,682,40,'VAA60414','2013-06-29','0000-00-00 00:00:00',NULL,NULL,'Exemple de séquence pédagogique.',0),(1409,610,40,'VAA60462','2013-07-29','0000-00-00 00:00:00',NULL,NULL,'Exemple de séquence pédagogique.',0),(1410,384,40,'VAA60480','2013-07-29','0000-00-00 00:00:00',NULL,NULL,'Exemple de séquence pédagogique.',0),(1411,84,40,'VAA60481','2013-08-29','0000-00-00 00:00:00',NULL,NULL,'Exemple de séquence pédagogique.',0),(1412,246,40,'VAA60407','2013-08-29','0000-00-00 00:00:00',NULL,NULL,'Exemple de séquence pédagogique.',0),(1413,312,40,'VAA60474','2013-08-29','0000-00-00 00:00:00',NULL,NULL,'Exemple de séquence pédagogique.',0),(1414,276,40,'VAA60491','2013-08-29','0000-00-00 00:00:00',NULL,NULL,'Exemple de séquence pédagogique.',0),(1415,384,40,'VAA60480','2013-09-29','0000-00-00 00:00:00',NULL,NULL,'Exemple de séquence pédagogique.',0),(1416,339,40,'VAA60458','2013-09-29','0000-00-00 00:00:00',NULL,NULL,'Exemple de séquence pédagogique.',0),(1417,278,40,'VAA60474','2013-09-29','0000-00-00 00:00:00',NULL,NULL,'Exemple de séquence pédagogique.',0),(1418,82,40,'VAA60481','2013-09-29','0000-00-00 00:00:00',NULL,NULL,'Exemple de séquence pédagogique.',0),(1419,100,40,'VAA60481','2013-10-29','0000-00-00 00:00:00',NULL,NULL,'Exemple de séquence pédagogique.',0),(1420,469,40,'VAA60414','2013-10-29','0000-00-00 00:00:00',NULL,NULL,'Exemple de séquence pédagogique.',0),(1421,173,40,'VAA60490','2013-11-29','0000-00-00 00:00:00',NULL,NULL,'Exemple de séquence pédagogique.',0),(1422,232,40,'VAA60433','2013-11-29','0000-00-00 00:00:00',NULL,NULL,'Exemple de séquence pédagogique.',0),(1423,544,40,'VAA60476','2013-11-29','0000-00-00 00:00:00',NULL,NULL,'Exemple de séquence pédagogique.',0),(1424,124,40,'VAA60498','2013-11-29','0000-00-00 00:00:00',NULL,NULL,'Exemple de séquence pédagogique.',0),(1425,403,40,'VAA60406','2013-12-29','0000-00-00 00:00:00',NULL,NULL,'Exemple de séquence pédagogique.',0),(1426,345,40,'VAA60480','2013-12-29','0000-00-00 00:00:00',NULL,NULL,'Exemple de séquence pédagogique.',0),(1427,288,40,'VAA60490','2013-12-29','0000-00-00 00:00:00',NULL,NULL,'Exemple de séquence pédagogique.',0),(1428,44,41,'VAA60479','2013-01-29','0000-00-00 00:00:00',NULL,NULL,'Exemple de séquence pédagogique.',0),(1429,81,41,'VAA60483','2013-01-29','0000-00-00 00:00:00',NULL,NULL,'Exemple de séquence pédagogique.',0),(1430,51,41,'VAA60481','2013-01-29','0000-00-00 00:00:00',NULL,NULL,'Exemple de séquence pédagogique.',0),(1431,211,41,'VAA60480','2013-01-29','0000-00-00 00:00:00',NULL,NULL,'Exemple de séquence pédagogique.',0),(1432,439,41,'VAA60404','0000-00-00','0000-00-00 00:00:00',NULL,NULL,'Exemple de séquence pédagogique.',0),(1433,181,41,'VAA60429','0000-00-00','0000-00-00 00:00:00',NULL,NULL,'Exemple de séquence pédagogique.',0),(1434,38,41,'VAA60412','0000-00-00','0000-00-00 00:00:00',NULL,NULL,'Exemple de séquence pédagogique.',0),(1435,304,41,'VAA60458','0000-00-00','0000-00-00 00:00:00',NULL,NULL,'Exemple de séquence pédagogique.',0),(1436,590,41,'VAA60436','2013-03-29','0000-00-00 00:00:00',NULL,NULL,'Exemple de séquence pédagogique.',0),(1437,394,41,'VAA60407','2013-03-29','0000-00-00 00:00:00',NULL,NULL,'Exemple de séquence pédagogique.',0),(1438,675,41,'VAA60441','2013-03-29','0000-00-00 00:00:00',NULL,NULL,'Exemple de séquence pédagogique.',0),(1439,35,41,'VAA60412','2013-03-29','0000-00-00 00:00:00',NULL,NULL,'Exemple de séquence pédagogique.',0),(1440,377,41,'VAA60480','2013-04-29','0000-00-00 00:00:00',NULL,NULL,'Exemple de séquence pédagogique.',0),(1441,107,41,'VAA60479','2013-04-29','0000-00-00 00:00:00',NULL,NULL,'Exemple de séquence pédagogique.',0),(1442,238,41,'VAA60433','2013-05-29','0000-00-00 00:00:00',NULL,NULL,'Exemple de séquence pédagogique.',0),(1443,669,41,'VAA60462','2013-05-29','0000-00-00 00:00:00',NULL,NULL,'Exemple de séquence pédagogique.',0),(1444,282,41,'VAA60436','2013-05-29','0000-00-00 00:00:00',NULL,NULL,'Exemple de séquence pédagogique.',0),(1445,307,41,'VAA60407','2013-05-29','0000-00-00 00:00:00',NULL,NULL,'Exemple de séquence pédagogique.',0),(1446,161,41,'VAA60429','2013-06-29','0000-00-00 00:00:00',NULL,NULL,'Exemple de séquence pédagogique.',0),(1447,64,41,'VAA60481','2013-06-29','0000-00-00 00:00:00',NULL,NULL,'Exemple de séquence pédagogique.',0),(1448,190,41,'VAA60490','2013-06-29','0000-00-00 00:00:00',NULL,NULL,'Exemple de séquence pédagogique.',0),(1449,494,41,'VAA60414','2013-07-29','0000-00-00 00:00:00',NULL,NULL,'Exemple de séquence pédagogique.',0),(1450,657,41,'VAA60441','2013-07-29','0000-00-00 00:00:00',NULL,NULL,'Exemple de séquence pédagogique.',0),(1451,299,41,'VAA60407','2013-08-29','0000-00-00 00:00:00',NULL,NULL,'Exemple de séquence pédagogique.',0),(1452,258,41,'VAA60436','2013-08-29','0000-00-00 00:00:00',NULL,NULL,'Exemple de séquence pédagogique.',0),(1453,166,41,'VAA60429','2013-08-29','0000-00-00 00:00:00',NULL,NULL,'Exemple de séquence pédagogique.',0),(1454,240,41,'VAA60433','2013-08-29','0000-00-00 00:00:00',NULL,NULL,'Exemple de séquence pédagogique.',0),(1455,461,41,'VAA60474','2013-09-29','0000-00-00 00:00:00',NULL,NULL,'Exemple de séquence pédagogique.',0),(1456,127,41,'VAA60498','2013-09-29','0000-00-00 00:00:00',NULL,NULL,'Exemple de séquence pédagogique.',0),(1457,164,41,'VAA60429','2013-09-29','0000-00-00 00:00:00',NULL,NULL,'Exemple de séquence pédagogique.',0),(1458,290,41,'VAA60490','2013-10-29','0000-00-00 00:00:00',NULL,NULL,'Exemple de séquence pédagogique.',0),(1459,453,41,'VAA60474','2013-10-29','0000-00-00 00:00:00',NULL,NULL,'Exemple de séquence pédagogique.',0),(1460,94,41,'VAA60483','2013-10-29','0000-00-00 00:00:00',NULL,NULL,'Exemple de séquence pédagogique.',0),(1461,592,41,'VAA60436','2013-11-29','0000-00-00 00:00:00',NULL,NULL,'Exemple de séquence pédagogique.',0),(1462,254,41,'VAA60474','2013-11-29','0000-00-00 00:00:00',NULL,NULL,'Exemple de séquence pédagogique.',0),(1463,51,41,'VAA60481','2013-11-29','0000-00-00 00:00:00',NULL,NULL,'Exemple de séquence pédagogique.',0),(1464,369,41,'VAA60480','2013-11-29','0000-00-00 00:00:00',NULL,NULL,'Exemple de séquence pédagogique.',0),(1465,253,41,'VAA60490','2013-12-29','0000-00-00 00:00:00',NULL,NULL,'Exemple de séquence pédagogique.',0),(1466,281,41,'VAA60490','2013-12-29','0000-00-00 00:00:00',NULL,NULL,'Exemple de séquence pédagogique.',0),(1467,239,42,'VAA60433','2013-01-29','0000-00-00 00:00:00',NULL,NULL,'Exemple de séquence pédagogique.',0),(1468,379,42,'VAA60480','2013-01-29','0000-00-00 00:00:00',NULL,NULL,'Exemple de séquence pédagogique.',0),(1469,272,42,'VAA60436','2013-01-29','0000-00-00 00:00:00',NULL,NULL,'Exemple de séquence pédagogique.',0),(1470,553,42,'VAA60433','0000-00-00','0000-00-00 00:00:00',NULL,NULL,'Exemple de séquence pédagogique.',0),(1471,216,42,'VAA60415','0000-00-00','0000-00-00 00:00:00',NULL,NULL,'Exemple de séquence pédagogique.',0),(1472,276,42,'VAA60491','0000-00-00','0000-00-00 00:00:00',NULL,NULL,'Exemple de séquence pédagogique.',0),(1473,119,42,'VAA60429','2013-03-29','0000-00-00 00:00:00',NULL,NULL,'Exemple de séquence pédagogique.',0),(1474,357,42,'VAA60444','2013-03-29','0000-00-00 00:00:00',NULL,NULL,'Exemple de séquence pédagogique.',0),(1475,329,42,'VAA60436','2013-04-29','0000-00-00 00:00:00',NULL,NULL,'Exemple de séquence pédagogique.',0),(1476,214,42,'VAA60407','2013-04-29','0000-00-00 00:00:00',NULL,NULL,'Exemple de séquence pédagogique.',0),(1477,628,42,'VAA60495','2013-05-29','0000-00-00 00:00:00',NULL,NULL,'Exemple de séquence pédagogique.',0),(1478,419,42,'VAA60406','2013-05-29','0000-00-00 00:00:00',NULL,NULL,'Exemple de séquence pédagogique.',0),(1479,412,42,'VAA60406','2013-06-29','0000-00-00 00:00:00',NULL,NULL,'Exemple de séquence pédagogique.',0),(1480,93,42,'VAA60429','2013-06-29','0000-00-00 00:00:00',NULL,NULL,'Exemple de séquence pédagogique.',0),(1481,465,42,'VAA60476','2013-06-29','0000-00-00 00:00:00',NULL,NULL,'Exemple de séquence pédagogique.',0),(1482,221,42,'VAA60433','2013-06-29','0000-00-00 00:00:00',NULL,NULL,'Exemple de séquence pédagogique.',0),(1483,306,42,'VAA60436','2013-07-29','0000-00-00 00:00:00',NULL,NULL,'Exemple de séquence pédagogique.',0),(1484,491,42,'VAA60474','2013-07-29','0000-00-00 00:00:00',NULL,NULL,'Exemple de séquence pédagogique.',0),(1485,386,42,'VAA60480','2013-07-29','0000-00-00 00:00:00',NULL,NULL,'Exemple de séquence pédagogique.',0),(1486,470,42,'VAA60474','2013-08-29','0000-00-00 00:00:00',NULL,NULL,'Exemple de séquence pédagogique.',0),(1487,456,42,'VAA60404','2013-08-29','0000-00-00 00:00:00',NULL,NULL,'Exemple de séquence pédagogique.',0),(1488,334,42,'VAA60407','2013-08-29','0000-00-00 00:00:00',NULL,NULL,'Exemple de séquence pédagogique.',0),(1489,575,42,'VAA60494','2013-09-29','0000-00-00 00:00:00',NULL,NULL,'Exemple de séquence pédagogique.',0),(1490,539,42,'VAA60476','2013-09-29','0000-00-00 00:00:00',NULL,NULL,'Exemple de séquence pédagogique.',0),(1491,40,42,'VAA60429','2013-09-29','0000-00-00 00:00:00',NULL,NULL,'Exemple de séquence pédagogique.',0),(1492,232,42,'VAA60433','2013-09-29','0000-00-00 00:00:00',NULL,NULL,'Exemple de séquence pédagogique.',0),(1493,187,42,'VAA60429','2013-10-29','0000-00-00 00:00:00',NULL,NULL,'Exemple de séquence pédagogique.',0),(1494,122,42,'VAA60498','2013-10-29','0000-00-00 00:00:00',NULL,NULL,'Exemple de séquence pédagogique.',0),(1495,20,42,'VAA60412','2013-10-29','0000-00-00 00:00:00',NULL,NULL,'Exemple de séquence pédagogique.',0),(1496,577,42,'VAA60494','2013-11-29','0000-00-00 00:00:00',NULL,NULL,'Exemple de séquence pédagogique.',0),(1497,488,42,'VAA60414','2013-11-29','0000-00-00 00:00:00',NULL,NULL,'Exemple de séquence pédagogique.',0),(1498,402,42,'VAA60406','2013-12-29','0000-00-00 00:00:00',NULL,NULL,'Exemple de séquence pédagogique.',0),(1499,100,42,'VAA60481','2013-12-29','0000-00-00 00:00:00',NULL,NULL,'Exemple de séquence pédagogique.',0),(1500,78,42,'VAA60483','2013-12-29','0000-00-00 00:00:00',NULL,NULL,'Exemple de séquence pédagogique.',0),(1501,85,42,'VAA60483','2013-12-29','0000-00-00 00:00:00',NULL,NULL,'Exemple de séquence pédagogique.',0);
/*!40000 ALTER TABLE `cours` ENABLE KEYS */;
UNLOCK TABLES;

--
-- Table structure for table `cours_ressources`
--

DROP TABLE IF EXISTS `cours_ressources`;
/*!40101 SET @saved_cs_client     = @@character_set_client */;
/*!40101 SET character_set_client = utf8 */;
CREATE TABLE `cours_ressources` (
  `cours_id` int(11) NOT NULL,
  `ressource_id` int(11) NOT NULL,
  PRIMARY KEY (`cours_id`,`ressource_id`),
  KEY `cours_ressources_ressource_id_cours_id_index` (`ressource_id`,`cours_id`),
  CONSTRAINT `cours_ressources_ibfk_1` FOREIGN KEY (`cours_id`) REFERENCES `cours` (`id`),
  CONSTRAINT `cours_ressources_ibfk_2` FOREIGN KEY (`ressource_id`) REFERENCES `ressources` (`id`)
) ENGINE=InnoDB DEFAULT CHARSET=latin1;
/*!40101 SET character_set_client = @saved_cs_client */;

--
-- Dumping data for table `cours_ressources`
--

LOCK TABLES `cours_ressources` WRITE;
/*!40000 ALTER TABLE `cours_ressources` DISABLE KEYS */;
/*!40000 ALTER TABLE `cours_ressources` ENABLE KEYS */;
UNLOCK TABLES;

--
-- Table structure for table `creneaux_emploi_du_temps`
--

DROP TABLE IF EXISTS `creneaux_emploi_du_temps`;
/*!40101 SET @saved_cs_client     = @@character_set_client */;
/*!40101 SET character_set_client = utf8 */;
CREATE TABLE `creneaux_emploi_du_temps` (
  `id` int(11) NOT NULL AUTO_INCREMENT,
  `debut` int(11) DEFAULT NULL,
  `fin` int(11) DEFAULT NULL,
  `jour_de_la_semaine` int(11) NOT NULL,
  `matiere_id` varchar(255) NOT NULL,
  PRIMARY KEY (`id`),
  KEY `debut` (`debut`),
  KEY `fin` (`fin`),
  CONSTRAINT `creneaux_emploi_du_temps_ibfk_1` FOREIGN KEY (`debut`) REFERENCES `plages_horaires` (`id`),
  CONSTRAINT `creneaux_emploi_du_temps_ibfk_2` FOREIGN KEY (`fin`) REFERENCES `plages_horaires` (`id`)
) ENGINE=InnoDB AUTO_INCREMENT=702 DEFAULT CHARSET=latin1;
/*!40101 SET character_set_client = @saved_cs_client */;

--
-- Dumping data for table `creneaux_emploi_du_temps`
--

LOCK TABLES `creneaux_emploi_du_temps` WRITE;
/*!40000 ALTER TABLE `creneaux_emploi_du_temps` DISABLE KEYS */;
INSERT INTO `creneaux_emploi_du_temps` VALUES (1,7,9,1,'031103'),(2,1,3,2,'031103'),(3,14,16,4,'031103'),(4,14,16,4,'031103'),(5,5,7,5,'031103'),(6,7,9,5,'031103'),(7,14,16,5,'031103'),(8,3,5,1,'309300'),(9,12,14,1,'309300'),(10,12,14,1,'309300'),(11,16,18,1,'309300'),(12,7,9,4,'309300'),(13,1,3,5,'309300'),(14,14,16,5,'309300'),(15,3,5,1,'380600'),(16,5,7,1,'380600'),(17,7,9,1,'380600'),(18,16,18,1,'380600'),(19,1,3,2,'380600'),(20,3,5,2,'380600'),(21,5,7,2,'380600'),(22,5,7,2,'380600'),(23,7,9,2,'380600'),(24,7,9,3,'380600'),(25,16,18,4,'380600'),(26,12,14,5,'380600'),(27,14,16,5,'380600'),(28,16,18,5,'380600'),(29,18,20,5,'380600'),(30,3,5,1,'313200'),(31,5,7,1,'313200'),(32,7,9,1,'313200'),(33,12,14,1,'313200'),(34,7,9,2,'313200'),(35,1,3,3,'313200'),(36,5,7,3,'313200'),(37,12,14,4,'313200'),(38,14,16,4,'313200'),(39,14,16,1,'032501'),(40,18,20,1,'032501'),(41,5,7,2,'032501'),(42,14,16,2,'032501'),(43,7,9,3,'032501'),(44,7,9,5,'032501'),(45,1,3,1,'011700'),(46,1,3,1,'011700'),(47,1,3,1,'011700'),(48,3,5,1,'011700'),(49,3,5,1,'011700'),(50,5,7,1,'011700'),(51,5,7,1,'011700'),(52,7,9,1,'011700'),(53,7,9,1,'011700'),(54,12,14,1,'011700'),(55,12,14,1,'011700'),(56,12,14,1,'011700'),(57,12,14,1,'011700'),(58,14,16,1,'011700'),(59,14,16,1,'011700'),(60,14,16,1,'011700'),(61,16,18,1,'011700'),(62,16,18,1,'011700'),(63,16,18,1,'011700'),(64,1,3,2,'011700'),(65,1,3,2,'011700'),(66,1,3,2,'011700'),(67,1,3,2,'011700'),(68,1,3,2,'011700'),(69,3,5,2,'011700'),(70,3,5,2,'011700'),(71,3,5,2,'011700'),(72,3,5,2,'011700'),(73,5,7,2,'011700'),(74,5,7,2,'011700'),(75,7,9,2,'011700'),(76,7,9,2,'011700'),(77,12,14,2,'011700'),(78,12,14,2,'011700'),(79,12,14,2,'011700'),(80,12,14,2,'011700'),(81,14,16,2,'011700'),(82,14,16,2,'011700'),(83,14,16,2,'011700'),(84,16,18,2,'011700'),(85,16,18,2,'011700'),(86,1,3,3,'011700'),(87,3,5,3,'011700'),(88,3,5,3,'011700'),(89,3,5,3,'011700'),(90,5,7,3,'011700'),(91,7,9,3,'011700'),(92,7,9,3,'011700'),(93,1,3,4,'011700'),(94,14,16,4,'011700'),(95,16,18,4,'011700'),(96,16,18,4,'011700'),(97,1,3,5,'011700'),(98,1,3,5,'011700'),(99,3,5,5,'011700'),(100,3,5,5,'011700'),(101,5,7,5,'011700'),(102,5,7,5,'011700'),(103,7,9,5,'011700'),(104,7,9,5,'011700'),(105,12,14,5,'011700'),(106,12,14,5,'011700'),(107,14,16,5,'011700'),(108,16,18,5,'011700'),(109,16,18,5,'011700'),(110,18,20,5,'011700'),(111,3,5,1,'285300'),(112,5,7,1,'285300'),(113,7,9,1,'285300'),(114,12,14,1,'285300'),(115,7,9,2,'285300'),(116,1,3,3,'285300'),(117,5,7,3,'285300'),(118,12,14,4,'285300'),(119,14,16,4,'285300'),(120,1,3,3,'031301'),(121,3,5,3,'031301'),(122,5,7,3,'031301'),(123,7,9,3,'031301'),(124,5,7,4,'031301'),(125,7,9,4,'031301'),(126,12,14,4,'031301'),(127,14,16,4,'031301'),(128,16,18,4,'031301'),(129,1,3,5,'031301'),(130,3,5,5,'031301'),(131,5,7,5,'031301'),(132,7,9,5,'031301'),(133,12,14,5,'031301'),(134,14,16,5,'031301'),(135,16,18,5,'031301'),(136,14,16,1,'036407'),(137,16,18,1,'036407'),(138,18,20,1,'036407'),(139,9,11,2,'036407'),(140,12,14,2,'036407'),(141,3,5,3,'036407'),(142,1,3,1,'312800'),(143,1,5,1,'312800'),(144,3,5,1,'312800'),(145,5,7,1,'312800'),(146,5,7,1,'312800'),(147,5,9,1,'312800'),(148,5,9,1,'312800'),(149,7,9,1,'312800'),(150,7,9,1,'312800'),(151,12,14,1,'312800'),(152,12,14,1,'312800'),(153,12,16,1,'312800'),(154,14,16,1,'312800'),(155,14,16,1,'312800'),(156,16,18,1,'312800'),(157,1,3,2,'312800'),(158,1,3,2,'312800'),(159,1,5,2,'312800'),(160,1,5,2,'312800'),(161,3,5,2,'312800'),(162,3,5,2,'312800'),(163,5,7,2,'312800'),(164,5,7,2,'312800'),(165,5,9,2,'312800'),(166,5,9,2,'312800'),(167,7,9,2,'312800'),(168,7,9,2,'312800'),(169,12,14,2,'312800'),(170,12,14,2,'312800'),(171,12,16,2,'312800'),(172,14,16,2,'312800'),(173,16,18,2,'312800'),(174,1,5,3,'312800'),(175,1,5,3,'312800'),(176,5,9,3,'312800'),(177,5,9,3,'312800'),(178,5,9,4,'312800'),(179,12,16,4,'312800'),(180,12,16,4,'312800'),(181,16,18,4,'312800'),(182,16,18,4,'312800'),(183,1,5,5,'312800'),(184,5,9,5,'312800'),(185,5,9,5,'312800'),(186,5,9,5,'312800'),(187,12,14,5,'312800'),(188,12,14,5,'312800'),(189,14,16,5,'312800'),(190,14,16,5,'312800'),(191,16,18,5,'312800'),(192,3,5,1,'450200'),(193,5,7,1,'450200'),(194,5,7,1,'450200'),(195,7,9,1,'450200'),(196,7,9,1,'450200'),(197,12,14,1,'450200'),(198,12,14,1,'450200'),(199,16,18,1,'450200'),(200,1,3,2,'450200'),(201,3,5,2,'450200'),(202,5,7,2,'450200'),(203,7,9,2,'450200'),(204,12,14,2,'450200'),(205,14,16,2,'450200'),(206,16,18,2,'450200'),(207,16,18,2,'450200'),(208,1,3,4,'450200'),(209,3,5,4,'450200'),(210,7,9,4,'450200'),(211,12,14,4,'450200'),(212,14,16,4,'450200'),(213,14,16,4,'450200'),(214,1,3,5,'450200'),(215,5,7,5,'450200'),(216,14,16,5,'450200'),(217,14,16,5,'450200'),(218,16,18,5,'450200'),(219,1,3,1,'414200'),(220,3,5,1,'414200'),(221,3,5,1,'414200'),(222,12,14,1,'414200'),(223,14,16,1,'414200'),(224,14,16,1,'414200'),(225,16,18,1,'414200'),(226,1,3,2,'414200'),(227,3,5,2,'414200'),(228,5,7,2,'414200'),(229,12,14,2,'414200'),(230,14,16,2,'414200'),(231,16,18,2,'414200'),(232,3,5,3,'414200'),(233,5,7,3,'414200'),(234,7,9,3,'414200'),(235,1,3,4,'414200'),(236,3,5,4,'414200'),(237,5,7,4,'414200'),(238,12,14,4,'414200'),(239,14,16,4,'414200'),(240,16,18,4,'414200'),(241,18,20,4,'414200'),(242,12,14,5,'414200'),(243,16,18,5,'414200'),(244,1,5,1,'174100'),(245,1,3,1,'174100'),(246,1,3,1,'174100'),(247,3,5,1,'174100'),(248,3,5,1,'174100'),(249,3,5,1,'174100'),(250,3,5,1,'174100'),(251,3,5,1,'174100'),(252,5,7,1,'174100'),(253,5,7,1,'174100'),(254,5,7,1,'174100'),(255,5,7,1,'174100'),(256,5,7,1,'174100'),(257,7,9,1,'174100'),(258,7,9,1,'174100'),(259,7,9,1,'174100'),(260,7,9,1,'174100'),(261,7,9,1,'174100'),(262,12,14,1,'174100'),(263,12,14,1,'174100'),(264,14,16,1,'174100'),(265,14,16,1,'174100'),(266,14,16,1,'174100'),(267,16,18,1,'174100'),(268,16,18,1,'174100'),(269,1,3,2,'174100'),(270,1,3,2,'174100'),(271,1,3,2,'174100'),(272,1,3,2,'174100'),(273,1,5,2,'174100'),(274,1,3,2,'174100'),(275,3,5,2,'174100'),(276,3,5,2,'174100'),(277,3,5,2,'174100'),(278,3,5,2,'174100'),(279,3,5,2,'174100'),(280,5,7,2,'174100'),(281,5,7,2,'174100'),(282,5,7,2,'174100'),(283,5,9,2,'174100'),(284,5,7,2,'174100'),(285,7,9,2,'174100'),(286,7,9,2,'174100'),(287,7,9,2,'174100'),(288,7,9,2,'174100'),(289,7,9,2,'174100'),(290,7,9,2,'174100'),(291,12,14,2,'174100'),(292,12,14,2,'174100'),(293,12,14,2,'174100'),(294,12,14,2,'174100'),(295,12,14,2,'174100'),(296,14,16,2,'174100'),(297,14,16,2,'174100'),(298,14,16,2,'174100'),(299,16,18,2,'174100'),(300,16,18,2,'174100'),(301,16,18,2,'174100'),(302,16,18,2,'174100'),(303,18,20,2,'174100'),(304,18,20,2,'174100'),(305,1,3,3,'174100'),(306,1,3,3,'174100'),(307,5,7,3,'174100'),(308,5,7,3,'174100'),(309,5,7,3,'174100'),(310,5,7,3,'174100'),(311,7,9,3,'174100'),(312,7,9,3,'174100'),(313,1,3,4,'174100'),(314,1,3,4,'174100'),(315,3,5,4,'174100'),(316,3,5,4,'174100'),(317,3,5,4,'174100'),(318,5,7,4,'174100'),(319,5,7,4,'174100'),(320,5,7,4,'174100'),(321,5,7,4,'174100'),(322,7,9,4,'174100'),(323,7,9,4,'174100'),(324,7,9,4,'174100'),(325,7,9,4,'174100'),(326,14,16,4,'174100'),(327,16,18,4,'174100'),(328,1,5,5,'174100'),(329,1,3,5,'174100'),(330,1,3,5,'174100'),(331,3,5,5,'174100'),(332,3,5,5,'174100'),(333,5,9,5,'174100'),(334,5,7,5,'174100'),(335,5,7,5,'174100'),(336,7,9,5,'174100'),(337,7,9,5,'174100'),(338,12,14,5,'174100'),(339,14,16,5,'174100'),(340,16,18,5,'174100'),(341,18,20,5,'174100'),(342,9,11,1,'412300'),(343,14,16,2,'412300'),(344,1,3,1,'000700'),(345,1,3,1,'000700'),(346,3,5,1,'000700'),(347,3,5,1,'000700'),(348,5,7,1,'000700'),(349,5,7,1,'000700'),(350,7,9,1,'000700'),(351,12,14,1,'000700'),(352,16,18,1,'000700'),(353,16,18,1,'000700'),(354,16,18,1,'000700'),(355,18,20,1,'000700'),(356,1,3,2,'000700'),(357,1,3,2,'000700'),(358,1,3,2,'000700'),(359,3,5,2,'000700'),(360,3,5,2,'000700'),(361,3,5,2,'000700'),(362,5,7,2,'000700'),(363,5,7,2,'000700'),(364,7,9,2,'000700'),(365,7,9,2,'000700'),(366,12,14,2,'000700'),(367,12,14,2,'000700'),(368,12,14,2,'000700'),(369,14,16,2,'000700'),(370,14,16,2,'000700'),(371,16,18,2,'000700'),(372,1,3,3,'000700'),(373,3,5,3,'000700'),(374,5,7,3,'000700'),(375,7,9,3,'000700'),(376,1,3,4,'000700'),(377,3,5,4,'000700'),(378,3,5,4,'000700'),(379,5,7,4,'000700'),(380,7,9,4,'000700'),(381,12,14,4,'000700'),(382,16,18,4,'000700'),(383,16,18,4,'000700'),(384,18,20,4,'000700'),(385,1,3,5,'000700'),(386,3,5,5,'000700'),(387,3,5,5,'000700'),(388,5,7,5,'000700'),(389,12,14,5,'000700'),(390,12,14,5,'000700'),(391,12,14,5,'000700'),(392,14,16,5,'000700'),(393,16,18,5,'000700'),(394,16,18,5,'000700'),(395,1,3,1,'002300'),(396,3,5,1,'002300'),(397,3,5,1,'002300'),(398,5,7,1,'002300'),(399,5,7,1,'002300'),(400,7,9,1,'002300'),(401,12,14,1,'002300'),(402,12,14,1,'002300'),(403,14,16,1,'002300'),(404,16,18,1,'002300'),(405,5,7,2,'002300'),(406,7,9,2,'002300'),(407,12,14,2,'002300'),(408,14,16,2,'002300'),(409,14,16,2,'002300'),(410,16,18,2,'002300'),(411,1,3,3,'002300'),(412,5,7,3,'002300'),(413,7,9,3,'002300'),(414,1,3,4,'002300'),(415,5,7,4,'002300'),(416,7,9,4,'002300'),(417,12,14,4,'002300'),(418,14,16,4,'002300'),(419,16,18,4,'002300'),(420,18,20,4,'002300'),(421,1,3,1,'067000'),(422,12,14,1,'067000'),(423,14,16,1,'067000'),(424,16,18,1,'067000'),(425,18,20,1,'067000'),(426,1,3,2,'067000'),(427,9,11,2,'067000'),(428,12,14,2,'067000'),(429,3,5,3,'067000'),(430,1,3,4,'067000'),(431,12,14,4,'067000'),(432,1,3,1,'344900'),(433,1,3,1,'344900'),(434,1,3,1,'344900'),(435,3,5,1,'344900'),(436,3,5,1,'344900'),(437,3,5,1,'344900'),(438,3,5,1,'344900'),(439,3,5,1,'344900'),(440,3,5,1,'344900'),(441,5,7,1,'344900'),(442,5,7,1,'344900'),(443,5,7,1,'344900'),(444,5,7,1,'344900'),(445,5,7,1,'344900'),(446,7,9,1,'344900'),(447,7,9,1,'344900'),(448,7,9,1,'344900'),(449,7,9,1,'344900'),(450,7,9,1,'344900'),(451,12,14,1,'344900'),(452,12,14,1,'344900'),(453,12,14,1,'344900'),(454,14,16,1,'344900'),(455,14,16,1,'344900'),(456,14,16,1,'344900'),(457,16,18,1,'344900'),(458,16,18,1,'344900'),(459,16,18,1,'344900'),(460,16,18,1,'344900'),(461,18,20,1,'344900'),(462,18,20,1,'344900'),(463,1,3,2,'344900'),(464,1,3,2,'344900'),(465,1,3,2,'344900'),(466,3,5,2,'344900'),(467,3,5,2,'344900'),(468,3,5,2,'344900'),(469,5,7,2,'344900'),(470,5,7,2,'344900'),(471,5,7,2,'344900'),(472,5,7,2,'344900'),(473,7,9,2,'344900'),(474,7,9,2,'344900'),(475,7,9,2,'344900'),(476,7,9,2,'344900'),(477,7,9,2,'344900'),(478,12,14,2,'344900'),(479,12,14,2,'344900'),(480,14,16,2,'344900'),(481,16,18,2,'344900'),(482,1,3,3,'344900'),(483,1,3,3,'344900'),(484,1,3,3,'344900'),(485,3,5,3,'344900'),(486,3,5,3,'344900'),(487,3,5,3,'344900'),(488,5,7,3,'344900'),(489,7,9,3,'344900'),(490,7,9,3,'344900'),(491,7,9,3,'344900'),(492,1,3,4,'344900'),(493,1,3,4,'344900'),(494,3,5,4,'344900'),(495,3,5,4,'344900'),(496,3,5,4,'344900'),(497,5,7,4,'344900'),(498,5,7,4,'344900'),(499,5,7,4,'344900'),(500,5,7,4,'344900'),(501,7,9,4,'344900'),(502,7,9,4,'344900'),(503,7,9,4,'344900'),(504,12,14,4,'344900'),(505,12,14,4,'344900'),(506,12,14,4,'344900'),(507,14,16,4,'344900'),(508,16,18,4,'344900'),(509,16,18,4,'344900'),(510,18,20,4,'344900'),(511,1,3,5,'344900'),(512,1,3,5,'344900'),(513,1,3,5,'344900'),(514,3,5,5,'344900'),(515,3,5,5,'344900'),(516,5,7,5,'344900'),(517,5,7,5,'344900'),(518,7,9,5,'344900'),(519,7,9,5,'344900'),(520,12,14,5,'344900'),(521,14,16,5,'344900'),(522,16,18,5,'344900'),(523,1,3,1,'031111'),(524,3,5,1,'031111'),(525,5,7,1,'031111'),(526,7,9,1,'031111'),(527,12,14,1,'031111'),(528,14,16,1,'031111'),(529,14,16,1,'031111'),(530,14,16,1,'031111'),(531,16,18,1,'031111'),(532,16,18,1,'031111'),(533,1,3,2,'031111'),(534,3,5,2,'031111'),(535,5,7,2,'031111'),(536,12,14,2,'031111'),(537,14,16,2,'031111'),(538,14,16,2,'031111'),(539,1,3,4,'031111'),(540,3,5,4,'031111'),(541,5,7,4,'031111'),(542,7,9,4,'031111'),(543,14,16,4,'031111'),(544,1,3,5,'031111'),(545,1,3,5,'031111'),(546,3,5,5,'031111'),(547,5,7,5,'031111'),(548,7,9,5,'031111'),(549,12,14,5,'031111'),(550,14,16,5,'031111'),(551,16,18,5,'031111'),(552,1,3,1,'413900'),(553,7,9,1,'413900'),(554,14,16,1,'413900'),(555,14,16,1,'413900'),(556,3,5,2,'413900'),(557,7,9,2,'413900'),(558,14,16,2,'413900'),(559,3,5,4,'413900'),(560,7,9,4,'413900'),(561,14,16,4,'413900'),(562,1,3,1,'030211'),(563,1,3,1,'030211'),(564,1,3,1,'030211'),(565,3,5,1,'030211'),(566,3,5,1,'030211'),(567,3,5,1,'030211'),(568,5,7,1,'030211'),(569,5,7,1,'030211'),(570,5,7,1,'030211'),(571,7,9,1,'030211'),(572,7,9,1,'030211'),(573,7,9,1,'030211'),(574,12,14,1,'030211'),(575,1,3,2,'030211'),(576,5,7,2,'030211'),(577,7,9,2,'030211'),(578,12,14,2,'030211'),(579,12,14,2,'030211'),(580,16,18,2,'030211'),(581,16,18,2,'030211'),(582,1,3,3,'030211'),(583,3,5,3,'030211'),(584,5,7,3,'030211'),(585,7,9,3,'030211'),(586,3,5,4,'030211'),(587,3,5,4,'030211'),(588,5,7,4,'030211'),(589,7,9,4,'030211'),(590,12,14,4,'030211'),(591,12,14,4,'030211'),(592,14,16,4,'030211'),(593,16,18,4,'030211'),(594,18,20,4,'030211'),(595,1,3,5,'030211'),(596,1,3,5,'030211'),(597,3,5,5,'030211'),(598,5,7,5,'030211'),(599,5,7,5,'030211'),(600,7,9,5,'030211'),(601,7,9,5,'030211'),(602,12,14,5,'030211'),(603,12,14,5,'030211'),(604,12,14,5,'030211'),(605,14,16,5,'030211'),(606,16,18,5,'030211'),(607,16,18,5,'030211'),(608,1,3,1,'107500'),(609,1,3,1,'107500'),(610,3,5,1,'107500'),(611,3,5,1,'107500'),(612,5,7,1,'107500'),(613,5,7,1,'107500'),(614,5,7,1,'107500'),(615,7,9,1,'107500'),(616,7,9,1,'107500'),(617,7,9,1,'107500'),(618,7,9,1,'107500'),(619,7,9,1,'107500'),(620,7,9,1,'107500'),(621,7,9,1,'107500'),(622,7,9,1,'107500'),(623,12,14,1,'107500'),(624,12,14,1,'107500'),(625,12,14,1,'107500'),(626,12,14,1,'107500'),(627,12,14,1,'107500'),(628,12,14,1,'107500'),(629,14,16,1,'107500'),(630,14,16,1,'107500'),(631,14,16,1,'107500'),(632,16,18,1,'107500'),(633,16,18,1,'107500'),(634,16,18,1,'107500'),(635,16,18,1,'107500'),(636,16,18,1,'107500'),(637,1,3,2,'107500'),(638,1,3,2,'107500'),(639,1,3,2,'107500'),(640,1,3,2,'107500'),(641,3,5,2,'107500'),(642,3,5,2,'107500'),(643,3,5,2,'107500'),(644,3,5,2,'107500'),(645,5,7,2,'107500'),(646,5,7,2,'107500'),(647,5,7,2,'107500'),(648,7,9,2,'107500'),(649,7,9,2,'107500'),(650,7,9,2,'107500'),(651,7,9,2,'107500'),(652,7,9,2,'107500'),(653,7,9,2,'107500'),(654,7,9,2,'107500'),(655,12,14,2,'107500'),(656,12,14,2,'107500'),(657,12,14,2,'107500'),(658,12,14,2,'107500'),(659,12,14,2,'107500'),(660,14,16,2,'107500'),(661,14,16,2,'107500'),(662,14,16,2,'107500'),(663,14,16,2,'107500'),(664,16,18,2,'107500'),(665,16,18,2,'107500'),(666,16,18,2,'107500'),(667,16,18,2,'107500'),(668,16,18,2,'107500'),(669,1,3,3,'107500'),(670,1,3,3,'107500'),(671,1,3,3,'107500'),(672,3,5,3,'107500'),(673,3,5,3,'107500'),(674,5,7,3,'107500'),(675,5,7,3,'107500'),(676,14,16,4,'107500'),(677,16,18,4,'107500'),(678,1,3,5,'107500'),(679,3,5,1,'175200'),(680,5,7,1,'175200'),(681,5,7,1,'175200'),(682,12,14,1,'175200'),(683,14,16,1,'175200'),(684,16,18,1,'175200'),(685,5,7,3,'175200'),(686,1,3,4,'175200'),(687,3,5,4,'175200'),(688,12,14,4,'175200'),(689,12,14,4,'175200'),(690,16,18,4,'175200'),(691,16,18,4,'175200'),(692,12,14,5,'175200'),(693,14,16,5,'175200'),(694,16,18,5,'175200'),(695,14,16,1,'005000'),(696,1,3,1,'052100'),(697,16,18,1,'052100'),(698,18,20,1,'052100'),(699,12,14,2,'052100'),(700,14,16,2,'052100'),(701,16,18,2,'052100');
/*!40000 ALTER TABLE `creneaux_emploi_du_temps` ENABLE KEYS */;
UNLOCK TABLES;

--
-- Table structure for table `creneaux_emploi_du_temps_enseignants`
--

DROP TABLE IF EXISTS `creneaux_emploi_du_temps_enseignants`;
/*!40101 SET @saved_cs_client     = @@character_set_client */;
/*!40101 SET character_set_client = utf8 */;
CREATE TABLE `creneaux_emploi_du_temps_enseignants` (
  `creneau_emploi_du_temps_id` int(11) NOT NULL DEFAULT '0',
  `enseignant_id` varchar(255) NOT NULL DEFAULT '',
  `semaines_de_presence` bigint(20) DEFAULT '9007199254740991',
  PRIMARY KEY (`creneau_emploi_du_temps_id`,`enseignant_id`),
  CONSTRAINT `creneaux_emploi_du_temps_enseignants_ibfk_1` FOREIGN KEY (`creneau_emploi_du_temps_id`) REFERENCES `creneaux_emploi_du_temps` (`id`)
) ENGINE=InnoDB DEFAULT CHARSET=latin1;
/*!40101 SET character_set_client = @saved_cs_client */;

--
-- Dumping data for table `creneaux_emploi_du_temps_enseignants`
--

LOCK TABLES `creneaux_emploi_du_temps_enseignants` WRITE;
/*!40000 ALTER TABLE `creneaux_emploi_du_temps_enseignants` DISABLE KEYS */;
INSERT INTO `creneaux_emploi_du_temps_enseignants` VALUES (2,'VAA60414',2),(3,'VAA60494',5791030531412),(4,'VAA60494',11719500409002),(5,'VAA60414',35171436461566),(6,'VAA60414',35171436461566),(7,'VAA60433',35171436461566),(9,'VAA60474',17302225026556),(10,'VAA60404',17302225026556),(11,'VAA60474',17302225026556),(12,'VAA60400',11719500409002),(13,'VAA60462',5859750008148),(14,'VAA60494',35171436461566),(15,'VAA60412',17302225026556),(16,'VAA60412',17302225026556),(18,'VAA60412',17302225026556),(19,'VAA60412',17579250417148),(20,'VAA60412',35171436461566),(21,'VAA60412',2),(22,'VAA60412',17579250417148),(23,'VAA60412',17579250417148),(24,'VAA60412',35068357246462),(25,'VAA60412',35102716984830),(26,'VAA60412',35171436461566),(27,'VAA60412',35171436461566),(28,'VAA60412',35171436461566),(29,'VAA60412',35171436461566),(32,'VAA60412',17302225026556),(33,'VAA60412',17302225026556),(34,'VAA60412',2),(35,'VAA60412',35068357246462),(36,'VAA60412',35068357246462),(37,'VAA60412',35102716984822),(38,'VAA60412',35102716984830),(40,'VAA60429',17302225026556),(41,'VAA60479',17579250417148),(42,'VAA60429',2),(43,'VAA60429',35068357246462),(44,'VAA60479',35171436461566),(46,'VAA60483',17302225026556),(47,'VAA60481',17302225026556),(49,'VAA60483',17302225026556),(51,'VAA60481',17302225026556),(53,'VAA60481',17302225026556),(57,'VAA60479',17302225026556),(59,'VAA60429',34894411070972),(60,'VAA60479',17302225026556),(61,'VAA60479',17302225026556),(62,'VAA60429',17302225026556),(63,'VAA60483',17302225026556),(64,'VAA60481',2),(65,'VAA60429',2),(66,'VAA60479',17579250417144),(67,'VAA60483',17579250417148),(68,'VAA60481',17579250417148),(69,'VAA60481',2),(70,'VAA60483',35171436461566),(71,'VAA60479',17579250417144),(72,'VAA60481',17579250417148),(73,'VAA60481',2),(74,'VAA60481',17579250417148),(75,'VAA60481',17579250417148),(76,'VAA60479',17579250417148),(77,'VAA60483',2),(78,'VAA60483',17579250417148),(79,'VAA60479',17579250417148),(80,'VAA60429',17579250417148),(81,'VAA60483',2),(82,'VAA60481',17579250417148),(83,'VAA60479',17579250417148),(84,'VAA60481',17579250417148),(85,'VAA60483',17579250417148),(86,'VAA60479',35068357246462),(87,'VAA60479',35068357246462),(88,'VAA60481',35068357246406),(89,'VAA60429',35068357246462),(90,'VAA60481',35068357246406),(91,'VAA60479',35068357246462),(92,'VAA60481',35068357246406),(93,'VAA60429',35102716984830),(94,'VAA60483',35102716984830),(95,'VAA60429',35102716984830),(96,'VAA60483',35102716984830),(97,'VAA60479',35171436461566),(98,'VAA60483',35171436461566),(99,'VAA60479',35171436461566),(100,'VAA60481',35171436461566),(101,'VAA60479',35171436461566),(102,'VAA60481',35171436461566),(103,'VAA60481',35171436461566),(104,'VAA60483',35171436461566),(105,'VAA60481',35171436461566),(106,'VAA60479',35171436461566),(107,'VAA60479',35171436461566),(108,'VAA60479',35171436461566),(109,'VAA60481',35171436461566),(110,'VAA60481',35171436461566),(113,'VAA60429',17302225026556),(114,'VAA60429',17302225026556),(115,'VAA60429',2),(116,'VAA60429',35068357246462),(117,'VAA60429',35068357246462),(118,'VAA60429',35102716984830),(119,'VAA60429',35102716984830),(120,'VAA60498',35068357246462),(121,'VAA60498',35068357246462),(122,'VAA60498',35068357246462),(123,'VAA60498',35068357246462),(124,'VAA60498',35102716984830),(125,'VAA60498',35102716984822),(126,'VAA60498',35102716984830),(127,'VAA60498',35102716984830),(128,'VAA60498',35102716984830),(129,'VAA60498',35171436461566),(130,'VAA60498',35171436461566),(131,'VAA60498',35171436461566),(132,'VAA60498',35171436461566),(133,'VAA60498',35171436461566),(134,'VAA60498',35171436461566),(135,'VAA60498',35171436461566),(136,'VAA60495',17302225026556),(139,'VAA60495',2),(140,'VAA60495',17579250417148),(141,'VAA60495',35068357246462),(143,'VAA60429',17302225026556),(147,'VAA60418',17302225026556),(148,'VAA60429',17302225026556),(152,'VAA60418',34894411070972),(153,'VAA60476',17302225026556),(155,'VAA60418',34894411070972),(156,'VAA60476',34894411070972),(157,'VAA60429',2),(158,'VAA60418',2),(159,'VAA60429',17579250417148),(160,'VAA60418',17579250417148),(161,'VAA60429',2),(162,'VAA60418',2),(163,'VAA60418',2),(164,'VAA60429',2),(165,'VAA60418',17579250417148),(166,'VAA60429',17579250417148),(167,'VAA60418',2),(168,'VAA60429',2),(169,'VAA60490',2),(170,'VAA60429',35171436461566),(171,'VAA60490',17579250417148),(172,'VAA60490',2),(173,'VAA60490',35171436461566),(174,'VAA60476',35068357246462),(175,'VAA60490',35068357246430),(176,'VAA60476',35068357246462),(177,'VAA60490',35068357246462),(178,'VAA60418',35102716984830),(179,'VAA60418',35102716984830),(180,'VAA60429',35102716984830),(181,'VAA60429',35102716984830),(182,'VAA60418',35102716984830),(183,'VAA60418',35171436461566),(184,'VAA60418',35171436461566),(185,'VAA60490',35171436461566),(186,'VAA60429',35171436461566),(187,'VAA60429',35171436461566),(188,'VAA60490',35171436461566),(189,'VAA60429',35171436461566),(190,'VAA60490',35171436461566),(191,'VAA60490',35171436461566),(192,'VAA60415',17302225026556),(193,'VAA60415',17302225026556),(194,'VAA60480',17302225026556),(200,'VAA60415',17579250417148),(201,'VAA60415',2),(202,'VAA60480',2),(203,'VAA60415',17579250417148),(204,'VAA60444',2),(205,'VAA60415',2),(206,'VAA60415',2),(207,'VAA60444',2),(208,'VAA60407',35102716984830),(209,'VAA60415',35102716984830),(210,'VAA60407',35102716984830),(211,'VAA60480',35102716984826),(212,'VAA60480',35102716984826),(213,'VAA60407',35102716984830),(214,'VAA60407',35171436461566),(215,'VAA60480',35171436461546),(216,'VAA60415',35171436461566),(217,'VAA60480',35171436461546),(218,'VAA60480',35171436461546),(219,'VAA60433',17302225026428),(221,'VAA60433',17302225026556),(224,'VAA60433',17302225026524),(225,'VAA60433',17302225026524),(226,'VAA60433',2),(227,'VAA60433',2),(228,'VAA60433',2),(229,'VAA60433',2),(230,'VAA60433',2),(231,'VAA60433',2),(232,'VAA60433',35068357246462),(233,'VAA60433',35068357246462),(234,'VAA60433',35068357246462),(235,'VAA60433',35102716984822),(236,'VAA60433',35102716984822),(237,'VAA60433',35102716984822),(238,'VAA60433',35102716984822),(239,'VAA60433',35102716984822),(240,'VAA60433',35102716984822),(241,'VAA60433',35102716984822),(242,'VAA60433',35171436461566),(243,'VAA60433',35171436461566),(245,'VAA60490',17302225026556),(246,'VAA60407',17302225026556),(249,'VAA60407',17302225026556),(250,'VAA60474',17302225026556),(251,'VAA60458',17302225026556),(253,'VAA60490',34894411070972),(254,'VAA60474',17302225026556),(255,'VAA60407',17302225026556),(256,'VAA60436',17302225026556),(258,'VAA60436',34894411070972),(260,'VAA60407',17302225026556),(261,'VAA60490',17302225026556),(266,'VAA60474',17302225026556),(268,'VAA60436',5584872101204),(269,'VAA60474',2),(270,'VAA60458',2),(271,'VAA60491',2),(272,'VAA60436',2),(273,'VAA60407',17579250417148),(274,'VAA60490',17579250417148),(275,'VAA60490',2),(276,'VAA60407',2),(276,'VAA60491',2),(277,'VAA60458',2),(278,'VAA60474',17579250417148),(279,'VAA60490',17579250417148),(280,'VAA60474',2),(281,'VAA60490',35171436461566),(282,'VAA60436',2),(283,'VAA60407',17579250417148),(284,'VAA60474',17579250417148),(285,'VAA60407',2),(285,'VAA60491',2),(286,'VAA60474',2),(287,'VAA60436',2),(288,'VAA60490',2),(289,'VAA60474',17579250417148),(290,'VAA60490',17579250417148),(291,'VAA60491',2),(292,'VAA60458',2),(293,'VAA60436',2),(294,'VAA60458',17579250417148),(295,'VAA60407',17579250417148),(296,'VAA60458',2),(297,'VAA60491',2),(298,'VAA60458',17579250417148),(299,'VAA60407',2),(299,'VAA60491',2),(300,'VAA60458',17579250417148),(301,'VAA60407',17579250417148),(302,'VAA60436',17579250417148),(303,'VAA60436',17579250417148),(304,'VAA60458',17579250417148),(305,'VAA60458',35068357246462),(306,'VAA60436',35068357246462),(307,'VAA60407',35068357246462),(308,'VAA60474',35068357246462),(309,'VAA60436',35068357246462),(310,'VAA60458',11685140670634),(311,'VAA60407',35068357246462),(312,'VAA60474',35068357246462),(313,'VAA60407',35102716984830),(314,'VAA60458',35102716984822),(315,'VAA60458',35102716984830),(316,'VAA60407',35102716984830),(317,'VAA60436',35102716984830),(318,'VAA60407',35102716984830),(319,'VAA60458',35102716984822),(320,'VAA60474',35102716984830),(321,'VAA60436',35102716984830),(322,'VAA60458',35102716984830),(323,'VAA60474',35102716984830),(324,'VAA60407',35102716984830),(325,'VAA60436',35102716984830),(326,'VAA60474',35102716984830),(327,'VAA60474',35102716984830),(328,'VAA60458',35171436461534),(329,'VAA60436',5859750008148),(330,'VAA60490',5859750008148),(331,'VAA60490',35171436461566),(332,'VAA60436',35171436461566),(333,'VAA60458',35171436461534),(334,'VAA60407',35171436461566),(335,'VAA60436',35171436461566),(336,'VAA60407',35171436461566),(337,'VAA60436',35171436461566),(338,'VAA60458',35171436461566),(339,'VAA60458',35171436461566),(340,'VAA60458',35171436461566),(341,'VAA60458',35171436461566),(343,'VAA60436',17579250417148),(344,'VAA60415',17302225026556),(345,'VAA60480',17302225026556),(347,'VAA60480',17302225026556),(350,'VAA60415',17302225026556),(351,'VAA60415',17302225026556),(353,'VAA60415',17302225026556),(354,'VAA60407',11717352925352),(355,'VAA60407',11717352925352),(356,'VAA60415',2),(357,'VAA60444',2),(358,'VAA60480',2),(359,'VAA60444',2),(360,'VAA60480',2),(361,'VAA60415',17579250417148),(362,'VAA60415',35171436461566),(363,'VAA60444',2),(364,'VAA60480',2),(365,'VAA60444',2),(366,'VAA60415',2),(367,'VAA60480',2),(368,'VAA60415',17579250417148),(369,'VAA60480',2),(370,'VAA60415',17579250417148),(371,'VAA60415',17579250417148),(372,'VAA60480',35068357246458),(373,'VAA60480',35068357246458),(374,'VAA60480',35068357246458),(375,'VAA60480',35068357246458),(376,'VAA60415',35102716984830),(377,'VAA60480',35102716984826),(378,'VAA60407',35102716984830),(379,'VAA60480',35102716984826),(380,'VAA60480',35102716984826),(381,'VAA60407',35102716984830),(382,'VAA60480',35102716984826),(383,'VAA60407',35102716984830),(384,'VAA60480',11719500408994),(385,'VAA60480',35171436461546),(386,'VAA60480',35171436461546),(387,'VAA60407',35171436461566),(388,'VAA60407',35171436461566),(389,'VAA60415',35171436461566),(390,'VAA60407',35171436461566),(391,'VAA60480',11719500409002),(392,'VAA60407',35171436461566),(393,'VAA60415',35171436461566),(394,'VAA60407',35171436461566),(395,'VAA60406',17302225026556),(397,'VAA60406',17302225026556),(399,'VAA60406',17302225026556),(400,'VAA60406',17302225026556),(402,'VAA60406',17302225026556),(403,'VAA60406',34894411070972),(405,'VAA60406',2),(406,'VAA60406',2),(407,'VAA60406',2),(408,'VAA60406',2),(409,'VAA60406',17579250417148),(410,'VAA60406',17579250417148),(411,'VAA60406',35068357246462),(412,'VAA60406',35068357246462),(413,'VAA60406',35068357246462),(414,'VAA60406',35102716984830),(415,'VAA60406',35102716984830),(416,'VAA60406',35102716984830),(417,'VAA60406',35102716984822),(418,'VAA60406',35102716984830),(419,'VAA60406',35102716984830),(420,'VAA60406',35102716984830),(421,'VAA60474',17302225026556),(422,'VAA60436',17302225026556),(423,'VAA60436',17302225026556),(426,'VAA60474',17579250417148),(427,'VAA60436',2),(428,'VAA60436',17579250417148),(429,'VAA60436',35068357246462),(430,'VAA60436',35102716984830),(431,'VAA60474',35102716984830),(434,'VAA60474',17302225026556),(439,'VAA60404',5584872101204),(440,'VAA60474',17302225026540),(445,'VAA60404',17302225026556),(449,'VAA60404',17302225026556),(450,'VAA60474',11717352925352),(452,'VAA60476',17302225026556),(453,'VAA60474',17302225026556),(456,'VAA60404',17302225026556),(458,'VAA60414',17302225026556),(459,'VAA60404',17302225026556),(460,'VAA60476',17302225026556),(461,'VAA60474',17302225026556),(462,'VAA60476',17302225026556),(463,'VAA60404',17579250417144),(464,'VAA60474',17579250417148),(465,'VAA60476',17579250417148),(466,'VAA60414',2),(467,'VAA60476',2),(468,'VAA60404',17579250417144),(469,'VAA60414',2),(470,'VAA60474',2),(471,'VAA60404',17579250417144),(472,'VAA60476',17579250417148),(473,'VAA60414',2),(474,'VAA60474',2),(475,'VAA60476',2),(476,'VAA60404',5859750008144),(477,'VAA60476',11719500409000),(478,'VAA60414',2),(479,'VAA60474',2),(480,'VAA60474',2),(481,'VAA60476',17579250417148),(482,'VAA60414',35068357246462),(483,'VAA60404',35068357246462),(484,'VAA60474',35068357246462),(485,'VAA60414',35068357246462),(486,'VAA60474',11685140670634),(487,'VAA60474',5791030531412),(488,'VAA60414',35068357246462),(489,'VAA60414',35068357246462),(490,'VAA60404',35068357246462),(491,'VAA60474',35068357246462),(492,'VAA60414',35102716984830),(493,'VAA60404',35102716984830),(494,'VAA60414',35102716984830),(495,'VAA60404',35102716984830),(496,'VAA60474',35102716984830),(497,'VAA60404',35102716984830),(498,'VAA60414',35102716984830),(499,'VAA60474',35102716984830),(500,'VAA60476',35102716984830),(501,'VAA60414',35102716984830),(502,'VAA60404',35102716984830),(503,'VAA60476',35102716984830),(504,'VAA60414',35102716984830),(505,'VAA60474',35102716984830),(506,'VAA60476',35102716984830),(507,'VAA60474',35102716984830),(508,'VAA60414',35102716984830),(509,'VAA60474',35102716984830),(510,'VAA60474',35102716984830),(511,'VAA60414',35171436461566),(512,'VAA60404',11719500409002),(513,'VAA60404',5859750008148),(514,'VAA60414',35171436461566),(515,'VAA60404',35171436461566),(516,'VAA60404',35171436461566),(517,'VAA60476',35171436461566),(518,'VAA60404',35171436461566),(519,'VAA60476',35171436461566),(520,'VAA60414',35171436461566),(521,'VAA60414',35171436461566),(522,'VAA60414',35171436461566),(523,'VAA60400',17302225026556),(524,'VAA60400',17302225026556),(525,'VAA60400',17302225026556),(526,'VAA60400',17302225026556),(529,'VAA60400',17302225026556),(530,'VAA60476',17302225026556),(532,'VAA60400',5584872101204),(533,'VAA60476',2),(534,'VAA60476',17579250417148),(535,'VAA60476',2),(536,'VAA60476',17579250417148),(537,'VAA60476',11719500409000),(538,'VAA60476',5859750008148),(539,'VAA60476',5791030531412),(540,'VAA60476',35102716984830),(541,'VAA60400',35102716984830),(542,'VAA60400',5791030531412),(543,'VAA60400',35102716984822),(544,'VAA60476',11719500409002),(545,'VAA60476',5859750008148),(546,'VAA60476',35171436461566),(547,'VAA60400',35171436461566),(548,'VAA60400',35171436461566),(549,'VAA60400',11719500409002),(550,'VAA60400',35171436461566),(551,'VAA60400',35171436461566),(553,'VAA60433',17302225026556),(554,'VAA60414',17302225026556),(555,'VAA60441',17302225026556),(556,'VAA60494',17579250417148),(557,'VAA60433',2),(558,'VAA60441',17579250417148),(559,'VAA60474',35102716984830),(560,'VAA60433',35102716984822),(561,'VAA60476',35102716984830),(564,'VAA60436',5584872101204),(566,'VAA60436',11717352925352),(567,'VAA60436',5584872101204),(570,'VAA60436',5584872101204),(573,'VAA60436',5584872101204),(575,'VAA60494',17579250417148),(576,'VAA60494',17579250417148),(577,'VAA60494',11719500409000),(578,'VAA60436',2),(579,'VAA60436',5859750008148),(580,'VAA60436',2),(581,'VAA60436',17579250417148),(582,'VAA60494',5791030531412),(583,'VAA60494',35068357246462),(584,'VAA60494',35068357246462),(585,'VAA60494',35068357246462),(586,'VAA60494',11719500409002),(587,'VAA60494',5791030531412),(588,'VAA60494',35102716984830),(589,'VAA60494',35102716984830),(590,'VAA60436',5791030531412),(591,'VAA60494',35102716984830),(592,'VAA60436',35102716984830),(593,'VAA60436',35102716984830),(594,'VAA60494',5791030531412),(595,'VAA60494',5859750008148),(596,'VAA60494',11719500409002),(597,'VAA60494',35171436461566),(598,'VAA60494',11719500409002),(599,'VAA60494',5859750008148),(600,'VAA60494',5859750008148),(601,'VAA60494',11719500409002),(602,'VAA60436',35171436461566),(603,'VAA60494',11719500409002),(604,'VAA60494',5859750008148),(605,'VAA60436',35171436461566),(606,'VAA60436',35171436461566),(607,'VAA60494',35171436461566),(608,'VAA60462',17302225026500),(609,'VAA60441',17302225026556),(610,'VAA60462',34894411070916),(611,'VAA60441',17302225026556),(613,'VAA60462',17302225026556),(614,'VAA60441',17302225026556),(618,'VAA60462',11717352925352),(619,'VAA60441',11717352925352),(620,'VAA60462',5584872101204),(621,'VAA60441',5584872101204),(622,'VAA60495',5584872101204),(626,'VAA60462',17302225026556),(627,'VAA60441',17302225026556),(628,'VAA60495',17302225026556),(631,'VAA60462',17302225026556),(634,'VAA60462',17302225026556),(635,'VAA60441',17302225026556),(636,'VAA60495',17302225026556),(637,'VAA60441',2),(638,'VAA60462',5859750008150),(639,'VAA60441',17579250417148),(640,'VAA60462',11719500409000),(641,'VAA60441',2),(642,'VAA60462',17579250417148),(643,'VAA60441',17579250417148),(644,'VAA60495',17579250417148),(645,'VAA60462',35171436461566),(646,'VAA60441',35171436461566),(647,'VAA60495',35171436461566),(648,'VAA60462',2),(649,'VAA60441',2),(650,'VAA60495',2),(651,'VAA60462',11719500409000),(652,'VAA60441',11719500409000),(653,'VAA60462',5859750008148),(654,'VAA60441',5859750008148),(655,'VAA60441',2),(656,'VAA60462',11719500409000),(657,'VAA60441',11719500409000),(658,'VAA60462',5859750008148),(659,'VAA60441',5859750008148),(660,'VAA60462',2),(661,'VAA60441',2),(662,'VAA60495',2),(663,'VAA60462',17579250417148),(664,'VAA60462',2),(665,'VAA60441',2),(666,'VAA60495',2),(667,'VAA60462',17579250417148),(668,'VAA60441',17579250417148),(669,'VAA60462',35068357246462),(670,'VAA60441',35068357246462),(671,'VAA60495',35068357246462),(672,'VAA60462',35068357246462),(673,'VAA60441',35068357246462),(674,'VAA60462',35068357246462),(675,'VAA60441',35068357246462),(676,'VAA60441',5791030531412),(677,'VAA60441',5791030531412),(678,'VAA60462',11719500409002),(679,'VAA60490',17302225026556),(680,'VAA60483',11717352925352),(681,'VAA60433',17302225026556),(682,'VAA60414',17302225026556),(683,'VAA60412',17302225026556),(684,'VAA60474',5584872101204),(685,'VAA60495',5791030531412),(686,'VAA60498',35102716984830),(687,'VAA60418',11719500409002),(688,'VAA60400',35102716984830),(689,'VAA60436',11719500409002),(690,'VAA60476',35102716984830),(691,'VAA60494',35102716984830),(692,'VAA60480',5859750008128),(693,'VAA60481',35171436461566),(694,'VAA60429',35171436461566),(699,'VAA60418',2),(700,'VAA60414',2),(701,'VAA60429',2);
/*!40000 ALTER TABLE `creneaux_emploi_du_temps_enseignants` ENABLE KEYS */;
UNLOCK TABLES;

--
-- Table structure for table `creneaux_emploi_du_temps_regroupements`
--

DROP TABLE IF EXISTS `creneaux_emploi_du_temps_regroupements`;
/*!40101 SET @saved_cs_client     = @@character_set_client */;
/*!40101 SET character_set_client = utf8 */;
CREATE TABLE `creneaux_emploi_du_temps_regroupements` (
  `creneau_emploi_du_temps_id` int(11) NOT NULL DEFAULT '0',
  `regroupement_id` varchar(255) NOT NULL DEFAULT '',
  `semaines_de_presence` bigint(20) DEFAULT '9007199254740991',
  PRIMARY KEY (`creneau_emploi_du_temps_id`,`regroupement_id`),
  CONSTRAINT `creneaux_emploi_du_temps_regroupements_ibfk_1` FOREIGN KEY (`creneau_emploi_du_temps_id`) REFERENCES `creneaux_emploi_du_temps` (`id`)
) ENGINE=InnoDB DEFAULT CHARSET=latin1;
/*!40101 SET character_set_client = @saved_cs_client */;

--
-- Dumping data for table `creneaux_emploi_du_temps_regroupements`
--

LOCK TABLES `creneaux_emploi_du_temps_regroupements` WRITE;
/*!40000 ALTER TABLE `creneaux_emploi_du_temps_regroupements` DISABLE KEYS */;
INSERT INTO `creneaux_emploi_du_temps_regroupements` VALUES (2,'53',2),(3,'26',5791030531412),(4,'26',11719500409002),(5,'53',35171436461566),(6,'44',35171436461566),(7,'3',35171436461566),(9,'25',17302225026556),(10,'23',17302225026556),(11,'15',17302225026556),(12,'8',11719500409002),(13,'8',5859750008148),(14,'4',35171436461566),(15,'12',17302225026556),(16,'18',17302225026556),(18,'12',17302225026556),(19,'18',17579250417148),(20,'12',35171436461566),(21,'18',2),(22,'37',17579250417148),(23,'52',17579250417148),(24,'18',35068357246462),(25,'12',35102716984830),(26,'52',35171436461566),(27,'52',35171436461566),(28,'37',35171436461566),(29,'37',35171436461566),(32,'43',17302225026556),(33,'2',17302225026556),(34,'43',2),(35,'43',35068357246462),(36,'2',35068357246462),(37,'43',35102716984822),(38,'2',35102716984830),(40,'32',17302225026556),(41,'38',17579250417148),(42,'32',2),(43,'32',35068357246462),(44,'38',35171436461566),(46,'3',17302225026556),(47,'8',17302225026556),(49,'24',17302225026556),(51,'7',17302225026556),(53,'25',17302225026556),(57,'51',17302225026556),(59,'16',34894411070972),(60,'26',17302225026556),(61,'44',17302225026556),(62,'16',17302225026556),(63,'24',17302225026556),(64,'23',2),(65,'30',2),(66,'44',17579250417144),(67,'3',17579250417148),(68,'7',17579250417148),(69,'4',2),(70,'24',35171436461566),(71,'44',17579250417144),(72,'23',17579250417148),(73,'7',2),(74,'11',17579250417148),(75,'25',17579250417148),(76,'16',17579250417148),(77,'3',2),(78,'3',17579250417148),(79,'58',17579250417148),(80,'16',17579250417148),(81,'3',2),(82,'23',17579250417148),(83,'51',17579250417148),(84,'8',17579250417148),(85,'3',17579250417148),(86,'26',35068357246462),(87,'26',35068357246462),(88,'4',35068357246406),(89,'30',35068357246462),(90,'4',35068357246406),(91,'44',35068357246462),(92,'7',35068357246406),(93,'30',35102716984830),(94,'3',35102716984830),(95,'30',35102716984830),(96,'24',35102716984830),(97,'58',35171436461566),(98,'3',35171436461566),(99,'58',35171436461566),(100,'4',35171436461566),(101,'26',35171436461566),(102,'23',35171436461566),(103,'8',35171436461566),(104,'3',35171436461566),(105,'25',35171436461566),(106,'16',35171436461566),(107,'16',35171436461566),(108,'51',35171436461566),(109,'11',35171436461566),(110,'11',35171436461566),(113,'6',17302225026556),(114,'43',17302225026556),(115,'6',2),(116,'6',35068357246462),(117,'43',35068357246462),(118,'6',35102716984830),(119,'43',35102716984830),(120,'44',35068357246462),(121,'50',35068357246462),(122,'8',35068357246462),(123,'58',35068357246462),(124,'4',35102716984830),(125,'3',35102716984822),(126,'16',35102716984830),(127,'15',35102716984830),(128,'26',35102716984830),(129,'55',35171436461566),(130,'30',35171436461566),(131,'25',35171436461566),(132,'23',35171436461566),(133,'3',35171436461566),(134,'51',35171436461566),(135,'53',35171436461566),(136,'50',17302225026556),(139,'50',2),(140,'50',17579250417148),(141,'50',35068357246462),(143,'15',17302225026556),(147,'53',17302225026556),(148,'8',17302225026556),(152,'3',34894411070972),(153,'3',17302225026556),(155,'51',34894411070972),(156,'23',34894411070972),(157,'25',2),(158,'58',2),(159,'25',17579250417148),(160,'58',17579250417148),(161,'25',2),(162,'58',2),(163,'26',2),(164,'44',2),(165,'26',17579250417148),(166,'44',17579250417148),(167,'26',2),(168,'44',2),(169,'50',2),(170,'30',35171436461566),(171,'50',17579250417148),(172,'50',2),(173,'4',35171436461566),(174,'23',35068357246462),(175,'16',35068357246430),(176,'3',35068357246462),(177,'55',35068357246462),(178,'26',35102716984830),(179,'53',35102716984830),(180,'44',35102716984830),(181,'25',35102716984830),(182,'58',35102716984830),(183,'3',35171436461566),(184,'51',35171436461566),(185,'4',35171436461566),(186,'30',35171436461566),(187,'15',35171436461566),(188,'16',35171436461566),(189,'8',35171436461566),(190,'55',35171436461566),(191,'50',35171436461566),(192,'51',17302225026556),(193,'44',17302225026556),(194,'23',17302225026556),(200,'53',17579250417148),(201,'3',2),(202,'8',2),(203,'3',17579250417148),(204,'16',2),(205,'26',2),(206,'51',2),(207,'55',2),(208,'58',35102716984830),(209,'50',35102716984830),(210,'16',35102716984830),(211,'25',35102716984826),(212,'8',35102716984826),(213,'55',35102716984830),(214,'4',35171436461566),(215,'15',35171436461546),(216,'26',35171436461566),(217,'30',35171436461546),(218,'3',35171436461546),(219,'16',17302225026428),(221,'58',17302225026556),(224,'15',17302225026524),(225,'50',17302225026524),(226,'26',2),(227,'44',2),(228,'4',2),(229,'51',2),(230,'58',2),(231,'8',2),(232,'53',35068357246462),(233,'51',35068357246462),(234,'4',35068357246462),(235,'25',35102716984822),(236,'3',35102716984822),(237,'8',35102716984822),(238,'26',35102716984822),(239,'30',35102716984822),(240,'3',35102716984822),(241,'55',35102716984822),(242,'44',35171436461566),(243,'23',35171436461566),(245,'51',17302225026556),(246,'4',17302225026556),(249,'26',17302225026556),(250,'25',17302225026556),(251,'3',17302225026556),(253,'30',34894411070972),(254,'25',17302225026556),(255,'50',17302225026556),(256,'16',17302225026556),(258,'58',34894411070972),(260,'4',17302225026556),(261,'30',17302225026556),(266,'23',17302225026556),(268,'55',5584872101204),(269,'15',2),(270,'8',2),(271,'4',2),(272,'55',2),(273,'26',17579250417148),(274,'30',17579250417148),(275,'51',2),(276,'50',2),(277,'3',2),(278,'15',17579250417148),(279,'30',17579250417148),(280,'25',2),(281,'51',35171436461566),(282,'58',2),(283,'53',17579250417148),(284,'25',17579250417148),(285,'53',2),(286,'23',2),(287,'16',2),(288,'30',2),(289,'23',17579250417148),(290,'51',17579250417148),(291,'26',2),(292,'3',2),(293,'55',2),(294,'8',17579250417148),(295,'4',17579250417148),(296,'44',2),(297,'4',2),(298,'44',17579250417148),(299,'50',2),(300,'44',17579250417148),(301,'50',17579250417148),(302,'16',17579250417148),(303,'55',17579250417148),(304,'3',17579250417148),(305,'3',35068357246462),(306,'58',35068357246462),(307,'53',35068357246462),(308,'15',35068357246462),(309,'16',35068357246462),(310,'3',11685140670634),(311,'26',35068357246462),(312,'23',35068357246462),(313,'26',35102716984830),(314,'3',35102716984822),(315,'8',35102716984830),(316,'4',35102716984830),(317,'16',35102716984830),(318,'53',35102716984830),(319,'3',35102716984822),(320,'15',35102716984830),(321,'55',35102716984830),(322,'44',35102716984830),(323,'23',35102716984830),(324,'50',35102716984830),(325,'58',35102716984830),(326,'25',35102716984830),(327,'15',35102716984830),(328,'44',35171436461534),(329,'16',5859750008148),(330,'30',5859750008148),(331,'51',35171436461566),(332,'55',35171436461566),(333,'3',35171436461534),(334,'50',35171436461566),(335,'58',35171436461566),(336,'53',35171436461566),(337,'55',35171436461566),(338,'8',35171436461566),(339,'3',35171436461566),(340,'8',35171436461566),(341,'3',35171436461566),(343,'14',17579250417148),(344,'26',17302225026556),(345,'3',17302225026556),(347,'23',17302225026556),(350,'44',17302225026556),(351,'44',17302225026556),(353,'3',17302225026556),(354,'55',11717352925352),(355,'16',11717352925352),(356,'50',2),(357,'16',2),(358,'3',2),(359,'16',2),(360,'30',2),(361,'50',17579250417148),(362,'3',35171436461566),(363,'55',2),(364,'25',2),(365,'58',2),(366,'53',2),(367,'15',2),(368,'51',17579250417148),(369,'8',2),(370,'53',17579250417148),(371,'53',17579250417148),(372,'15',35068357246458),(373,'25',35068357246458),(374,'30',35068357246458),(375,'8',35068357246458),(376,'50',35102716984830),(377,'3',35102716984826),(378,'55',35102716984830),(379,'25',35102716984826),(380,'30',35102716984826),(381,'58',35102716984830),(382,'23',35102716984826),(383,'55',35102716984830),(384,'3',11719500408994),(385,'15',35171436461546),(386,'8',35171436461546),(387,'16',35171436461566),(388,'16',35171436461566),(389,'51',35171436461566),(390,'4',35171436461566),(391,'30',11719500409002),(392,'58',35171436461566),(393,'26',35171436461566),(394,'4',35171436461566),(395,'30',17302225026556),(397,'4',17302225026556),(399,'51',17302225026556),(400,'13',17302225026556),(402,'33',17302225026556),(403,'30',34894411070972),(405,'16',2),(406,'13',2),(407,'4',2),(408,'51',2),(409,'4',17579250417148),(410,'30',17579250417148),(411,'13',35068357246462),(412,'33',35068357246462),(413,'16',35068357246462),(414,'16',35102716984830),(415,'51',35102716984830),(416,'4',35102716984830),(417,'13',35102716984822),(418,'33',35102716984830),(419,'51',35102716984830),(420,'16',35102716984830),(421,'50',17302225026556),(422,'41',17302225026556),(423,'51',17302225026556),(426,'50',17579250417148),(427,'51',2),(428,'51',17579250417148),(429,'51',35068357246462),(430,'41',35102716984830),(431,'50',35102716984830),(434,'58',17302225026556),(439,'8',5584872101204),(440,'50',17302225026540),(445,'3',17302225026556),(449,'23',17302225026556),(450,'50',11717352925352),(452,'4',17302225026556),(453,'30',17302225026556),(456,'25',17302225026556),(458,'26',17302225026556),(459,'8',17302225026556),(460,'4',17302225026556),(461,'58',17302225026556),(462,'55',17302225026556),(463,'8',17579250417144),(464,'51',17579250417148),(465,'16',17579250417148),(466,'26',2),(467,'55',2),(468,'3',17579250417144),(469,'53',2),(470,'23',2),(471,'23',17579250417144),(472,'16',17579250417148),(473,'3',2),(474,'8',2),(475,'4',2),(476,'15',5859750008144),(477,'4',11719500409000),(478,'44',2),(479,'25',2),(480,'15',2),(481,'55',17579250417148),(482,'53',35068357246462),(483,'25',35068357246462),(484,'30',35068357246462),(485,'3',35068357246462),(486,'51',11685140670634),(487,'58',5791030531412),(488,'44',35068357246462),(489,'53',35068357246462),(490,'25',35068357246462),(491,'50',35068357246462),(492,'44',35102716984830),(493,'3',35102716984830),(494,'26',35102716984830),(495,'15',35102716984830),(496,'30',35102716984830),(497,'3',35102716984830),(498,'44',35102716984830),(499,'58',35102716984830),(500,'16',35102716984830),(501,'53',35102716984830),(502,'15',35102716984830),(503,'55',35102716984830),(504,'3',35102716984830),(505,'51',35102716984830),(506,'4',35102716984830),(507,'51',35102716984830),(508,'3',35102716984830),(509,'50',35102716984830),(510,'30',35102716984830),(511,'26',35171436461566),(512,'25',11719500409002),(513,'23',5859750008148),(514,'26',35171436461566),(515,'23',35171436461566),(516,'8',35171436461566),(517,'55',35171436461566),(518,'15',35171436461566),(519,'16',35171436461566),(520,'53',35171436461566),(521,'44',35171436461566),(522,'3',35171436461566),(523,'23',17302225026556),(524,'55',17302225026556),(525,'55',17302225026556),(526,'16',17302225026556),(529,'8',17302225026556),(530,'58',17302225026556),(532,'25',5584872101204),(533,'51',2),(534,'4',17579250417148),(535,'50',2),(536,'15',17579250417148),(537,'15',11719500409000),(538,'58',5859750008148),(539,'4',5791030531412),(540,'51',35102716984830),(541,'30',35102716984830),(542,'8',5791030531412),(543,'3',35102716984822),(544,'51',11719500409002),(545,'50',5859750008148),(546,'50',35171436461566),(547,'3',35171436461566),(548,'25',35171436461566),(549,'23',11719500409002),(550,'16',35171436461566),(551,'30',35171436461566),(553,'15',17302225026556),(554,'53',17302225026556),(555,'44',17302225026556),(556,'51',17579250417148),(557,'15',2),(558,'46',17579250417148),(559,'23',35102716984830),(560,'25',35102716984822),(561,'4',35102716984830),(564,'25',5584872101204),(566,'8',11717352925352),(567,'16',5584872101204),(570,'3',5584872101204),(573,'3',5584872101204),(575,'55',17579250417148),(576,'4',17579250417148),(577,'58',11719500409000),(578,'8',2),(579,'23',5859750008148),(580,'3',2),(581,'23',17579250417148),(582,'4',5791030531412),(583,'44',35068357246462),(584,'26',35068357246462),(585,'51',35068357246462),(586,'53',11719500409002),(587,'53',5791030531412),(588,'50',35102716984830),(589,'3',35102716984830),(590,'15',5791030531412),(591,'30',35102716984830),(592,'16',35102716984830),(593,'8',35102716984830),(594,'3',5791030531412),(595,'51',5859750008148),(596,'50',11719500409002),(597,'53',35171436461566),(598,'44',11719500409002),(599,'44',5859750008148),(600,'26',5859750008148),(601,'26',11719500409002),(602,'3',35171436461566),(603,'55',11719500409002),(604,'30',5859750008148),(605,'15',35171436461566),(606,'25',35171436461566),(607,'58',35171436461566),(608,'37',17302225026500),(609,'20',17302225026556),(610,'36',34894411070916),(611,'11',17302225026556),(613,'7',17302225026556),(614,'5',17302225026556),(618,'38',11717352925352),(619,'8',11717352925352),(620,'29',5584872101204),(621,'31',5584872101204),(622,'22',5584872101204),(626,'4',17302225026556),(627,'9',17302225026556),(628,'56',17302225026556),(631,'41',17302225026556),(634,'26',17302225026556),(635,'9',17302225026556),(636,'48',17302225026556),(637,'11',2),(638,'36',5859750008150),(639,'8',17579250417148),(640,'41',11719500409000),(641,'8',2),(642,'4',17579250417148),(643,'9',17579250417148),(644,'56',17579250417148),(645,'26',35171436461566),(646,'9',35171436461566),(647,'48',35171436461566),(648,'29',2),(649,'31',2),(650,'22',2),(651,'13',11719500409000),(652,'12',11719500409000),(653,'7',5859750008148),(654,'5',5859750008148),(655,'8',2),(656,'34',11719500409000),(657,'43',11719500409000),(658,'37',5859750008148),(659,'20',5859750008148),(660,'4',2),(661,'9',2),(662,'56',2),(663,'48',17579250417148),(664,'26',2),(665,'9',2),(666,'48',2),(667,'38',17579250417148),(668,'8',17579250417148),(669,'29',35068357246462),(670,'31',35068357246462),(671,'22',35068357246462),(672,'13',35068357246462),(673,'12',35068357246462),(674,'34',35068357246462),(675,'43',35068357246462),(676,'8',5791030531412),(677,'11',5791030531412),(678,'48',11719500409002),(679,'30',17302225026556),(680,'3',11717352925352),(681,'26',17302225026556),(682,'53',17302225026556),(683,'50',17302225026556),(684,'51',5584872101204),(685,'3',5791030531412),(686,'55',35102716984830),(687,'58',11719500409002),(688,'8',35102716984830),(689,'15',11719500409002),(690,'16',35102716984830),(691,'4',35102716984830),(692,'23',5859750008128),(693,'25',35171436461566),(694,'44',35171436461566),(699,'58',2),(700,'53',2),(701,'44',2);
/*!40000 ALTER TABLE `creneaux_emploi_du_temps_regroupements` ENABLE KEYS */;
UNLOCK TABLES;

--
-- Table structure for table `creneaux_emploi_du_temps_salles`
--

DROP TABLE IF EXISTS `creneaux_emploi_du_temps_salles`;
/*!40101 SET @saved_cs_client     = @@character_set_client */;
/*!40101 SET character_set_client = utf8 */;
CREATE TABLE `creneaux_emploi_du_temps_salles` (
  `creneau_emploi_du_temps_id` int(11) NOT NULL DEFAULT '0',
  `salle_id` int(11) NOT NULL DEFAULT '0',
  `semaines_de_presence` bigint(20) DEFAULT '9007199254740991',
  PRIMARY KEY (`creneau_emploi_du_temps_id`,`salle_id`),
  KEY `salle_id` (`salle_id`),
  CONSTRAINT `creneaux_emploi_du_temps_salles_ibfk_1` FOREIGN KEY (`creneau_emploi_du_temps_id`) REFERENCES `creneaux_emploi_du_temps` (`id`),
  CONSTRAINT `creneaux_emploi_du_temps_salles_ibfk_2` FOREIGN KEY (`salle_id`) REFERENCES `salles` (`id`)
) ENGINE=InnoDB DEFAULT CHARSET=latin1;
/*!40101 SET character_set_client = @saved_cs_client */;

--
-- Dumping data for table `creneaux_emploi_du_temps_salles`
--

LOCK TABLES `creneaux_emploi_du_temps_salles` WRITE;
/*!40000 ALTER TABLE `creneaux_emploi_du_temps_salles` DISABLE KEYS */;
INSERT INTO `creneaux_emploi_du_temps_salles` VALUES (2,9,2),(3,20,5791030531412),(4,20,11719500409002),(5,9,35171436461566),(6,9,35171436461566),(7,1,35171436461566),(9,5,17302225026556),(10,10,17302225026556),(11,5,17302225026556),(12,16,11719500409002),(13,23,5859750008148),(14,20,35171436461566),(15,8,17302225026556),(16,8,17302225026556),(18,8,17302225026556),(19,8,17579250417148),(20,8,35171436461566),(21,8,2),(22,8,17579250417148),(23,8,17579250417148),(24,8,35068357246462),(25,8,35102716984830),(26,8,35171436461566),(27,8,35171436461566),(28,8,35171436461566),(29,8,35171436461566),(32,8,17302225026556),(33,8,17302225026556),(34,8,2),(35,8,35068357246462),(36,8,35068357246462),(37,8,35102716984822),(38,8,35102716984830),(40,17,17302225026556),(41,14,17579250417148),(42,17,2),(43,17,35068357246462),(44,14,35171436461566),(46,19,17302225026556),(47,14,17302225026556),(49,19,17302225026556),(51,19,17302225026556),(53,19,17302225026556),(57,14,17302225026556),(59,17,34894411070972),(60,14,17302225026556),(61,14,17302225026556),(62,17,17302225026556),(63,19,17302225026556),(64,19,2),(65,17,2),(66,14,17579250417144),(67,19,17579250417148),(68,18,17579250417148),(69,19,2),(70,17,35171436461566),(71,14,17579250417144),(72,19,17579250417148),(73,19,2),(74,19,17579250417148),(75,19,17579250417148),(76,14,17579250417148),(77,19,2),(78,19,17579250417148),(79,14,17579250417148),(80,17,17579250417148),(81,19,2),(82,19,17579250417148),(83,14,17579250417148),(84,14,17579250417148),(85,19,17579250417148),(86,14,35068357246462),(87,14,35068357246462),(88,19,35068357246406),(89,17,35068357246462),(90,19,35068357246406),(91,14,35068357246462),(93,17,35102716984830),(94,19,35102716984830),(95,17,35102716984830),(96,19,35102716984830),(97,14,35171436461566),(98,19,35171436461566),(99,14,35171436461566),(100,19,35171436461566),(101,14,35171436461566),(102,19,35171436461566),(103,17,35171436461566),(104,19,35171436461566),(105,19,35171436461566),(106,14,35171436461566),(107,14,35171436461566),(108,14,35171436461566),(109,17,35171436461566),(110,19,35171436461566),(113,17,17302225026556),(114,7,17302225026556),(115,17,2),(116,17,35068357246462),(117,17,35068357246462),(118,17,35102716984830),(119,17,35102716984830),(120,4,35068357246462),(121,4,35068357246462),(122,4,35068357246462),(123,4,35068357246462),(124,4,35102716984830),(125,4,35102716984822),(126,4,35102716984830),(127,4,35102716984830),(128,4,35102716984830),(129,4,35171436461566),(130,4,35171436461566),(131,4,35171436461566),(132,4,35171436461566),(133,4,35171436461566),(134,4,35171436461566),(135,4,35171436461566),(136,3,17302225026556),(140,3,17579250417148),(141,3,35068357246462),(192,13,17302225026556),(193,13,17302225026556),(194,11,17302225026556),(200,13,17579250417148),(201,13,2),(202,11,2),(203,13,17579250417148),(204,12,2),(205,13,2),(206,13,2),(207,12,2),(208,12,35102716984830),(209,13,35102716984830),(210,12,35102716984830),(211,11,35102716984826),(212,11,35102716984826),(213,12,35102716984830),(214,12,35171436461566),(215,11,35171436461546),(216,13,35171436461566),(217,11,35171436461546),(218,11,35171436461546),(219,1,17302225026428),(221,1,17302225026556),(224,1,17302225026524),(225,1,17302225026524),(226,1,2),(227,1,2),(228,1,2),(229,1,2),(230,1,2),(231,1,2),(232,1,35068357246462),(233,1,35068357246462),(234,1,35068357246462),(235,1,35102716984822),(236,1,35102716984822),(237,1,35102716984822),(238,1,35102716984822),(239,1,35102716984822),(240,1,35102716984822),(241,1,35102716984822),(242,1,35171436461566),(243,1,35171436461566),(245,2,17302225026556),(246,6,17302225026556),(249,6,17302225026556),(250,14,17302225026556),(251,2,17302225026556),(253,2,34894411070972),(254,14,17302225026556),(255,6,17302225026556),(256,3,17302225026556),(258,3,34894411070972),(260,6,17302225026556),(261,2,17302225026556),(266,12,17302225026556),(268,3,5584872101204),(269,14,2),(270,6,2),(271,10,2),(272,3,2),(273,6,17579250417148),(274,2,17579250417148),(275,2,2),(276,10,2),(277,6,2),(278,3,17579250417148),(279,2,17579250417148),(280,14,2),(281,2,35171436461566),(282,3,2),(283,9,17579250417148),(284,3,17579250417148),(285,6,2),(286,13,2),(287,3,2),(288,2,2),(289,3,17579250417148),(290,2,17579250417148),(291,6,2),(292,2,2),(293,3,2),(294,6,17579250417148),(295,18,17579250417148),(296,2,2),(297,6,2),(298,6,17579250417148),(299,6,2),(300,2,17579250417148),(301,6,17579250417148),(302,3,17579250417148),(303,3,17579250417148),(304,6,17579250417148),(305,6,35068357246462),(306,3,35068357246462),(307,6,35068357246462),(308,13,35068357246462),(309,3,35068357246462),(310,2,11685140670634),(311,6,35068357246462),(312,13,35068357246462),(313,11,35102716984830),(314,6,35102716984822),(315,2,35102716984830),(316,6,35102716984830),(317,3,35102716984830),(318,6,35102716984830),(319,2,35102716984822),(320,14,35102716984830),(321,3,35102716984830),(322,2,35102716984830),(323,13,35102716984830),(324,6,35102716984830),(325,3,35102716984830),(326,13,35102716984830),(327,3,35102716984830),(328,6,35171436461534),(329,3,5859750008148),(330,2,5859750008148),(331,2,35171436461566),(332,3,35171436461566),(333,6,35171436461534),(334,18,35171436461566),(335,3,35171436461566),(336,11,35171436461566),(337,3,35171436461566),(338,6,35171436461566),(339,6,35171436461566),(340,6,35171436461566),(341,6,35171436461566),(343,3,17579250417148),(344,13,17302225026556),(345,11,17302225026556),(347,11,17302225026556),(350,13,17302225026556),(351,13,17302225026556),(353,13,17302225026556),(354,12,11717352925352),(355,12,11717352925352),(356,13,2),(357,12,2),(358,11,2),(359,12,2),(360,11,2),(361,13,17579250417148),(362,13,35171436461566),(363,12,2),(364,11,2),(365,12,2),(366,13,2),(367,11,2),(368,13,17579250417148),(369,11,2),(370,13,17579250417148),(371,13,17579250417148),(372,11,35068357246458),(373,11,35068357246458),(374,11,35068357246458),(375,11,35068357246458),(376,13,35102716984830),(377,11,35102716984826),(378,12,35102716984830),(379,11,35102716984826),(380,11,35102716984826),(381,12,35102716984830),(382,11,35102716984826),(383,12,35102716984830),(384,11,11719500408994),(385,11,35171436461546),(386,11,35171436461546),(387,12,35171436461566),(388,12,35171436461566),(389,13,35171436461566),(390,12,35171436461566),(391,11,11719500409002),(392,12,35171436461566),(393,13,35171436461566),(394,12,35171436461566),(395,18,17302225026556),(397,18,17302225026556),(399,18,17302225026556),(400,18,17302225026556),(402,18,17302225026556),(403,18,34894411070972),(405,18,2),(406,18,2),(407,18,2),(408,18,2),(409,18,17579250417148),(410,18,17579250417148),(411,18,35068357246462),(412,18,35068357246462),(413,18,35068357246462),(414,18,35102716984830),(415,18,35102716984830),(416,18,35102716984830),(417,18,35102716984822),(418,18,35102716984830),(419,18,35102716984830),(420,18,35102716984830),(421,3,17302225026556),(422,3,17302225026556),(423,22,17302225026556),(426,3,17579250417148),(428,22,17579250417148),(429,22,35068357246462),(430,3,35102716984830),(431,13,35102716984830),(434,10,17302225026556),(439,10,5584872101204),(440,15,17302225026540),(445,15,17302225026556),(449,10,17302225026556),(450,15,11717352925352),(452,21,17302225026556),(453,15,17302225026556),(456,10,17302225026556),(458,9,17302225026556),(459,10,17302225026556),(460,15,17302225026556),(461,10,17302225026556),(462,15,17302225026556),(463,10,17579250417144),(464,15,17579250417148),(465,16,17579250417148),(466,9,2),(467,15,2),(468,15,17579250417144),(469,9,2),(470,10,2),(471,10,17579250417144),(472,16,17579250417148),(473,9,2),(474,10,2),(475,15,2),(476,10,5859750008144),(477,21,11719500409000),(478,9,2),(479,10,2),(480,10,2),(481,15,17579250417148),(482,9,35068357246462),(483,10,35068357246462),(484,15,35068357246462),(485,9,35068357246462),(486,15,11685140670634),(487,10,5791030531412),(488,9,35068357246462),(489,9,35068357246462),(490,10,35068357246462),(491,15,35068357246462),(492,9,35102716984830),(493,15,35102716984830),(494,9,35102716984830),(495,10,35102716984830),(496,15,35102716984830),(497,15,35102716984830),(498,9,35102716984830),(499,10,35102716984830),(500,21,35102716984830),(501,9,35102716984830),(502,10,35102716984830),(503,21,35102716984830),(504,9,35102716984830),(505,15,35102716984830),(506,16,35102716984830),(507,15,35102716984830),(508,9,35102716984830),(509,15,35102716984830),(510,15,35102716984830),(511,9,35171436461566),(512,10,11719500409002),(513,10,5859750008148),(514,9,35171436461566),(515,10,35171436461566),(516,10,35171436461566),(517,15,35171436461566),(518,10,35171436461566),(519,21,35171436461566),(520,9,35171436461566),(521,9,35171436461566),(522,9,35171436461566),(523,16,17302225026556),(524,16,17302225026556),(525,16,17302225026556),(526,16,17302225026556),(529,16,17302225026556),(530,21,17302225026556),(532,16,5584872101204),(533,16,2),(534,16,17579250417148),(535,16,2),(536,16,17579250417148),(537,16,11719500409000),(538,21,5859750008148),(539,16,5791030531412),(540,16,35102716984830),(541,16,35102716984830),(542,16,5791030531412),(543,16,35102716984822),(544,16,11719500409002),(545,21,5859750008148),(546,16,35171436461566),(547,16,35171436461566),(548,16,35171436461566),(549,16,11719500409002),(550,16,35171436461566),(551,16,35171436461566),(553,1,17302225026556),(554,9,17302225026556),(555,24,17302225026556),(556,20,17579250417148),(557,1,2),(558,24,17579250417148),(559,5,35102716984830),(560,1,35102716984822),(567,21,5584872101204),(570,20,5584872101204),(573,20,5584872101204),(575,20,17579250417148),(576,20,17579250417148),(577,20,11719500409000),(578,20,2),(580,20,2),(581,21,17579250417148),(582,20,5791030531412),(583,20,35068357246462),(584,20,35068357246462),(585,20,35068357246462),(586,20,11719500409002),(587,20,5791030531412),(588,20,35102716984830),(589,20,35102716984830),(590,21,5791030531412),(591,20,35102716984830),(592,21,35102716984830),(593,20,35102716984830),(594,20,5791030531412),(595,20,5859750008148),(596,20,11719500409002),(597,20,35171436461566),(598,20,11719500409002),(599,20,5859750008148),(600,20,5859750008148),(601,20,11719500409002),(602,21,35171436461566),(603,20,11719500409002),(604,20,5859750008148),(606,21,35171436461566),(607,20,35171436461566),(608,23,17302225026500),(609,24,17302225026556),(610,23,34894411070916),(611,24,17302225026556),(613,23,17302225026556),(614,24,17302225026556),(618,23,11717352925352),(619,24,11717352925352),(620,22,5584872101204),(621,23,5584872101204),(622,24,5584872101204),(626,22,17302225026556),(627,23,17302225026556),(628,24,17302225026556),(631,23,17302225026556),(637,24,2),(638,23,5859750008150),(639,24,17579250417148),(640,23,11719500409000),(641,24,2),(642,22,17579250417148),(643,23,17579250417148),(644,24,17579250417148),(651,23,11719500409000),(652,24,11719500409000),(653,23,5859750008148),(654,24,5859750008148),(655,24,2),(656,23,11719500409000),(657,24,11719500409000),(658,23,5859750008148),(659,24,5859750008148),(663,23,17579250417148),(667,23,17579250417148),(668,24,17579250417148),(669,22,35068357246462),(670,23,35068357246462),(671,24,35068357246462),(672,23,35068357246462),(673,24,35068357246462),(674,23,35068357246462),(675,24,35068357246462),(676,24,5791030531412),(677,24,5791030531412),(678,23,11719500409002),(680,10,11717352925352),(693,19,35171436461566);
/*!40000 ALTER TABLE `creneaux_emploi_du_temps_salles` ENABLE KEYS */;
UNLOCK TABLES;

--
-- Table structure for table `devoir_todo_items`
--

DROP TABLE IF EXISTS `devoir_todo_items`;
/*!40101 SET @saved_cs_client     = @@character_set_client */;
/*!40101 SET character_set_client = utf8 */;
CREATE TABLE `devoir_todo_items` (
  `id` int(11) NOT NULL AUTO_INCREMENT,
  `devoir_id` int(11) DEFAULT NULL,
  `eleve_id` varchar(255) NOT NULL,
  `date_fait` datetime NOT NULL,
  PRIMARY KEY (`id`),
  KEY `devoir_id` (`devoir_id`),
  CONSTRAINT `devoir_todo_items_ibfk_1` FOREIGN KEY (`devoir_id`) REFERENCES `devoirs` (`id`)
) ENGINE=InnoDB DEFAULT CHARSET=latin1;
/*!40101 SET character_set_client = @saved_cs_client */;

--
-- Dumping data for table `devoir_todo_items`
--

LOCK TABLES `devoir_todo_items` WRITE;
/*!40000 ALTER TABLE `devoir_todo_items` DISABLE KEYS */;
/*!40000 ALTER TABLE `devoir_todo_items` ENABLE KEYS */;
UNLOCK TABLES;

--
-- Table structure for table `devoirs`
--

DROP TABLE IF EXISTS `devoirs`;
/*!40101 SET @saved_cs_client     = @@character_set_client */;
/*!40101 SET character_set_client = utf8 */;
CREATE TABLE `devoirs` (
  `id` int(11) NOT NULL AUTO_INCREMENT,
  `cours_id` int(11) DEFAULT NULL,
  `type_devoir_id` int(11) DEFAULT NULL,
  `contenu` varchar(4096) DEFAULT NULL,
  `date_creation` datetime NOT NULL,
  `date_modification` datetime DEFAULT NULL,
  `date_validation` datetime DEFAULT NULL,
  `date_due` date NOT NULL,
  `temps_estime` int(11) DEFAULT NULL,
  PRIMARY KEY (`id`),
  KEY `cours_id` (`cours_id`),
  KEY `type_devoir_id` (`type_devoir_id`),
  CONSTRAINT `devoirs_ibfk_1` FOREIGN KEY (`cours_id`) REFERENCES `cours` (`id`),
  CONSTRAINT `devoirs_ibfk_2` FOREIGN KEY (`type_devoir_id`) REFERENCES `types_devoir` (`id`)
) ENGINE=InnoDB AUTO_INCREMENT=1151 DEFAULT CHARSET=latin1;
/*!40101 SET character_set_client = @saved_cs_client */;

--
-- Dumping data for table `devoirs`
--

LOCK TABLES `devoirs` WRITE;
/*!40000 ALTER TABLE `devoirs` DISABLE KEYS */;
INSERT INTO `devoirs` VALUES (1,2,1,'Exemple de devoir.','0000-00-00 00:00:00',NULL,NULL,'2013-10-08',85),(2,3,5,'Exemple de devoir.','0000-00-00 00:00:00',NULL,NULL,'2013-10-08',114),(3,4,4,'Exemple de devoir.','0000-00-00 00:00:00',NULL,NULL,'2013-10-08',69),(4,5,2,'Exemple de devoir.','0000-00-00 00:00:00',NULL,NULL,'2013-10-08',36),(5,6,6,'Exemple de devoir.','0000-00-00 00:00:00',NULL,NULL,'2013-10-08',37),(6,7,5,'Exemple de devoir.','0000-00-00 00:00:00',NULL,NULL,'2013-10-08',117),(7,10,6,'Exemple de devoir.','0000-00-00 00:00:00',NULL,NULL,'2013-10-08',54),(8,11,6,'Exemple de devoir.','0000-00-00 00:00:00',NULL,NULL,'2013-10-08',30),(9,12,6,'Exemple de devoir.','0000-00-00 00:00:00',NULL,NULL,'2013-10-08',0),(10,13,5,'Exemple de devoir.','0000-00-00 00:00:00',NULL,NULL,'2013-10-08',9),(11,14,1,'Exemple de devoir.','0000-00-00 00:00:00',NULL,NULL,'2013-10-08',5),(12,15,2,'Exemple de devoir.','0000-00-00 00:00:00',NULL,NULL,'2013-10-08',62),(13,18,4,'Exemple de devoir.','0000-00-00 00:00:00',NULL,NULL,'2013-10-08',96),(14,19,3,'Exemple de devoir.','0000-00-00 00:00:00',NULL,NULL,'2013-10-08',87),(15,20,1,'Exemple de devoir.','0000-00-00 00:00:00',NULL,NULL,'2013-10-08',88),(16,21,1,'Exemple de devoir.','0000-00-00 00:00:00',NULL,NULL,'2013-10-08',19),(17,23,1,'Exemple de devoir.','0000-00-00 00:00:00',NULL,NULL,'2013-10-08',38),(18,24,6,'Exemple de devoir.','0000-00-00 00:00:00',NULL,NULL,'2013-10-08',82),(19,25,2,'Exemple de devoir.','0000-00-00 00:00:00',NULL,NULL,'2013-10-08',63),(20,26,3,'Exemple de devoir.','0000-00-00 00:00:00',NULL,NULL,'2013-10-08',114),(21,27,4,'Exemple de devoir.','0000-00-00 00:00:00',NULL,NULL,'2013-10-08',115),(22,28,6,'Exemple de devoir.','0000-00-00 00:00:00',NULL,NULL,'2013-10-08',15),(23,29,2,'Exemple de devoir.','0000-00-00 00:00:00',NULL,NULL,'2013-10-08',76),(24,30,6,'Exemple de devoir.','0000-00-00 00:00:00',NULL,NULL,'2013-10-08',72),(25,32,4,'Exemple de devoir.','0000-00-00 00:00:00',NULL,NULL,'2013-10-08',3),(26,34,6,'Exemple de devoir.','0000-00-00 00:00:00',NULL,NULL,'2013-10-08',76),(27,36,1,'Exemple de devoir.','0000-00-00 00:00:00',NULL,NULL,'2013-10-08',26),(28,38,4,'Exemple de devoir.','0000-00-00 00:00:00',NULL,NULL,'2013-10-08',74),(29,41,1,'Exemple de devoir.','0000-00-00 00:00:00',NULL,NULL,'2013-10-08',76),(30,42,6,'Exemple de devoir.','0000-00-00 00:00:00',NULL,NULL,'2013-10-08',72),(31,43,3,'Exemple de devoir.','0000-00-00 00:00:00',NULL,NULL,'2013-10-08',71),(32,45,3,'Exemple de devoir.','0000-00-00 00:00:00',NULL,NULL,'2013-10-08',85),(33,49,4,'Exemple de devoir.','0000-00-00 00:00:00',NULL,NULL,'2013-10-08',35),(34,50,6,'Exemple de devoir.','0000-00-00 00:00:00',NULL,NULL,'2013-10-08',11),(35,52,3,'Exemple de devoir.','0000-00-00 00:00:00',NULL,NULL,'2013-10-08',80),(36,53,6,'Exemple de devoir.','0000-00-00 00:00:00',NULL,NULL,'2013-10-08',120),(37,54,4,'Exemple de devoir.','0000-00-00 00:00:00',NULL,NULL,'2013-10-08',77),(38,55,1,'Exemple de devoir.','0000-00-00 00:00:00',NULL,NULL,'2013-10-08',76),(39,56,1,'Exemple de devoir.','0000-00-00 00:00:00',NULL,NULL,'2013-10-08',23),(40,59,2,'Exemple de devoir.','0000-00-00 00:00:00',NULL,NULL,'2013-10-08',82),(41,60,4,'Exemple de devoir.','0000-00-00 00:00:00',NULL,NULL,'2013-10-08',2),(42,61,1,'Exemple de devoir.','0000-00-00 00:00:00',NULL,NULL,'2013-10-08',11),(43,63,4,'Exemple de devoir.','0000-00-00 00:00:00',NULL,NULL,'2013-10-08',61),(44,65,3,'Exemple de devoir.','0000-00-00 00:00:00',NULL,NULL,'2013-10-08',108),(45,67,2,'Exemple de devoir.','0000-00-00 00:00:00',NULL,NULL,'2013-10-08',26),(46,68,4,'Exemple de devoir.','0000-00-00 00:00:00',NULL,NULL,'2013-10-08',30),(47,69,2,'Exemple de devoir.','0000-00-00 00:00:00',NULL,NULL,'2013-10-08',0),(48,70,5,'Exemple de devoir.','0000-00-00 00:00:00',NULL,NULL,'2013-10-08',71),(49,72,5,'Exemple de devoir.','0000-00-00 00:00:00',NULL,NULL,'2013-10-08',104),(50,73,5,'Exemple de devoir.','0000-00-00 00:00:00',NULL,NULL,'2013-10-08',39),(51,74,2,'Exemple de devoir.','0000-00-00 00:00:00',NULL,NULL,'2013-10-08',41),(52,75,3,'Exemple de devoir.','0000-00-00 00:00:00',NULL,NULL,'2013-10-08',23),(53,77,6,'Exemple de devoir.','0000-00-00 00:00:00',NULL,NULL,'2013-10-08',51),(54,78,1,'Exemple de devoir.','0000-00-00 00:00:00',NULL,NULL,'2013-10-08',89),(55,81,1,'Exemple de devoir.','0000-00-00 00:00:00',NULL,NULL,'2013-10-08',68),(56,82,3,'Exemple de devoir.','0000-00-00 00:00:00',NULL,NULL,'2013-10-08',89),(57,83,1,'Exemple de devoir.','0000-00-00 00:00:00',NULL,NULL,'2013-10-08',98),(58,84,3,'Exemple de devoir.','0000-00-00 00:00:00',NULL,NULL,'2013-10-08',78),(59,85,1,'Exemple de devoir.','0000-00-00 00:00:00',NULL,NULL,'2013-10-08',83),(60,86,1,'Exemple de devoir.','0000-00-00 00:00:00',NULL,NULL,'2013-10-08',104),(61,87,5,'Exemple de devoir.','0000-00-00 00:00:00',NULL,NULL,'2013-10-08',45),(62,88,2,'Exemple de devoir.','0000-00-00 00:00:00',NULL,NULL,'2013-10-08',93),(63,91,6,'Exemple de devoir.','0000-00-00 00:00:00',NULL,NULL,'2013-10-08',6),(64,92,2,'Exemple de devoir.','0000-00-00 00:00:00',NULL,NULL,'2013-10-08',37),(65,93,6,'Exemple de devoir.','0000-00-00 00:00:00',NULL,NULL,'2013-10-08',81),(66,94,6,'Exemple de devoir.','0000-00-00 00:00:00',NULL,NULL,'2013-10-08',90),(67,95,3,'Exemple de devoir.','0000-00-00 00:00:00',NULL,NULL,'2013-10-08',6),(68,96,3,'Exemple de devoir.','0000-00-00 00:00:00',NULL,NULL,'2013-10-08',108),(69,97,6,'Exemple de devoir.','0000-00-00 00:00:00',NULL,NULL,'2013-10-08',23),(70,98,4,'Exemple de devoir.','0000-00-00 00:00:00',NULL,NULL,'2013-10-08',17),(71,99,3,'Exemple de devoir.','0000-00-00 00:00:00',NULL,NULL,'2013-10-08',81),(72,101,1,'Exemple de devoir.','0000-00-00 00:00:00',NULL,NULL,'2013-10-08',57),(73,102,5,'Exemple de devoir.','0000-00-00 00:00:00',NULL,NULL,'2013-10-08',16),(74,103,6,'Exemple de devoir.','0000-00-00 00:00:00',NULL,NULL,'2013-10-08',14),(75,104,6,'Exemple de devoir.','0000-00-00 00:00:00',NULL,NULL,'2013-10-08',39),(76,105,3,'Exemple de devoir.','0000-00-00 00:00:00',NULL,NULL,'2013-10-08',12),(77,106,1,'Exemple de devoir.','0000-00-00 00:00:00',NULL,NULL,'2013-10-08',81),(78,107,4,'Exemple de devoir.','0000-00-00 00:00:00',NULL,NULL,'2013-10-08',93),(79,108,3,'Exemple de devoir.','0000-00-00 00:00:00',NULL,NULL,'2013-10-08',111),(80,109,2,'Exemple de devoir.','0000-00-00 00:00:00',NULL,NULL,'2013-10-08',77),(81,112,1,'Exemple de devoir.','0000-00-00 00:00:00',NULL,NULL,'2013-10-08',115),(82,115,6,'Exemple de devoir.','0000-00-00 00:00:00',NULL,NULL,'2013-10-08',22),(83,116,4,'Exemple de devoir.','0000-00-00 00:00:00',NULL,NULL,'2013-10-08',0),(84,117,6,'Exemple de devoir.','0000-00-00 00:00:00',NULL,NULL,'2013-10-08',96),(85,118,4,'Exemple de devoir.','0000-00-00 00:00:00',NULL,NULL,'2013-10-08',77),(86,119,6,'Exemple de devoir.','0000-00-00 00:00:00',NULL,NULL,'2013-10-08',8),(87,120,1,'Exemple de devoir.','0000-00-00 00:00:00',NULL,NULL,'2013-10-08',5),(88,122,1,'Exemple de devoir.','0000-00-00 00:00:00',NULL,NULL,'2013-10-08',114),(89,123,5,'Exemple de devoir.','0000-00-00 00:00:00',NULL,NULL,'2013-10-08',118),(90,124,3,'Exemple de devoir.','0000-00-00 00:00:00',NULL,NULL,'2013-10-08',11),(91,125,5,'Exemple de devoir.','0000-00-00 00:00:00',NULL,NULL,'2013-10-08',68),(92,126,6,'Exemple de devoir.','0000-00-00 00:00:00',NULL,NULL,'2013-10-08',52),(93,127,4,'Exemple de devoir.','0000-00-00 00:00:00',NULL,NULL,'2013-10-08',15),(94,128,6,'Exemple de devoir.','0000-00-00 00:00:00',NULL,NULL,'2013-10-08',17),(95,129,6,'Exemple de devoir.','0000-00-00 00:00:00',NULL,NULL,'2013-10-08',4),(96,130,6,'Exemple de devoir.','0000-00-00 00:00:00',NULL,NULL,'2013-10-08',55),(97,131,3,'Exemple de devoir.','0000-00-00 00:00:00',NULL,NULL,'2013-10-08',87),(98,132,1,'Exemple de devoir.','0000-00-00 00:00:00',NULL,NULL,'2013-10-08',27),(99,133,4,'Exemple de devoir.','0000-00-00 00:00:00',NULL,NULL,'2013-10-08',118),(100,134,2,'Exemple de devoir.','0000-00-00 00:00:00',NULL,NULL,'2013-10-08',101),(101,135,5,'Exemple de devoir.','0000-00-00 00:00:00',NULL,NULL,'2013-10-08',94),(102,136,2,'Exemple de devoir.','0000-00-00 00:00:00',NULL,NULL,'2013-10-08',54),(103,137,3,'Exemple de devoir.','0000-00-00 00:00:00',NULL,NULL,'2013-10-08',59),(104,138,6,'Exemple de devoir.','0000-00-00 00:00:00',NULL,NULL,'2013-10-08',34),(105,139,6,'Exemple de devoir.','0000-00-00 00:00:00',NULL,NULL,'2013-10-08',28),(106,140,1,'Exemple de devoir.','0000-00-00 00:00:00',NULL,NULL,'2013-10-08',76),(107,141,5,'Exemple de devoir.','0000-00-00 00:00:00',NULL,NULL,'2013-10-08',45),(108,142,6,'Exemple de devoir.','0000-00-00 00:00:00',NULL,NULL,'2013-10-08',31),(109,143,6,'Exemple de devoir.','0000-00-00 00:00:00',NULL,NULL,'2013-10-08',3),(110,144,2,'Exemple de devoir.','0000-00-00 00:00:00',NULL,NULL,'2013-10-08',8),(111,145,4,'Exemple de devoir.','0000-00-00 00:00:00',NULL,NULL,'2013-10-08',48),(112,146,5,'Exemple de devoir.','0000-00-00 00:00:00',NULL,NULL,'2013-10-08',2),(113,147,3,'Exemple de devoir.','0000-00-00 00:00:00',NULL,NULL,'2013-10-08',77),(114,148,2,'Exemple de devoir.','0000-00-00 00:00:00',NULL,NULL,'2013-10-08',87),(115,149,1,'Exemple de devoir.','0000-00-00 00:00:00',NULL,NULL,'2013-10-08',48),(116,150,4,'Exemple de devoir.','0000-00-00 00:00:00',NULL,NULL,'2013-10-08',55),(117,151,5,'Exemple de devoir.','0000-00-00 00:00:00',NULL,NULL,'2013-10-08',35),(118,152,6,'Exemple de devoir.','0000-00-00 00:00:00',NULL,NULL,'2013-10-08',20),(119,153,2,'Exemple de devoir.','0000-00-00 00:00:00',NULL,NULL,'2013-10-08',7),(120,155,6,'Exemple de devoir.','0000-00-00 00:00:00',NULL,NULL,'2013-10-08',10),(121,157,4,'Exemple de devoir.','0000-00-00 00:00:00',NULL,NULL,'2013-10-08',101),(122,158,1,'Exemple de devoir.','0000-00-00 00:00:00',NULL,NULL,'2013-10-08',66),(123,159,3,'Exemple de devoir.','0000-00-00 00:00:00',NULL,NULL,'2013-10-08',59),(124,161,5,'Exemple de devoir.','0000-00-00 00:00:00',NULL,NULL,'2013-10-08',11),(125,162,3,'Exemple de devoir.','0000-00-00 00:00:00',NULL,NULL,'2013-10-08',67),(126,163,3,'Exemple de devoir.','0000-00-00 00:00:00',NULL,NULL,'2013-10-08',28),(127,164,1,'Exemple de devoir.','0000-00-00 00:00:00',NULL,NULL,'2013-10-08',3),(128,165,4,'Exemple de devoir.','0000-00-00 00:00:00',NULL,NULL,'2013-10-08',61),(129,166,4,'Exemple de devoir.','0000-00-00 00:00:00',NULL,NULL,'2013-10-08',17),(130,167,4,'Exemple de devoir.','0000-00-00 00:00:00',NULL,NULL,'2013-10-08',16),(131,171,1,'Exemple de devoir.','0000-00-00 00:00:00',NULL,NULL,'2013-10-08',90),(132,172,3,'Exemple de devoir.','0000-00-00 00:00:00',NULL,NULL,'2013-10-08',107),(133,174,3,'Exemple de devoir.','0000-00-00 00:00:00',NULL,NULL,'2013-10-08',76),(134,176,1,'Exemple de devoir.','0000-00-00 00:00:00',NULL,NULL,'2013-10-08',17),(135,179,6,'Exemple de devoir.','0000-00-00 00:00:00',NULL,NULL,'2013-10-08',68),(136,181,6,'Exemple de devoir.','0000-00-00 00:00:00',NULL,NULL,'2013-10-08',18),(137,182,3,'Exemple de devoir.','0000-00-00 00:00:00',NULL,NULL,'2013-10-08',114),(138,183,3,'Exemple de devoir.','0000-00-00 00:00:00',NULL,NULL,'2013-10-08',82),(139,184,3,'Exemple de devoir.','0000-00-00 00:00:00',NULL,NULL,'2013-10-08',1),(140,185,3,'Exemple de devoir.','0000-00-00 00:00:00',NULL,NULL,'2013-10-08',25),(141,187,1,'Exemple de devoir.','0000-00-00 00:00:00',NULL,NULL,'2013-10-08',44),(142,188,4,'Exemple de devoir.','0000-00-00 00:00:00',NULL,NULL,'2013-10-08',89),(143,189,6,'Exemple de devoir.','0000-00-00 00:00:00',NULL,NULL,'2013-10-08',80),(144,190,2,'Exemple de devoir.','0000-00-00 00:00:00',NULL,NULL,'2013-10-08',13),(145,192,4,'Exemple de devoir.','0000-00-00 00:00:00',NULL,NULL,'2013-10-08',105),(146,193,3,'Exemple de devoir.','0000-00-00 00:00:00',NULL,NULL,'2013-10-08',29),(147,194,4,'Exemple de devoir.','0000-00-00 00:00:00',NULL,NULL,'2013-10-08',77),(148,195,1,'Exemple de devoir.','0000-00-00 00:00:00',NULL,NULL,'2013-10-08',69),(149,196,3,'Exemple de devoir.','0000-00-00 00:00:00',NULL,NULL,'2013-10-08',26),(150,197,3,'Exemple de devoir.','0000-00-00 00:00:00',NULL,NULL,'2013-10-08',71),(151,198,4,'Exemple de devoir.','0000-00-00 00:00:00',NULL,NULL,'2013-10-08',49),(152,199,5,'Exemple de devoir.','0000-00-00 00:00:00',NULL,NULL,'2013-10-08',60),(153,200,4,'Exemple de devoir.','0000-00-00 00:00:00',NULL,NULL,'2013-10-08',67),(154,201,1,'Exemple de devoir.','0000-00-00 00:00:00',NULL,NULL,'2013-10-08',19),(155,203,3,'Exemple de devoir.','0000-00-00 00:00:00',NULL,NULL,'2013-10-08',102),(156,204,4,'Exemple de devoir.','0000-00-00 00:00:00',NULL,NULL,'2013-10-08',25),(157,205,4,'Exemple de devoir.','0000-00-00 00:00:00',NULL,NULL,'2013-10-08',52),(158,206,6,'Exemple de devoir.','0000-00-00 00:00:00',NULL,NULL,'2013-10-08',41),(159,207,5,'Exemple de devoir.','0000-00-00 00:00:00',NULL,NULL,'2013-10-08',54),(160,208,4,'Exemple de devoir.','0000-00-00 00:00:00',NULL,NULL,'2013-10-08',73),(161,211,2,'Exemple de devoir.','0000-00-00 00:00:00',NULL,NULL,'2013-10-08',68),(162,212,3,'Exemple de devoir.','0000-00-00 00:00:00',NULL,NULL,'2013-10-08',40),(163,214,6,'Exemple de devoir.','0000-00-00 00:00:00',NULL,NULL,'2013-10-08',49),(164,215,6,'Exemple de devoir.','0000-00-00 00:00:00',NULL,NULL,'2013-10-08',97),(165,216,2,'Exemple de devoir.','0000-00-00 00:00:00',NULL,NULL,'2013-10-08',69),(166,217,2,'Exemple de devoir.','0000-00-00 00:00:00',NULL,NULL,'2013-10-08',59),(167,219,6,'Exemple de devoir.','0000-00-00 00:00:00',NULL,NULL,'2013-10-08',96),(168,221,5,'Exemple de devoir.','0000-00-00 00:00:00',NULL,NULL,'2013-10-08',6),(169,223,6,'Exemple de devoir.','0000-00-00 00:00:00',NULL,NULL,'2013-10-08',99),(170,224,5,'Exemple de devoir.','0000-00-00 00:00:00',NULL,NULL,'2013-10-08',42),(171,226,6,'Exemple de devoir.','0000-00-00 00:00:00',NULL,NULL,'2013-10-08',17),(172,229,6,'Exemple de devoir.','0000-00-00 00:00:00',NULL,NULL,'2013-10-08',102),(173,230,3,'Exemple de devoir.','0000-00-00 00:00:00',NULL,NULL,'2013-10-08',47),(174,232,4,'Exemple de devoir.','0000-00-00 00:00:00',NULL,NULL,'2013-10-08',31),(175,233,1,'Exemple de devoir.','0000-00-00 00:00:00',NULL,NULL,'2013-10-08',117),(176,234,4,'Exemple de devoir.','0000-00-00 00:00:00',NULL,NULL,'2013-10-08',15),(177,235,4,'Exemple de devoir.','0000-00-00 00:00:00',NULL,NULL,'2013-10-08',10),(178,236,6,'Exemple de devoir.','0000-00-00 00:00:00',NULL,NULL,'2013-10-08',59),(179,238,3,'Exemple de devoir.','0000-00-00 00:00:00',NULL,NULL,'2013-10-08',100),(180,239,6,'Exemple de devoir.','0000-00-00 00:00:00',NULL,NULL,'2013-10-08',94),(181,240,4,'Exemple de devoir.','0000-00-00 00:00:00',NULL,NULL,'2013-10-08',114),(182,241,1,'Exemple de devoir.','0000-00-00 00:00:00',NULL,NULL,'2013-10-08',16),(183,242,6,'Exemple de devoir.','0000-00-00 00:00:00',NULL,NULL,'2013-10-08',24),(184,243,1,'Exemple de devoir.','0000-00-00 00:00:00',NULL,NULL,'2013-10-08',105),(185,244,1,'Exemple de devoir.','0000-00-00 00:00:00',NULL,NULL,'2013-10-08',27),(186,245,6,'Exemple de devoir.','0000-00-00 00:00:00',NULL,NULL,'2013-10-08',5),(187,246,3,'Exemple de devoir.','0000-00-00 00:00:00',NULL,NULL,'2013-10-08',80),(188,247,4,'Exemple de devoir.','0000-00-00 00:00:00',NULL,NULL,'2013-10-08',116),(189,249,6,'Exemple de devoir.','0000-00-00 00:00:00',NULL,NULL,'2013-10-08',100),(190,251,6,'Exemple de devoir.','0000-00-00 00:00:00',NULL,NULL,'2013-10-08',56),(191,252,2,'Exemple de devoir.','0000-00-00 00:00:00',NULL,NULL,'2013-10-08',41),(192,255,6,'Exemple de devoir.','0000-00-00 00:00:00',NULL,NULL,'2013-10-08',23),(193,256,2,'Exemple de devoir.','0000-00-00 00:00:00',NULL,NULL,'2013-10-08',38),(194,257,5,'Exemple de devoir.','0000-00-00 00:00:00',NULL,NULL,'2013-10-08',88),(195,259,3,'Exemple de devoir.','0000-00-00 00:00:00',NULL,NULL,'2013-10-08',47),(196,260,3,'Exemple de devoir.','0000-00-00 00:00:00',NULL,NULL,'2013-10-08',37),(197,261,4,'Exemple de devoir.','0000-00-00 00:00:00',NULL,NULL,'2013-10-08',23),(198,262,5,'Exemple de devoir.','0000-00-00 00:00:00',NULL,NULL,'2013-10-08',8),(199,263,4,'Exemple de devoir.','0000-00-00 00:00:00',NULL,NULL,'2013-10-08',82),(200,264,1,'Exemple de devoir.','0000-00-00 00:00:00',NULL,NULL,'2013-10-08',24),(201,265,6,'Exemple de devoir.','0000-00-00 00:00:00',NULL,NULL,'2013-10-08',118),(202,266,5,'Exemple de devoir.','0000-00-00 00:00:00',NULL,NULL,'2013-10-08',114),(203,267,5,'Exemple de devoir.','0000-00-00 00:00:00',NULL,NULL,'2013-10-08',38),(204,268,4,'Exemple de devoir.','0000-00-00 00:00:00',NULL,NULL,'2013-10-08',105),(205,269,2,'Exemple de devoir.','0000-00-00 00:00:00',NULL,NULL,'2013-10-08',55),(206,270,2,'Exemple de devoir.','0000-00-00 00:00:00',NULL,NULL,'2013-10-08',33),(207,271,1,'Exemple de devoir.','0000-00-00 00:00:00',NULL,NULL,'2013-10-08',9),(208,272,3,'Exemple de devoir.','0000-00-00 00:00:00',NULL,NULL,'2013-10-08',101),(209,273,5,'Exemple de devoir.','0000-00-00 00:00:00',NULL,NULL,'2013-10-08',32),(210,274,5,'Exemple de devoir.','0000-00-00 00:00:00',NULL,NULL,'2013-10-08',3),(211,276,1,'Exemple de devoir.','0000-00-00 00:00:00',NULL,NULL,'2013-10-08',74),(212,277,5,'Exemple de devoir.','0000-00-00 00:00:00',NULL,NULL,'2013-10-08',58),(213,278,4,'Exemple de devoir.','0000-00-00 00:00:00',NULL,NULL,'2013-10-08',85),(214,281,1,'Exemple de devoir.','0000-00-00 00:00:00',NULL,NULL,'2013-10-08',101),(215,282,2,'Exemple de devoir.','0000-00-00 00:00:00',NULL,NULL,'2013-10-08',57),(216,283,4,'Exemple de devoir.','0000-00-00 00:00:00',NULL,NULL,'2013-10-08',94),(217,284,3,'Exemple de devoir.','0000-00-00 00:00:00',NULL,NULL,'2013-10-08',72),(218,285,1,'Exemple de devoir.','0000-00-00 00:00:00',NULL,NULL,'2013-10-08',41),(219,286,4,'Exemple de devoir.','0000-00-00 00:00:00',NULL,NULL,'2013-10-08',35),(220,288,1,'Exemple de devoir.','0000-00-00 00:00:00',NULL,NULL,'2013-10-08',98),(221,289,3,'Exemple de devoir.','0000-00-00 00:00:00',NULL,NULL,'2013-10-08',8),(222,290,3,'Exemple de devoir.','0000-00-00 00:00:00',NULL,NULL,'2013-10-08',80),(223,291,1,'Exemple de devoir.','0000-00-00 00:00:00',NULL,NULL,'2013-10-08',31),(224,293,3,'Exemple de devoir.','0000-00-00 00:00:00',NULL,NULL,'2013-10-08',77),(225,294,4,'Exemple de devoir.','0000-00-00 00:00:00',NULL,NULL,'2013-10-08',103),(226,298,1,'Exemple de devoir.','0000-00-00 00:00:00',NULL,NULL,'2013-10-08',36),(227,299,6,'Exemple de devoir.','0000-00-00 00:00:00',NULL,NULL,'2013-10-08',55),(228,301,6,'Exemple de devoir.','0000-00-00 00:00:00',NULL,NULL,'2013-10-08',49),(229,302,6,'Exemple de devoir.','0000-00-00 00:00:00',NULL,NULL,'2013-10-08',5),(230,303,6,'Exemple de devoir.','0000-00-00 00:00:00',NULL,NULL,'2013-10-08',98),(231,305,2,'Exemple de devoir.','0000-00-00 00:00:00',NULL,NULL,'2013-10-08',95),(232,306,5,'Exemple de devoir.','0000-00-00 00:00:00',NULL,NULL,'2013-10-08',34),(233,307,4,'Exemple de devoir.','0000-00-00 00:00:00',NULL,NULL,'2013-10-08',112),(234,308,3,'Exemple de devoir.','0000-00-00 00:00:00',NULL,NULL,'2013-10-08',95),(235,309,5,'Exemple de devoir.','0000-00-00 00:00:00',NULL,NULL,'2013-10-08',106),(236,310,3,'Exemple de devoir.','0000-00-00 00:00:00',NULL,NULL,'2013-10-08',72),(237,311,3,'Exemple de devoir.','0000-00-00 00:00:00',NULL,NULL,'2013-10-08',23),(238,312,2,'Exemple de devoir.','0000-00-00 00:00:00',NULL,NULL,'2013-10-08',49),(239,315,5,'Exemple de devoir.','0000-00-00 00:00:00',NULL,NULL,'2013-10-08',83),(240,316,5,'Exemple de devoir.','0000-00-00 00:00:00',NULL,NULL,'2013-10-08',32),(241,317,6,'Exemple de devoir.','0000-00-00 00:00:00',NULL,NULL,'2013-10-08',30),(242,318,3,'Exemple de devoir.','0000-00-00 00:00:00',NULL,NULL,'2013-10-08',24),(243,319,3,'Exemple de devoir.','0000-00-00 00:00:00',NULL,NULL,'2013-10-08',96),(244,321,4,'Exemple de devoir.','0000-00-00 00:00:00',NULL,NULL,'2013-10-08',103),(245,322,5,'Exemple de devoir.','0000-00-00 00:00:00',NULL,NULL,'2013-10-08',114),(246,323,3,'Exemple de devoir.','0000-00-00 00:00:00',NULL,NULL,'2013-10-08',52),(247,324,6,'Exemple de devoir.','0000-00-00 00:00:00',NULL,NULL,'2013-10-08',118),(248,325,1,'Exemple de devoir.','0000-00-00 00:00:00',NULL,NULL,'2013-10-08',88),(249,326,5,'Exemple de devoir.','0000-00-00 00:00:00',NULL,NULL,'2013-10-08',29),(250,327,6,'Exemple de devoir.','0000-00-00 00:00:00',NULL,NULL,'2013-10-08',104),(251,328,3,'Exemple de devoir.','0000-00-00 00:00:00',NULL,NULL,'2013-10-08',52),(252,329,5,'Exemple de devoir.','0000-00-00 00:00:00',NULL,NULL,'2013-10-08',70),(253,330,1,'Exemple de devoir.','0000-00-00 00:00:00',NULL,NULL,'2013-10-08',90),(254,331,6,'Exemple de devoir.','0000-00-00 00:00:00',NULL,NULL,'2013-10-08',26),(255,332,4,'Exemple de devoir.','0000-00-00 00:00:00',NULL,NULL,'2013-10-08',10),(256,333,6,'Exemple de devoir.','0000-00-00 00:00:00',NULL,NULL,'2013-10-08',48),(257,334,2,'Exemple de devoir.','0000-00-00 00:00:00',NULL,NULL,'2013-10-08',59),(258,335,1,'Exemple de devoir.','0000-00-00 00:00:00',NULL,NULL,'2013-10-08',15),(259,336,4,'Exemple de devoir.','0000-00-00 00:00:00',NULL,NULL,'2013-10-08',24),(260,337,6,'Exemple de devoir.','0000-00-00 00:00:00',NULL,NULL,'2013-10-08',104),(261,339,1,'Exemple de devoir.','0000-00-00 00:00:00',NULL,NULL,'2013-10-08',24),(262,341,2,'Exemple de devoir.','0000-00-00 00:00:00',NULL,NULL,'2013-10-08',100),(263,345,2,'Exemple de devoir.','0000-00-00 00:00:00',NULL,NULL,'2013-10-08',51),(264,346,5,'Exemple de devoir.','0000-00-00 00:00:00',NULL,NULL,'2013-10-08',13),(265,348,4,'Exemple de devoir.','0000-00-00 00:00:00',NULL,NULL,'2013-10-08',83),(266,349,4,'Exemple de devoir.','0000-00-00 00:00:00',NULL,NULL,'2013-10-08',6),(267,352,1,'Exemple de devoir.','0000-00-00 00:00:00',NULL,NULL,'2013-10-08',110),(268,353,2,'Exemple de devoir.','0000-00-00 00:00:00',NULL,NULL,'2013-10-08',44),(269,354,5,'Exemple de devoir.','0000-00-00 00:00:00',NULL,NULL,'2013-10-08',97),(270,355,1,'Exemple de devoir.','0000-00-00 00:00:00',NULL,NULL,'2013-10-08',110),(271,356,3,'Exemple de devoir.','0000-00-00 00:00:00',NULL,NULL,'2013-10-08',67),(272,358,2,'Exemple de devoir.','0000-00-00 00:00:00',NULL,NULL,'2013-10-08',109),(273,359,1,'Exemple de devoir.','0000-00-00 00:00:00',NULL,NULL,'2013-10-08',22),(274,360,1,'Exemple de devoir.','0000-00-00 00:00:00',NULL,NULL,'2013-10-08',29),(275,361,2,'Exemple de devoir.','0000-00-00 00:00:00',NULL,NULL,'2013-10-08',96),(276,362,6,'Exemple de devoir.','0000-00-00 00:00:00',NULL,NULL,'2013-10-08',110),(277,364,2,'Exemple de devoir.','0000-00-00 00:00:00',NULL,NULL,'2013-10-08',42),(278,365,3,'Exemple de devoir.','0000-00-00 00:00:00',NULL,NULL,'2013-10-08',17),(279,366,6,'Exemple de devoir.','0000-00-00 00:00:00',NULL,NULL,'2013-10-08',73),(280,367,1,'Exemple de devoir.','0000-00-00 00:00:00',NULL,NULL,'2013-10-08',15),(281,368,4,'Exemple de devoir.','0000-00-00 00:00:00',NULL,NULL,'2013-10-08',87),(282,369,5,'Exemple de devoir.','0000-00-00 00:00:00',NULL,NULL,'2013-10-08',46),(283,370,2,'Exemple de devoir.','0000-00-00 00:00:00',NULL,NULL,'2013-10-08',47),(284,371,3,'Exemple de devoir.','0000-00-00 00:00:00',NULL,NULL,'2013-10-08',110),(285,372,5,'Exemple de devoir.','0000-00-00 00:00:00',NULL,NULL,'2013-10-08',50),(286,375,4,'Exemple de devoir.','0000-00-00 00:00:00',NULL,NULL,'2013-10-08',50),(287,376,1,'Exemple de devoir.','0000-00-00 00:00:00',NULL,NULL,'2013-10-08',0),(288,378,2,'Exemple de devoir.','0000-00-00 00:00:00',NULL,NULL,'2013-10-08',114),(289,379,4,'Exemple de devoir.','0000-00-00 00:00:00',NULL,NULL,'2013-10-08',101),(290,380,1,'Exemple de devoir.','0000-00-00 00:00:00',NULL,NULL,'2013-10-08',73),(291,381,2,'Exemple de devoir.','0000-00-00 00:00:00',NULL,NULL,'2013-10-08',94),(292,382,1,'Exemple de devoir.','0000-00-00 00:00:00',NULL,NULL,'2013-10-08',82),(293,384,4,'Exemple de devoir.','0000-00-00 00:00:00',NULL,NULL,'2013-10-08',78),(294,385,2,'Exemple de devoir.','0000-00-00 00:00:00',NULL,NULL,'2013-10-08',15),(295,387,4,'Exemple de devoir.','0000-00-00 00:00:00',NULL,NULL,'2013-10-08',66),(296,388,5,'Exemple de devoir.','0000-00-00 00:00:00',NULL,NULL,'2013-10-08',21),(297,390,3,'Exemple de devoir.','0000-00-00 00:00:00',NULL,NULL,'2013-10-08',106),(298,391,1,'Exemple de devoir.','0000-00-00 00:00:00',NULL,NULL,'2013-10-08',42),(299,393,4,'Exemple de devoir.','0000-00-00 00:00:00',NULL,NULL,'2013-10-08',13),(300,394,4,'Exemple de devoir.','0000-00-00 00:00:00',NULL,NULL,'2013-10-08',5),(301,395,4,'Exemple de devoir.','0000-00-00 00:00:00',NULL,NULL,'2013-10-08',116),(302,398,5,'Exemple de devoir.','0000-00-00 00:00:00',NULL,NULL,'2013-10-08',38),(303,399,4,'Exemple de devoir.','0000-00-00 00:00:00',NULL,NULL,'2013-10-08',116),(304,400,1,'Exemple de devoir.','0000-00-00 00:00:00',NULL,NULL,'2013-10-08',113),(305,401,1,'Exemple de devoir.','0000-00-00 00:00:00',NULL,NULL,'2013-10-08',6),(306,402,5,'Exemple de devoir.','0000-00-00 00:00:00',NULL,NULL,'2013-10-08',73),(307,403,1,'Exemple de devoir.','0000-00-00 00:00:00',NULL,NULL,'2013-10-08',113),(308,404,6,'Exemple de devoir.','0000-00-00 00:00:00',NULL,NULL,'2013-10-08',89),(309,406,5,'Exemple de devoir.','0000-00-00 00:00:00',NULL,NULL,'2013-10-08',34),(310,407,4,'Exemple de devoir.','0000-00-00 00:00:00',NULL,NULL,'2013-10-08',5),(311,409,2,'Exemple de devoir.','0000-00-00 00:00:00',NULL,NULL,'2013-10-08',99),(312,410,2,'Exemple de devoir.','0000-00-00 00:00:00',NULL,NULL,'2013-10-08',77),(313,411,5,'Exemple de devoir.','0000-00-00 00:00:00',NULL,NULL,'2013-10-08',95),(314,412,2,'Exemple de devoir.','0000-00-00 00:00:00',NULL,NULL,'2013-10-08',45),(315,413,1,'Exemple de devoir.','0000-00-00 00:00:00',NULL,NULL,'2013-10-08',36),(316,414,3,'Exemple de devoir.','0000-00-00 00:00:00',NULL,NULL,'2013-10-08',104),(317,416,2,'Exemple de devoir.','0000-00-00 00:00:00',NULL,NULL,'2013-10-08',49),(318,417,1,'Exemple de devoir.','0000-00-00 00:00:00',NULL,NULL,'2013-10-08',24),(319,418,1,'Exemple de devoir.','0000-00-00 00:00:00',NULL,NULL,'2013-10-08',7),(320,419,4,'Exemple de devoir.','0000-00-00 00:00:00',NULL,NULL,'2013-10-08',27),(321,420,6,'Exemple de devoir.','0000-00-00 00:00:00',NULL,NULL,'2013-10-08',18),(322,422,6,'Exemple de devoir.','0000-00-00 00:00:00',NULL,NULL,'2013-10-08',39),(323,423,4,'Exemple de devoir.','0000-00-00 00:00:00',NULL,NULL,'2013-10-08',9),(324,424,6,'Exemple de devoir.','0000-00-00 00:00:00',NULL,NULL,'2013-10-08',80),(325,425,5,'Exemple de devoir.','0000-00-00 00:00:00',NULL,NULL,'2013-10-08',77),(326,426,6,'Exemple de devoir.','0000-00-00 00:00:00',NULL,NULL,'2013-10-08',97),(327,427,4,'Exemple de devoir.','0000-00-00 00:00:00',NULL,NULL,'2013-10-08',60),(328,428,1,'Exemple de devoir.','0000-00-00 00:00:00',NULL,NULL,'2013-10-08',107),(329,429,3,'Exemple de devoir.','0000-00-00 00:00:00',NULL,NULL,'2013-10-08',11),(330,430,2,'Exemple de devoir.','0000-00-00 00:00:00',NULL,NULL,'2013-10-08',39),(331,431,5,'Exemple de devoir.','0000-00-00 00:00:00',NULL,NULL,'2013-10-08',87),(332,432,4,'Exemple de devoir.','0000-00-00 00:00:00',NULL,NULL,'2013-10-08',3),(333,433,6,'Exemple de devoir.','0000-00-00 00:00:00',NULL,NULL,'2013-10-08',83),(334,434,1,'Exemple de devoir.','0000-00-00 00:00:00',NULL,NULL,'2013-10-08',40),(335,436,1,'Exemple de devoir.','0000-00-00 00:00:00',NULL,NULL,'2013-10-08',50),(336,437,2,'Exemple de devoir.','0000-00-00 00:00:00',NULL,NULL,'2013-10-08',69),(337,438,6,'Exemple de devoir.','0000-00-00 00:00:00',NULL,NULL,'2013-10-08',5),(338,440,3,'Exemple de devoir.','0000-00-00 00:00:00',NULL,NULL,'2013-10-08',33),(339,442,1,'Exemple de devoir.','0000-00-00 00:00:00',NULL,NULL,'2013-10-08',30),(340,443,4,'Exemple de devoir.','0000-00-00 00:00:00',NULL,NULL,'2013-10-08',13),(341,445,5,'Exemple de devoir.','0000-00-00 00:00:00',NULL,NULL,'2013-10-08',43),(342,446,3,'Exemple de devoir.','0000-00-00 00:00:00',NULL,NULL,'2013-10-08',53),(343,447,2,'Exemple de devoir.','0000-00-00 00:00:00',NULL,NULL,'2013-10-08',31),(344,448,1,'Exemple de devoir.','0000-00-00 00:00:00',NULL,NULL,'2013-10-08',66),(345,449,3,'Exemple de devoir.','0000-00-00 00:00:00',NULL,NULL,'2013-10-08',74),(346,451,1,'Exemple de devoir.','0000-00-00 00:00:00',NULL,NULL,'2013-10-08',120),(347,452,3,'Exemple de devoir.','0000-00-00 00:00:00',NULL,NULL,'2013-10-08',113),(348,453,5,'Exemple de devoir.','0000-00-00 00:00:00',NULL,NULL,'2013-10-08',40),(349,455,3,'Exemple de devoir.','0000-00-00 00:00:00',NULL,NULL,'2013-10-08',52),(350,456,3,'Exemple de devoir.','0000-00-00 00:00:00',NULL,NULL,'2013-10-08',99),(351,457,3,'Exemple de devoir.','0000-00-00 00:00:00',NULL,NULL,'2013-10-08',27),(352,462,4,'Exemple de devoir.','0000-00-00 00:00:00',NULL,NULL,'2013-10-08',78),(353,463,5,'Exemple de devoir.','0000-00-00 00:00:00',NULL,NULL,'2013-10-08',71),(354,464,6,'Exemple de devoir.','0000-00-00 00:00:00',NULL,NULL,'2013-10-08',60),(355,465,3,'Exemple de devoir.','0000-00-00 00:00:00',NULL,NULL,'2013-10-08',49),(356,467,2,'Exemple de devoir.','0000-00-00 00:00:00',NULL,NULL,'2013-10-08',25),(357,468,2,'Exemple de devoir.','0000-00-00 00:00:00',NULL,NULL,'2013-10-08',75),(358,469,2,'Exemple de devoir.','0000-00-00 00:00:00',NULL,NULL,'2013-10-08',28),(359,470,5,'Exemple de devoir.','0000-00-00 00:00:00',NULL,NULL,'2013-10-08',67),(360,471,1,'Exemple de devoir.','0000-00-00 00:00:00',NULL,NULL,'2013-10-08',62),(361,472,3,'Exemple de devoir.','0000-00-00 00:00:00',NULL,NULL,'2013-10-08',60),(362,474,4,'Exemple de devoir.','0000-00-00 00:00:00',NULL,NULL,'2013-10-08',25),(363,475,5,'Exemple de devoir.','0000-00-00 00:00:00',NULL,NULL,'2013-10-08',15),(364,477,4,'Exemple de devoir.','0000-00-00 00:00:00',NULL,NULL,'2013-10-08',119),(365,478,4,'Exemple de devoir.','0000-00-00 00:00:00',NULL,NULL,'2013-10-08',22),(366,479,3,'Exemple de devoir.','0000-00-00 00:00:00',NULL,NULL,'2013-10-08',92),(367,480,6,'Exemple de devoir.','0000-00-00 00:00:00',NULL,NULL,'2013-10-08',118),(368,482,5,'Exemple de devoir.','0000-00-00 00:00:00',NULL,NULL,'2013-10-08',98),(369,483,1,'Exemple de devoir.','0000-00-00 00:00:00',NULL,NULL,'2013-10-08',15),(370,484,6,'Exemple de devoir.','0000-00-00 00:00:00',NULL,NULL,'2013-10-08',56),(371,485,2,'Exemple de devoir.','0000-00-00 00:00:00',NULL,NULL,'2013-10-08',118),(372,486,2,'Exemple de devoir.','0000-00-00 00:00:00',NULL,NULL,'2013-10-08',75),(373,487,1,'Exemple de devoir.','0000-00-00 00:00:00',NULL,NULL,'2013-10-08',48),(374,488,4,'Exemple de devoir.','0000-00-00 00:00:00',NULL,NULL,'2013-10-08',75),(375,489,2,'Exemple de devoir.','0000-00-00 00:00:00',NULL,NULL,'2013-10-08',92),(376,491,3,'Exemple de devoir.','0000-00-00 00:00:00',NULL,NULL,'2013-10-08',118),(377,492,1,'Exemple de devoir.','0000-00-00 00:00:00',NULL,NULL,'2013-10-08',60),(378,493,1,'Exemple de devoir.','0000-00-00 00:00:00',NULL,NULL,'2013-10-08',74),(379,494,5,'Exemple de devoir.','0000-00-00 00:00:00',NULL,NULL,'2013-10-08',54),(380,496,3,'Exemple de devoir.','0000-00-00 00:00:00',NULL,NULL,'2013-10-08',14),(381,497,5,'Exemple de devoir.','0000-00-00 00:00:00',NULL,NULL,'2013-10-08',9),(382,499,4,'Exemple de devoir.','0000-00-00 00:00:00',NULL,NULL,'2013-10-08',120),(383,502,2,'Exemple de devoir.','0000-00-00 00:00:00',NULL,NULL,'2013-10-08',92),(384,503,5,'Exemple de devoir.','0000-00-00 00:00:00',NULL,NULL,'2013-10-08',16),(385,504,4,'Exemple de devoir.','0000-00-00 00:00:00',NULL,NULL,'2013-10-08',44),(386,506,4,'Exemple de devoir.','0000-00-00 00:00:00',NULL,NULL,'2013-10-08',18),(387,507,2,'Exemple de devoir.','0000-00-00 00:00:00',NULL,NULL,'2013-10-08',108),(388,508,6,'Exemple de devoir.','0000-00-00 00:00:00',NULL,NULL,'2013-10-08',95),(389,509,6,'Exemple de devoir.','0000-00-00 00:00:00',NULL,NULL,'2013-10-08',90),(390,510,5,'Exemple de devoir.','0000-00-00 00:00:00',NULL,NULL,'2013-10-08',100),(391,512,4,'Exemple de devoir.','0000-00-00 00:00:00',NULL,NULL,'2013-10-08',13),(392,513,1,'Exemple de devoir.','0000-00-00 00:00:00',NULL,NULL,'2013-10-08',83),(393,514,5,'Exemple de devoir.','0000-00-00 00:00:00',NULL,NULL,'2013-10-08',44),(394,516,4,'Exemple de devoir.','0000-00-00 00:00:00',NULL,NULL,'2013-10-08',62),(395,519,5,'Exemple de devoir.','0000-00-00 00:00:00',NULL,NULL,'2013-10-08',59),(396,520,3,'Exemple de devoir.','0000-00-00 00:00:00',NULL,NULL,'2013-10-08',32),(397,521,3,'Exemple de devoir.','0000-00-00 00:00:00',NULL,NULL,'2013-10-08',6),(398,523,2,'Exemple de devoir.','0000-00-00 00:00:00',NULL,NULL,'2013-10-08',96),(399,524,5,'Exemple de devoir.','0000-00-00 00:00:00',NULL,NULL,'2013-10-08',12),(400,525,2,'Exemple de devoir.','0000-00-00 00:00:00',NULL,NULL,'2013-10-08',30),(401,526,1,'Exemple de devoir.','0000-00-00 00:00:00',NULL,NULL,'2013-10-08',108),(402,527,3,'Exemple de devoir.','0000-00-00 00:00:00',NULL,NULL,'2013-10-08',98),(403,528,2,'Exemple de devoir.','0000-00-00 00:00:00',NULL,NULL,'2013-10-08',16),(404,530,2,'Exemple de devoir.','0000-00-00 00:00:00',NULL,NULL,'2013-10-08',39),(405,531,3,'Exemple de devoir.','0000-00-00 00:00:00',NULL,NULL,'2013-10-08',1),(406,532,5,'Exemple de devoir.','0000-00-00 00:00:00',NULL,NULL,'2013-10-08',48),(407,533,5,'Exemple de devoir.','0000-00-00 00:00:00',NULL,NULL,'2013-10-08',77),(408,534,6,'Exemple de devoir.','0000-00-00 00:00:00',NULL,NULL,'2013-10-08',44),(409,535,3,'Exemple de devoir.','0000-00-00 00:00:00',NULL,NULL,'2013-10-08',29),(410,536,6,'Exemple de devoir.','0000-00-00 00:00:00',NULL,NULL,'2013-10-08',96),(411,537,5,'Exemple de devoir.','0000-00-00 00:00:00',NULL,NULL,'2013-10-08',77),(412,538,5,'Exemple de devoir.','0000-00-00 00:00:00',NULL,NULL,'2013-10-08',16),(413,539,2,'Exemple de devoir.','0000-00-00 00:00:00',NULL,NULL,'2013-10-08',6),(414,540,6,'Exemple de devoir.','0000-00-00 00:00:00',NULL,NULL,'2013-10-08',61),(415,542,4,'Exemple de devoir.','0000-00-00 00:00:00',NULL,NULL,'2013-10-08',91),(416,543,3,'Exemple de devoir.','0000-00-00 00:00:00',NULL,NULL,'2013-10-08',69),(417,544,3,'Exemple de devoir.','0000-00-00 00:00:00',NULL,NULL,'2013-10-08',57),(418,545,4,'Exemple de devoir.','0000-00-00 00:00:00',NULL,NULL,'2013-10-08',25),(419,546,6,'Exemple de devoir.','0000-00-00 00:00:00',NULL,NULL,'2013-10-08',112),(420,547,3,'Exemple de devoir.','0000-00-00 00:00:00',NULL,NULL,'2013-10-08',89),(421,548,4,'Exemple de devoir.','0000-00-00 00:00:00',NULL,NULL,'2013-10-08',54),(422,549,4,'Exemple de devoir.','0000-00-00 00:00:00',NULL,NULL,'2013-10-08',59),(423,550,2,'Exemple de devoir.','0000-00-00 00:00:00',NULL,NULL,'2013-10-08',20),(424,551,6,'Exemple de devoir.','0000-00-00 00:00:00',NULL,NULL,'2013-10-08',108),(425,552,6,'Exemple de devoir.','0000-00-00 00:00:00',NULL,NULL,'2013-10-08',38),(426,553,5,'Exemple de devoir.','0000-00-00 00:00:00',NULL,NULL,'2013-10-08',112),(427,555,2,'Exemple de devoir.','0000-00-00 00:00:00',NULL,NULL,'2013-10-08',77),(428,556,2,'Exemple de devoir.','0000-00-00 00:00:00',NULL,NULL,'2013-10-08',6),(429,557,1,'Exemple de devoir.','0000-00-00 00:00:00',NULL,NULL,'2013-10-08',42),(430,558,6,'Exemple de devoir.','0000-00-00 00:00:00',NULL,NULL,'2013-10-08',58),(431,560,4,'Exemple de devoir.','0000-00-00 00:00:00',NULL,NULL,'2013-10-08',23),(432,561,1,'Exemple de devoir.','0000-00-00 00:00:00',NULL,NULL,'2013-10-08',62),(433,562,2,'Exemple de devoir.','0000-00-00 00:00:00',NULL,NULL,'2013-10-08',28),(434,564,5,'Exemple de devoir.','0000-00-00 00:00:00',NULL,NULL,'2013-10-08',29),(435,565,1,'Exemple de devoir.','0000-00-00 00:00:00',NULL,NULL,'2013-10-08',61),(436,566,6,'Exemple de devoir.','0000-00-00 00:00:00',NULL,NULL,'2013-10-08',63),(437,567,3,'Exemple de devoir.','0000-00-00 00:00:00',NULL,NULL,'2013-10-08',71),(438,568,1,'Exemple de devoir.','0000-00-00 00:00:00',NULL,NULL,'2013-10-08',8),(439,569,5,'Exemple de devoir.','0000-00-00 00:00:00',NULL,NULL,'2013-10-08',47),(440,570,4,'Exemple de devoir.','0000-00-00 00:00:00',NULL,NULL,'2013-10-08',57),(441,572,1,'Exemple de devoir.','0000-00-00 00:00:00',NULL,NULL,'2013-10-08',4),(442,573,3,'Exemple de devoir.','0000-00-00 00:00:00',NULL,NULL,'2013-10-08',110),(443,574,6,'Exemple de devoir.','0000-00-00 00:00:00',NULL,NULL,'2013-10-08',25),(444,576,6,'Exemple de devoir.','0000-00-00 00:00:00',NULL,NULL,'2013-10-08',21),(445,577,1,'Exemple de devoir.','0000-00-00 00:00:00',NULL,NULL,'2013-10-08',3),(446,578,4,'Exemple de devoir.','0000-00-00 00:00:00',NULL,NULL,'2013-10-08',78),(447,579,2,'Exemple de devoir.','0000-00-00 00:00:00',NULL,NULL,'2013-10-08',109),(448,581,4,'Exemple de devoir.','0000-00-00 00:00:00',NULL,NULL,'2013-10-08',76),(449,582,3,'Exemple de devoir.','0000-00-00 00:00:00',NULL,NULL,'2013-10-08',72),(450,583,1,'Exemple de devoir.','0000-00-00 00:00:00',NULL,NULL,'2013-10-08',58),(451,584,3,'Exemple de devoir.','0000-00-00 00:00:00',NULL,NULL,'2013-10-08',43),(452,585,3,'Exemple de devoir.','0000-00-00 00:00:00',NULL,NULL,'2013-10-08',73),(453,586,5,'Exemple de devoir.','0000-00-00 00:00:00',NULL,NULL,'2013-10-08',108),(454,587,6,'Exemple de devoir.','0000-00-00 00:00:00',NULL,NULL,'2013-10-08',72),(455,589,4,'Exemple de devoir.','0000-00-00 00:00:00',NULL,NULL,'2013-10-08',14),(456,590,1,'Exemple de devoir.','0000-00-00 00:00:00',NULL,NULL,'2013-10-08',17),(457,592,2,'Exemple de devoir.','0000-00-00 00:00:00',NULL,NULL,'2013-10-08',83),(458,593,6,'Exemple de devoir.','0000-00-00 00:00:00',NULL,NULL,'2013-10-08',3),(459,594,6,'Exemple de devoir.','0000-00-00 00:00:00',NULL,NULL,'2013-10-08',90),(460,595,5,'Exemple de devoir.','0000-00-00 00:00:00',NULL,NULL,'2013-10-08',102),(461,596,4,'Exemple de devoir.','0000-00-00 00:00:00',NULL,NULL,'2013-10-08',13),(462,597,2,'Exemple de devoir.','0000-00-00 00:00:00',NULL,NULL,'2013-10-08',30),(463,598,4,'Exemple de devoir.','0000-00-00 00:00:00',NULL,NULL,'2013-10-08',78),(464,599,2,'Exemple de devoir.','0000-00-00 00:00:00',NULL,NULL,'2013-10-08',98),(465,600,5,'Exemple de devoir.','0000-00-00 00:00:00',NULL,NULL,'2013-10-08',107),(466,601,5,'Exemple de devoir.','0000-00-00 00:00:00',NULL,NULL,'2013-10-08',93),(467,604,2,'Exemple de devoir.','0000-00-00 00:00:00',NULL,NULL,'2013-10-08',54),(468,605,3,'Exemple de devoir.','0000-00-00 00:00:00',NULL,NULL,'2013-10-08',59),(469,606,3,'Exemple de devoir.','0000-00-00 00:00:00',NULL,NULL,'2013-10-08',58),(470,608,2,'Exemple de devoir.','0000-00-00 00:00:00',NULL,NULL,'2013-10-08',113),(471,609,4,'Exemple de devoir.','0000-00-00 00:00:00',NULL,NULL,'2013-10-08',23),(472,611,5,'Exemple de devoir.','0000-00-00 00:00:00',NULL,NULL,'2013-10-08',7),(473,612,4,'Exemple de devoir.','0000-00-00 00:00:00',NULL,NULL,'2013-10-08',56),(474,613,1,'Exemple de devoir.','0000-00-00 00:00:00',NULL,NULL,'2013-10-08',43),(475,614,4,'Exemple de devoir.','0000-00-00 00:00:00',NULL,NULL,'2013-10-08',69),(476,615,2,'Exemple de devoir.','0000-00-00 00:00:00',NULL,NULL,'2013-10-08',19),(477,616,4,'Exemple de devoir.','0000-00-00 00:00:00',NULL,NULL,'2013-10-08',50),(478,617,5,'Exemple de devoir.','0000-00-00 00:00:00',NULL,NULL,'2013-10-08',55),(479,618,4,'Exemple de devoir.','0000-00-00 00:00:00',NULL,NULL,'2013-10-08',5),(480,619,4,'Exemple de devoir.','0000-00-00 00:00:00',NULL,NULL,'2013-10-08',95),(481,620,2,'Exemple de devoir.','0000-00-00 00:00:00',NULL,NULL,'2013-10-08',90),(482,622,2,'Exemple de devoir.','0000-00-00 00:00:00',NULL,NULL,'2013-10-08',72),(483,623,3,'Exemple de devoir.','0000-00-00 00:00:00',NULL,NULL,'2013-10-08',116),(484,624,4,'Exemple de devoir.','0000-00-00 00:00:00',NULL,NULL,'2013-10-08',97),(485,625,3,'Exemple de devoir.','0000-00-00 00:00:00',NULL,NULL,'2013-10-08',28),(486,628,4,'Exemple de devoir.','0000-00-00 00:00:00',NULL,NULL,'2013-10-08',41),(487,630,4,'Exemple de devoir.','0000-00-00 00:00:00',NULL,NULL,'2013-10-08',89),(488,631,1,'Exemple de devoir.','0000-00-00 00:00:00',NULL,NULL,'2013-10-08',74),(489,632,1,'Exemple de devoir.','0000-00-00 00:00:00',NULL,NULL,'2013-10-08',104),(490,635,5,'Exemple de devoir.','0000-00-00 00:00:00',NULL,NULL,'2013-10-08',57),(491,636,5,'Exemple de devoir.','0000-00-00 00:00:00',NULL,NULL,'2013-10-08',104),(492,637,1,'Exemple de devoir.','0000-00-00 00:00:00',NULL,NULL,'2013-10-08',9),(493,638,2,'Exemple de devoir.','0000-00-00 00:00:00',NULL,NULL,'2013-10-08',20),(494,639,6,'Exemple de devoir.','0000-00-00 00:00:00',NULL,NULL,'2013-10-08',55),(495,640,5,'Exemple de devoir.','0000-00-00 00:00:00',NULL,NULL,'2013-10-08',31),(496,641,1,'Exemple de devoir.','0000-00-00 00:00:00',NULL,NULL,'2013-10-08',86),(497,643,3,'Exemple de devoir.','0000-00-00 00:00:00',NULL,NULL,'2013-10-08',44),(498,644,4,'Exemple de devoir.','0000-00-00 00:00:00',NULL,NULL,'2013-10-08',118),(499,647,3,'Exemple de devoir.','0000-00-00 00:00:00',NULL,NULL,'2013-10-08',57),(500,648,6,'Exemple de devoir.','0000-00-00 00:00:00',NULL,NULL,'2013-10-08',18),(501,650,5,'Exemple de devoir.','0000-00-00 00:00:00',NULL,NULL,'2013-10-08',51),(502,651,6,'Exemple de devoir.','0000-00-00 00:00:00',NULL,NULL,'2013-10-08',82),(503,652,4,'Exemple de devoir.','0000-00-00 00:00:00',NULL,NULL,'2013-10-08',53),(504,654,5,'Exemple de devoir.','0000-00-00 00:00:00',NULL,NULL,'2013-10-08',8),(505,655,4,'Exemple de devoir.','0000-00-00 00:00:00',NULL,NULL,'2013-10-08',104),(506,658,1,'Exemple de devoir.','0000-00-00 00:00:00',NULL,NULL,'2013-10-08',19),(507,659,2,'Exemple de devoir.','0000-00-00 00:00:00',NULL,NULL,'2013-10-08',39),(508,661,5,'Exemple de devoir.','0000-00-00 00:00:00',NULL,NULL,'2013-10-08',90),(509,662,4,'Exemple de devoir.','0000-00-00 00:00:00',NULL,NULL,'2013-10-08',57),(510,663,1,'Exemple de devoir.','0000-00-00 00:00:00',NULL,NULL,'2013-10-08',67),(511,664,6,'Exemple de devoir.','0000-00-00 00:00:00',NULL,NULL,'2013-10-08',42),(512,665,6,'Exemple de devoir.','0000-00-00 00:00:00',NULL,NULL,'2013-10-08',95),(513,666,5,'Exemple de devoir.','0000-00-00 00:00:00',NULL,NULL,'2013-10-08',87),(514,667,1,'Exemple de devoir.','0000-00-00 00:00:00',NULL,NULL,'2013-10-08',83),(515,668,3,'Exemple de devoir.','0000-00-00 00:00:00',NULL,NULL,'2013-10-08',63),(516,670,4,'Exemple de devoir.','0000-00-00 00:00:00',NULL,NULL,'2013-10-08',63),(517,671,4,'Exemple de devoir.','0000-00-00 00:00:00',NULL,NULL,'2013-10-08',99),(518,672,6,'Exemple de devoir.','0000-00-00 00:00:00',NULL,NULL,'2013-10-08',95),(519,674,4,'Exemple de devoir.','0000-00-00 00:00:00',NULL,NULL,'2013-10-08',114),(520,675,3,'Exemple de devoir.','0000-00-00 00:00:00',NULL,NULL,'2013-10-08',50),(521,676,3,'Exemple de devoir.','0000-00-00 00:00:00',NULL,NULL,'2013-10-08',77),(522,678,1,'Exemple de devoir.','0000-00-00 00:00:00',NULL,NULL,'2013-10-08',4),(523,680,4,'Exemple de devoir.','0000-00-00 00:00:00',NULL,NULL,'2013-10-08',25),(524,681,2,'Exemple de devoir.','0000-00-00 00:00:00',NULL,NULL,'2013-10-08',116),(525,682,6,'Exemple de devoir.','0000-00-00 00:00:00',NULL,NULL,'2013-10-08',17),(526,683,2,'Exemple de devoir.','0000-00-00 00:00:00',NULL,NULL,'2013-10-08',78),(527,684,3,'Exemple de devoir.','0000-00-00 00:00:00',NULL,NULL,'2013-10-08',64),(528,686,5,'Exemple de devoir.','0000-00-00 00:00:00',NULL,NULL,'2013-10-08',30),(529,687,1,'Exemple de devoir.','0000-00-00 00:00:00',NULL,NULL,'2013-10-08',14),(530,690,1,'Exemple de devoir.','0000-00-00 00:00:00',NULL,NULL,'2013-10-08',85),(531,691,2,'Exemple de devoir.','0000-00-00 00:00:00',NULL,NULL,'2013-10-08',21),(532,692,3,'Exemple de devoir.','0000-00-00 00:00:00',NULL,NULL,'2013-10-08',34),(533,693,3,'Exemple de devoir.','0000-00-00 00:00:00',NULL,NULL,'2013-10-08',114),(534,695,1,'Exemple de devoir.','0000-00-00 00:00:00',NULL,NULL,'2013-10-08',78),(535,697,6,'Exemple de devoir.','0000-00-00 00:00:00',NULL,NULL,'2013-10-08',69),(536,698,6,'Exemple de devoir.','0000-00-00 00:00:00',NULL,NULL,'2013-10-08',6),(537,699,1,'Exemple de devoir.','0000-00-00 00:00:00',NULL,NULL,'2013-10-08',22),(538,700,1,'Exemple de devoir.','0000-00-00 00:00:00',NULL,NULL,'2013-10-08',70),(539,701,1,'Exemple de devoir.','0000-00-00 00:00:00',NULL,NULL,'2013-10-08',26),(540,703,4,'Exemple de devoir.','0000-00-00 00:00:00',NULL,NULL,'2013-10-08',109),(541,704,2,'Exemple de devoir.','0000-00-00 00:00:00',NULL,NULL,'2013-10-08',51),(542,705,3,'Exemple de devoir.','0000-00-00 00:00:00',NULL,NULL,'2013-10-08',8),(543,707,4,'Exemple de devoir.','0000-00-00 00:00:00',NULL,NULL,'2013-10-08',56),(544,709,3,'Exemple de devoir.','0000-00-00 00:00:00',NULL,NULL,'2013-10-08',51),(545,710,2,'Exemple de devoir.','0000-00-00 00:00:00',NULL,NULL,'2013-10-08',109),(546,711,4,'Exemple de devoir.','0000-00-00 00:00:00',NULL,NULL,'2013-10-08',37),(547,712,4,'Exemple de devoir.','0000-00-00 00:00:00',NULL,NULL,'2013-10-08',22),(548,713,6,'Exemple de devoir.','0000-00-00 00:00:00',NULL,NULL,'2013-10-08',75),(549,714,3,'Exemple de devoir.','0000-00-00 00:00:00',NULL,NULL,'2013-10-08',40),(550,715,1,'Exemple de devoir.','0000-00-00 00:00:00',NULL,NULL,'2013-10-08',100),(551,716,3,'Exemple de devoir.','0000-00-00 00:00:00',NULL,NULL,'2013-10-08',35),(552,718,4,'Exemple de devoir.','0000-00-00 00:00:00',NULL,NULL,'2013-10-08',55),(553,720,5,'Exemple de devoir.','0000-00-00 00:00:00',NULL,NULL,'2013-10-08',1),(554,721,2,'Exemple de devoir.','0000-00-00 00:00:00',NULL,NULL,'2013-10-08',77),(555,722,3,'Exemple de devoir.','0000-00-00 00:00:00',NULL,NULL,'2013-10-08',102),(556,726,5,'Exemple de devoir.','0000-00-00 00:00:00',NULL,NULL,'2013-10-08',4),(557,728,5,'Exemple de devoir.','0000-00-00 00:00:00',NULL,NULL,'2013-10-08',71),(558,731,5,'Exemple de devoir.','0000-00-00 00:00:00',NULL,NULL,'2013-10-08',38),(559,732,5,'Exemple de devoir.','0000-00-00 00:00:00',NULL,NULL,'2013-10-08',76),(560,733,2,'Exemple de devoir.','0000-00-00 00:00:00',NULL,NULL,'2013-10-08',64),(561,734,3,'Exemple de devoir.','0000-00-00 00:00:00',NULL,NULL,'2013-10-08',98),(562,736,4,'Exemple de devoir.','0000-00-00 00:00:00',NULL,NULL,'2013-10-08',37),(563,737,3,'Exemple de devoir.','0000-00-00 00:00:00',NULL,NULL,'2013-10-08',77),(564,739,3,'Exemple de devoir.','0000-00-00 00:00:00',NULL,NULL,'2013-10-08',15),(565,740,5,'Exemple de devoir.','0000-00-00 00:00:00',NULL,NULL,'2013-10-08',35),(566,741,2,'Exemple de devoir.','0000-00-00 00:00:00',NULL,NULL,'2013-10-08',6),(567,742,2,'Exemple de devoir.','0000-00-00 00:00:00',NULL,NULL,'2013-10-08',67),(568,743,3,'Exemple de devoir.','0000-00-00 00:00:00',NULL,NULL,'2013-10-08',50),(569,744,3,'Exemple de devoir.','0000-00-00 00:00:00',NULL,NULL,'2013-10-08',114),(570,745,5,'Exemple de devoir.','0000-00-00 00:00:00',NULL,NULL,'2013-10-08',53),(571,746,3,'Exemple de devoir.','0000-00-00 00:00:00',NULL,NULL,'2013-10-08',120),(572,747,4,'Exemple de devoir.','0000-00-00 00:00:00',NULL,NULL,'2013-10-08',69),(573,750,4,'Exemple de devoir.','0000-00-00 00:00:00',NULL,NULL,'2013-10-08',12),(574,751,2,'Exemple de devoir.','0000-00-00 00:00:00',NULL,NULL,'2013-10-08',89),(575,753,6,'Exemple de devoir.','0000-00-00 00:00:00',NULL,NULL,'2013-10-08',52),(576,754,3,'Exemple de devoir.','0000-00-00 00:00:00',NULL,NULL,'2013-10-08',106),(577,755,5,'Exemple de devoir.','0000-00-00 00:00:00',NULL,NULL,'2013-10-08',51),(578,756,4,'Exemple de devoir.','0000-00-00 00:00:00',NULL,NULL,'2013-10-08',86),(579,757,2,'Exemple de devoir.','0000-00-00 00:00:00',NULL,NULL,'2013-10-08',120),(580,758,5,'Exemple de devoir.','0000-00-00 00:00:00',NULL,NULL,'2013-10-08',48),(581,759,4,'Exemple de devoir.','0000-00-00 00:00:00',NULL,NULL,'2013-10-08',16),(582,760,2,'Exemple de devoir.','0000-00-00 00:00:00',NULL,NULL,'2013-10-08',32),(583,762,2,'Exemple de devoir.','0000-00-00 00:00:00',NULL,NULL,'2013-10-08',34),(584,765,2,'Exemple de devoir.','0000-00-00 00:00:00',NULL,NULL,'2013-10-08',42),(585,766,2,'Exemple de devoir.','0000-00-00 00:00:00',NULL,NULL,'2013-10-08',90),(586,767,3,'Exemple de devoir.','0000-00-00 00:00:00',NULL,NULL,'2013-10-08',25),(587,768,3,'Exemple de devoir.','0000-00-00 00:00:00',NULL,NULL,'2013-10-08',114),(588,772,1,'Exemple de devoir.','0000-00-00 00:00:00',NULL,NULL,'2013-10-08',19),(589,773,1,'Exemple de devoir.','0000-00-00 00:00:00',NULL,NULL,'2013-10-08',111),(590,774,6,'Exemple de devoir.','0000-00-00 00:00:00',NULL,NULL,'2013-10-08',65),(591,775,5,'Exemple de devoir.','0000-00-00 00:00:00',NULL,NULL,'2013-10-08',12),(592,776,1,'Exemple de devoir.','0000-00-00 00:00:00',NULL,NULL,'2013-10-08',32),(593,777,3,'Exemple de devoir.','0000-00-00 00:00:00',NULL,NULL,'2013-10-08',77),(594,778,4,'Exemple de devoir.','0000-00-00 00:00:00',NULL,NULL,'2013-10-08',31),(595,779,3,'Exemple de devoir.','0000-00-00 00:00:00',NULL,NULL,'2013-10-08',1),(596,781,5,'Exemple de devoir.','0000-00-00 00:00:00',NULL,NULL,'2013-10-08',60),(597,782,5,'Exemple de devoir.','0000-00-00 00:00:00',NULL,NULL,'2013-10-08',32),(598,783,4,'Exemple de devoir.','0000-00-00 00:00:00',NULL,NULL,'2013-10-08',15),(599,784,2,'Exemple de devoir.','0000-00-00 00:00:00',NULL,NULL,'2013-10-08',9),(600,785,1,'Exemple de devoir.','0000-00-00 00:00:00',NULL,NULL,'2013-10-08',93),(601,786,6,'Exemple de devoir.','0000-00-00 00:00:00',NULL,NULL,'2013-10-08',86),(602,787,5,'Exemple de devoir.','0000-00-00 00:00:00',NULL,NULL,'2013-10-08',70),(603,788,1,'Exemple de devoir.','0000-00-00 00:00:00',NULL,NULL,'2013-10-08',15),(604,789,2,'Exemple de devoir.','0000-00-00 00:00:00',NULL,NULL,'2013-10-08',96),(605,790,1,'Exemple de devoir.','0000-00-00 00:00:00',NULL,NULL,'2013-10-08',88),(606,791,3,'Exemple de devoir.','0000-00-00 00:00:00',NULL,NULL,'2013-10-08',60),(607,793,2,'Exemple de devoir.','0000-00-00 00:00:00',NULL,NULL,'2013-10-08',2),(608,795,4,'Exemple de devoir.','0000-00-00 00:00:00',NULL,NULL,'2013-10-08',97),(609,796,5,'Exemple de devoir.','0000-00-00 00:00:00',NULL,NULL,'2013-10-08',20),(610,799,6,'Exemple de devoir.','0000-00-00 00:00:00',NULL,NULL,'2013-10-08',93),(611,800,1,'Exemple de devoir.','0000-00-00 00:00:00',NULL,NULL,'2013-10-08',98),(612,801,1,'Exemple de devoir.','0000-00-00 00:00:00',NULL,NULL,'2013-10-08',3),(613,802,3,'Exemple de devoir.','0000-00-00 00:00:00',NULL,NULL,'2013-10-08',65),(614,803,2,'Exemple de devoir.','0000-00-00 00:00:00',NULL,NULL,'2013-10-08',100),(615,804,1,'Exemple de devoir.','0000-00-00 00:00:00',NULL,NULL,'2013-10-08',5),(616,805,1,'Exemple de devoir.','0000-00-00 00:00:00',NULL,NULL,'2013-10-08',82),(617,808,2,'Exemple de devoir.','0000-00-00 00:00:00',NULL,NULL,'2013-10-08',14),(618,810,3,'Exemple de devoir.','0000-00-00 00:00:00',NULL,NULL,'2013-10-08',59),(619,811,1,'Exemple de devoir.','0000-00-00 00:00:00',NULL,NULL,'2013-10-08',35),(620,812,5,'Exemple de devoir.','0000-00-00 00:00:00',NULL,NULL,'2013-10-08',0),(621,813,1,'Exemple de devoir.','0000-00-00 00:00:00',NULL,NULL,'2013-10-08',42),(622,815,1,'Exemple de devoir.','0000-00-00 00:00:00',NULL,NULL,'2013-10-08',6),(623,816,6,'Exemple de devoir.','0000-00-00 00:00:00',NULL,NULL,'2013-10-08',101),(624,818,5,'Exemple de devoir.','0000-00-00 00:00:00',NULL,NULL,'2013-10-08',76),(625,820,6,'Exemple de devoir.','0000-00-00 00:00:00',NULL,NULL,'2013-10-08',74),(626,821,4,'Exemple de devoir.','0000-00-00 00:00:00',NULL,NULL,'2013-10-08',95),(627,822,4,'Exemple de devoir.','0000-00-00 00:00:00',NULL,NULL,'2013-10-08',99),(628,823,3,'Exemple de devoir.','0000-00-00 00:00:00',NULL,NULL,'2013-10-08',28),(629,824,3,'Exemple de devoir.','0000-00-00 00:00:00',NULL,NULL,'2013-10-08',120),(630,825,3,'Exemple de devoir.','0000-00-00 00:00:00',NULL,NULL,'2013-10-08',114),(631,826,1,'Exemple de devoir.','0000-00-00 00:00:00',NULL,NULL,'2013-10-08',102),(632,827,2,'Exemple de devoir.','0000-00-00 00:00:00',NULL,NULL,'2013-10-08',57),(633,828,4,'Exemple de devoir.','0000-00-00 00:00:00',NULL,NULL,'2013-10-08',30),(634,829,3,'Exemple de devoir.','0000-00-00 00:00:00',NULL,NULL,'2013-10-08',100),(635,830,2,'Exemple de devoir.','0000-00-00 00:00:00',NULL,NULL,'2013-10-08',61),(636,831,6,'Exemple de devoir.','0000-00-00 00:00:00',NULL,NULL,'2013-10-08',1),(637,833,6,'Exemple de devoir.','0000-00-00 00:00:00',NULL,NULL,'2013-10-08',54),(638,835,3,'Exemple de devoir.','0000-00-00 00:00:00',NULL,NULL,'2013-10-08',76),(639,838,6,'Exemple de devoir.','0000-00-00 00:00:00',NULL,NULL,'2013-10-08',20),(640,839,5,'Exemple de devoir.','0000-00-00 00:00:00',NULL,NULL,'2013-10-08',1),(641,840,2,'Exemple de devoir.','0000-00-00 00:00:00',NULL,NULL,'2013-10-08',38),(642,841,1,'Exemple de devoir.','0000-00-00 00:00:00',NULL,NULL,'2013-10-08',100),(643,842,1,'Exemple de devoir.','0000-00-00 00:00:00',NULL,NULL,'2013-10-08',31),(644,844,2,'Exemple de devoir.','0000-00-00 00:00:00',NULL,NULL,'2013-10-08',72),(645,845,1,'Exemple de devoir.','0000-00-00 00:00:00',NULL,NULL,'2013-10-08',21),(646,847,3,'Exemple de devoir.','0000-00-00 00:00:00',NULL,NULL,'2013-10-08',24),(647,848,6,'Exemple de devoir.','0000-00-00 00:00:00',NULL,NULL,'2013-10-08',19),(648,849,1,'Exemple de devoir.','0000-00-00 00:00:00',NULL,NULL,'2013-10-08',97),(649,850,2,'Exemple de devoir.','0000-00-00 00:00:00',NULL,NULL,'2013-10-08',26),(650,851,3,'Exemple de devoir.','0000-00-00 00:00:00',NULL,NULL,'2013-10-08',78),(651,854,1,'Exemple de devoir.','0000-00-00 00:00:00',NULL,NULL,'2013-10-08',54),(652,855,3,'Exemple de devoir.','0000-00-00 00:00:00',NULL,NULL,'2013-10-08',95),(653,856,2,'Exemple de devoir.','0000-00-00 00:00:00',NULL,NULL,'2013-10-08',53),(654,857,1,'Exemple de devoir.','0000-00-00 00:00:00',NULL,NULL,'2013-10-08',28),(655,859,3,'Exemple de devoir.','0000-00-00 00:00:00',NULL,NULL,'2013-10-08',57),(656,860,4,'Exemple de devoir.','0000-00-00 00:00:00',NULL,NULL,'2013-10-08',68),(657,861,2,'Exemple de devoir.','0000-00-00 00:00:00',NULL,NULL,'2013-10-08',81),(658,862,6,'Exemple de devoir.','0000-00-00 00:00:00',NULL,NULL,'2013-10-08',19),(659,863,3,'Exemple de devoir.','0000-00-00 00:00:00',NULL,NULL,'2013-10-08',4),(660,864,5,'Exemple de devoir.','0000-00-00 00:00:00',NULL,NULL,'2013-10-08',73),(661,866,2,'Exemple de devoir.','0000-00-00 00:00:00',NULL,NULL,'2013-10-08',33),(662,868,4,'Exemple de devoir.','0000-00-00 00:00:00',NULL,NULL,'2013-10-08',22),(663,869,4,'Exemple de devoir.','0000-00-00 00:00:00',NULL,NULL,'2013-10-08',49),(664,870,5,'Exemple de devoir.','0000-00-00 00:00:00',NULL,NULL,'2013-10-08',103),(665,872,6,'Exemple de devoir.','0000-00-00 00:00:00',NULL,NULL,'2013-10-08',107),(666,873,2,'Exemple de devoir.','0000-00-00 00:00:00',NULL,NULL,'2013-10-08',102),(667,874,4,'Exemple de devoir.','0000-00-00 00:00:00',NULL,NULL,'2013-10-08',12),(668,876,5,'Exemple de devoir.','0000-00-00 00:00:00',NULL,NULL,'2013-10-08',50),(669,878,4,'Exemple de devoir.','0000-00-00 00:00:00',NULL,NULL,'2013-10-08',98),(670,879,1,'Exemple de devoir.','0000-00-00 00:00:00',NULL,NULL,'2013-10-08',109),(671,880,2,'Exemple de devoir.','0000-00-00 00:00:00',NULL,NULL,'2013-10-08',52),(672,881,6,'Exemple de devoir.','0000-00-00 00:00:00',NULL,NULL,'2013-10-08',32),(673,882,6,'Exemple de devoir.','0000-00-00 00:00:00',NULL,NULL,'2013-10-08',19),(674,883,1,'Exemple de devoir.','0000-00-00 00:00:00',NULL,NULL,'2013-10-08',78),(675,885,2,'Exemple de devoir.','0000-00-00 00:00:00',NULL,NULL,'2013-10-08',101),(676,886,5,'Exemple de devoir.','0000-00-00 00:00:00',NULL,NULL,'2013-10-08',32),(677,887,6,'Exemple de devoir.','0000-00-00 00:00:00',NULL,NULL,'2013-10-08',58),(678,888,1,'Exemple de devoir.','0000-00-00 00:00:00',NULL,NULL,'2013-10-08',74),(679,892,4,'Exemple de devoir.','0000-00-00 00:00:00',NULL,NULL,'2013-10-08',67),(680,894,3,'Exemple de devoir.','0000-00-00 00:00:00',NULL,NULL,'2013-10-08',39),(681,895,1,'Exemple de devoir.','0000-00-00 00:00:00',NULL,NULL,'2013-10-08',24),(682,896,2,'Exemple de devoir.','0000-00-00 00:00:00',NULL,NULL,'2013-10-08',114),(683,897,2,'Exemple de devoir.','0000-00-00 00:00:00',NULL,NULL,'2013-10-08',10),(684,898,2,'Exemple de devoir.','0000-00-00 00:00:00',NULL,NULL,'2013-10-08',113),(685,900,6,'Exemple de devoir.','0000-00-00 00:00:00',NULL,NULL,'2013-10-08',59),(686,901,4,'Exemple de devoir.','0000-00-00 00:00:00',NULL,NULL,'2013-10-08',8),(687,902,4,'Exemple de devoir.','0000-00-00 00:00:00',NULL,NULL,'2013-10-08',68),(688,903,5,'Exemple de devoir.','0000-00-00 00:00:00',NULL,NULL,'2013-10-08',90),(689,904,6,'Exemple de devoir.','0000-00-00 00:00:00',NULL,NULL,'2013-10-08',80),(690,906,6,'Exemple de devoir.','0000-00-00 00:00:00',NULL,NULL,'2013-10-08',100),(691,907,1,'Exemple de devoir.','0000-00-00 00:00:00',NULL,NULL,'2013-10-08',5),(692,908,3,'Exemple de devoir.','0000-00-00 00:00:00',NULL,NULL,'2013-10-08',104),(693,909,2,'Exemple de devoir.','0000-00-00 00:00:00',NULL,NULL,'2013-10-08',88),(694,911,6,'Exemple de devoir.','0000-00-00 00:00:00',NULL,NULL,'2013-10-08',68),(695,913,4,'Exemple de devoir.','0000-00-00 00:00:00',NULL,NULL,'2013-10-08',20),(696,915,1,'Exemple de devoir.','0000-00-00 00:00:00',NULL,NULL,'2013-10-08',94),(697,916,5,'Exemple de devoir.','0000-00-00 00:00:00',NULL,NULL,'2013-10-08',81),(698,917,5,'Exemple de devoir.','0000-00-00 00:00:00',NULL,NULL,'2013-10-08',46),(699,918,2,'Exemple de devoir.','0000-00-00 00:00:00',NULL,NULL,'2013-10-08',58),(700,919,6,'Exemple de devoir.','0000-00-00 00:00:00',NULL,NULL,'2013-10-08',113),(701,920,3,'Exemple de devoir.','0000-00-00 00:00:00',NULL,NULL,'2013-10-08',48),(702,921,6,'Exemple de devoir.','0000-00-00 00:00:00',NULL,NULL,'2013-10-08',104),(703,923,1,'Exemple de devoir.','0000-00-00 00:00:00',NULL,NULL,'2013-10-08',51),(704,924,1,'Exemple de devoir.','0000-00-00 00:00:00',NULL,NULL,'2013-10-08',67),(705,925,3,'Exemple de devoir.','0000-00-00 00:00:00',NULL,NULL,'2013-10-08',107),(706,926,2,'Exemple de devoir.','0000-00-00 00:00:00',NULL,NULL,'2013-10-08',111),(707,927,3,'Exemple de devoir.','0000-00-00 00:00:00',NULL,NULL,'2013-10-08',47),(708,931,6,'Exemple de devoir.','0000-00-00 00:00:00',NULL,NULL,'2013-10-08',2),(709,932,2,'Exemple de devoir.','0000-00-00 00:00:00',NULL,NULL,'2013-10-08',113),(710,934,6,'Exemple de devoir.','0000-00-00 00:00:00',NULL,NULL,'2013-10-08',115),(711,935,5,'Exemple de devoir.','0000-00-00 00:00:00',NULL,NULL,'2013-10-08',116),(712,936,6,'Exemple de devoir.','0000-00-00 00:00:00',NULL,NULL,'2013-10-08',101),(713,937,6,'Exemple de devoir.','0000-00-00 00:00:00',NULL,NULL,'2013-10-08',14),(714,938,3,'Exemple de devoir.','0000-00-00 00:00:00',NULL,NULL,'2013-10-08',40),(715,939,5,'Exemple de devoir.','0000-00-00 00:00:00',NULL,NULL,'2013-10-08',120),(716,940,3,'Exemple de devoir.','0000-00-00 00:00:00',NULL,NULL,'2013-10-08',111),(717,942,1,'Exemple de devoir.','0000-00-00 00:00:00',NULL,NULL,'2013-10-08',3),(718,943,4,'Exemple de devoir.','0000-00-00 00:00:00',NULL,NULL,'2013-10-08',29),(719,944,4,'Exemple de devoir.','0000-00-00 00:00:00',NULL,NULL,'2013-10-08',69),(720,945,1,'Exemple de devoir.','0000-00-00 00:00:00',NULL,NULL,'2013-10-08',114),(721,947,4,'Exemple de devoir.','0000-00-00 00:00:00',NULL,NULL,'2013-10-08',78),(722,948,4,'Exemple de devoir.','0000-00-00 00:00:00',NULL,NULL,'2013-10-08',77),(723,949,5,'Exemple de devoir.','0000-00-00 00:00:00',NULL,NULL,'2013-10-08',64),(724,950,4,'Exemple de devoir.','0000-00-00 00:00:00',NULL,NULL,'2013-10-08',19),(725,951,6,'Exemple de devoir.','0000-00-00 00:00:00',NULL,NULL,'2013-10-08',77),(726,953,3,'Exemple de devoir.','0000-00-00 00:00:00',NULL,NULL,'2013-10-08',56),(727,954,2,'Exemple de devoir.','0000-00-00 00:00:00',NULL,NULL,'2013-10-08',4),(728,955,3,'Exemple de devoir.','0000-00-00 00:00:00',NULL,NULL,'2013-10-08',59),(729,956,3,'Exemple de devoir.','0000-00-00 00:00:00',NULL,NULL,'2013-10-08',111),(730,957,2,'Exemple de devoir.','0000-00-00 00:00:00',NULL,NULL,'2013-10-08',26),(731,959,6,'Exemple de devoir.','0000-00-00 00:00:00',NULL,NULL,'2013-10-08',23),(732,960,4,'Exemple de devoir.','0000-00-00 00:00:00',NULL,NULL,'2013-10-08',54),(733,961,4,'Exemple de devoir.','0000-00-00 00:00:00',NULL,NULL,'2013-10-08',84),(734,962,1,'Exemple de devoir.','0000-00-00 00:00:00',NULL,NULL,'2013-10-08',25),(735,965,4,'Exemple de devoir.','0000-00-00 00:00:00',NULL,NULL,'2013-10-08',12),(736,966,6,'Exemple de devoir.','0000-00-00 00:00:00',NULL,NULL,'2013-10-08',61),(737,967,4,'Exemple de devoir.','0000-00-00 00:00:00',NULL,NULL,'2013-10-08',106),(738,968,4,'Exemple de devoir.','0000-00-00 00:00:00',NULL,NULL,'2013-10-08',97),(739,969,5,'Exemple de devoir.','0000-00-00 00:00:00',NULL,NULL,'2013-10-08',65),(740,970,3,'Exemple de devoir.','0000-00-00 00:00:00',NULL,NULL,'2013-10-08',30),(741,971,3,'Exemple de devoir.','0000-00-00 00:00:00',NULL,NULL,'2013-10-08',98),(742,972,2,'Exemple de devoir.','0000-00-00 00:00:00',NULL,NULL,'2013-10-08',120),(743,973,1,'Exemple de devoir.','0000-00-00 00:00:00',NULL,NULL,'2013-10-08',78),(744,974,3,'Exemple de devoir.','0000-00-00 00:00:00',NULL,NULL,'2013-10-08',8),(745,975,3,'Exemple de devoir.','0000-00-00 00:00:00',NULL,NULL,'2013-10-08',45),(746,976,4,'Exemple de devoir.','0000-00-00 00:00:00',NULL,NULL,'2013-10-08',46),(747,977,5,'Exemple de devoir.','0000-00-00 00:00:00',NULL,NULL,'2013-10-08',38),(748,978,4,'Exemple de devoir.','0000-00-00 00:00:00',NULL,NULL,'2013-10-08',42),(749,979,3,'Exemple de devoir.','0000-00-00 00:00:00',NULL,NULL,'2013-10-08',23),(750,981,3,'Exemple de devoir.','0000-00-00 00:00:00',NULL,NULL,'2013-10-08',41),(751,982,4,'Exemple de devoir.','0000-00-00 00:00:00',NULL,NULL,'2013-10-08',59),(752,983,6,'Exemple de devoir.','0000-00-00 00:00:00',NULL,NULL,'2013-10-08',88),(753,985,5,'Exemple de devoir.','0000-00-00 00:00:00',NULL,NULL,'2013-10-08',7),(754,986,6,'Exemple de devoir.','0000-00-00 00:00:00',NULL,NULL,'2013-10-08',58),(755,987,5,'Exemple de devoir.','0000-00-00 00:00:00',NULL,NULL,'2013-10-08',40),(756,989,5,'Exemple de devoir.','0000-00-00 00:00:00',NULL,NULL,'2013-10-08',3),(757,990,6,'Exemple de devoir.','0000-00-00 00:00:00',NULL,NULL,'2013-10-08',66),(758,991,5,'Exemple de devoir.','0000-00-00 00:00:00',NULL,NULL,'2013-10-08',35),(759,992,2,'Exemple de devoir.','0000-00-00 00:00:00',NULL,NULL,'2013-10-08',70),(760,993,5,'Exemple de devoir.','0000-00-00 00:00:00',NULL,NULL,'2013-10-08',65),(761,998,5,'Exemple de devoir.','0000-00-00 00:00:00',NULL,NULL,'2013-10-08',82),(762,999,5,'Exemple de devoir.','0000-00-00 00:00:00',NULL,NULL,'2013-10-08',38),(763,1000,5,'Exemple de devoir.','0000-00-00 00:00:00',NULL,NULL,'2013-10-08',41),(764,1002,3,'Exemple de devoir.','0000-00-00 00:00:00',NULL,NULL,'2013-10-08',34),(765,1003,1,'Exemple de devoir.','0000-00-00 00:00:00',NULL,NULL,'2013-10-08',16),(766,1004,6,'Exemple de devoir.','0000-00-00 00:00:00',NULL,NULL,'2013-10-08',82),(767,1005,6,'Exemple de devoir.','0000-00-00 00:00:00',NULL,NULL,'2013-10-08',11),(768,1007,6,'Exemple de devoir.','0000-00-00 00:00:00',NULL,NULL,'2013-10-08',111),(769,1008,6,'Exemple de devoir.','0000-00-00 00:00:00',NULL,NULL,'2013-10-08',79),(770,1009,4,'Exemple de devoir.','0000-00-00 00:00:00',NULL,NULL,'2013-10-08',49),(771,1010,4,'Exemple de devoir.','0000-00-00 00:00:00',NULL,NULL,'2013-10-08',21),(772,1011,3,'Exemple de devoir.','0000-00-00 00:00:00',NULL,NULL,'2013-10-08',9),(773,1012,4,'Exemple de devoir.','0000-00-00 00:00:00',NULL,NULL,'2013-10-08',27),(774,1013,1,'Exemple de devoir.','0000-00-00 00:00:00',NULL,NULL,'2013-10-08',28),(775,1014,4,'Exemple de devoir.','0000-00-00 00:00:00',NULL,NULL,'2013-10-08',119),(776,1015,1,'Exemple de devoir.','0000-00-00 00:00:00',NULL,NULL,'2013-10-08',104),(777,1017,2,'Exemple de devoir.','0000-00-00 00:00:00',NULL,NULL,'2013-10-08',96),(778,1018,3,'Exemple de devoir.','0000-00-00 00:00:00',NULL,NULL,'2013-10-08',66),(779,1020,4,'Exemple de devoir.','0000-00-00 00:00:00',NULL,NULL,'2013-10-08',4),(780,1022,1,'Exemple de devoir.','0000-00-00 00:00:00',NULL,NULL,'2013-10-08',7),(781,1025,3,'Exemple de devoir.','0000-00-00 00:00:00',NULL,NULL,'2013-10-08',117),(782,1026,5,'Exemple de devoir.','0000-00-00 00:00:00',NULL,NULL,'2013-10-08',5),(783,1027,2,'Exemple de devoir.','0000-00-00 00:00:00',NULL,NULL,'2013-10-08',61),(784,1028,6,'Exemple de devoir.','0000-00-00 00:00:00',NULL,NULL,'2013-10-08',7),(785,1030,6,'Exemple de devoir.','0000-00-00 00:00:00',NULL,NULL,'2013-10-08',103),(786,1032,5,'Exemple de devoir.','0000-00-00 00:00:00',NULL,NULL,'2013-10-08',32),(787,1034,3,'Exemple de devoir.','0000-00-00 00:00:00',NULL,NULL,'2013-10-08',81),(788,1035,5,'Exemple de devoir.','0000-00-00 00:00:00',NULL,NULL,'2013-10-08',41),(789,1036,6,'Exemple de devoir.','0000-00-00 00:00:00',NULL,NULL,'2013-10-08',42),(790,1037,1,'Exemple de devoir.','0000-00-00 00:00:00',NULL,NULL,'2013-10-08',110),(791,1038,5,'Exemple de devoir.','0000-00-00 00:00:00',NULL,NULL,'2013-10-08',104),(792,1039,4,'Exemple de devoir.','0000-00-00 00:00:00',NULL,NULL,'2013-10-08',10),(793,1040,1,'Exemple de devoir.','0000-00-00 00:00:00',NULL,NULL,'2013-10-08',25),(794,1041,2,'Exemple de devoir.','0000-00-00 00:00:00',NULL,NULL,'2013-10-08',118),(795,1042,5,'Exemple de devoir.','0000-00-00 00:00:00',NULL,NULL,'2013-10-08',73),(796,1045,3,'Exemple de devoir.','0000-00-00 00:00:00',NULL,NULL,'2013-10-08',72),(797,1046,1,'Exemple de devoir.','0000-00-00 00:00:00',NULL,NULL,'2013-10-08',116),(798,1047,1,'Exemple de devoir.','0000-00-00 00:00:00',NULL,NULL,'2013-10-08',61),(799,1048,3,'Exemple de devoir.','0000-00-00 00:00:00',NULL,NULL,'2013-10-08',39),(800,1050,2,'Exemple de devoir.','0000-00-00 00:00:00',NULL,NULL,'2013-10-08',73),(801,1054,4,'Exemple de devoir.','0000-00-00 00:00:00',NULL,NULL,'2013-10-08',46),(802,1055,4,'Exemple de devoir.','0000-00-00 00:00:00',NULL,NULL,'2013-10-08',44),(803,1056,5,'Exemple de devoir.','0000-00-00 00:00:00',NULL,NULL,'2013-10-08',64),(804,1057,4,'Exemple de devoir.','0000-00-00 00:00:00',NULL,NULL,'2013-10-08',71),(805,1058,5,'Exemple de devoir.','0000-00-00 00:00:00',NULL,NULL,'2013-10-08',99),(806,1059,6,'Exemple de devoir.','0000-00-00 00:00:00',NULL,NULL,'2013-10-08',72),(807,1060,3,'Exemple de devoir.','0000-00-00 00:00:00',NULL,NULL,'2013-10-08',118),(808,1061,6,'Exemple de devoir.','0000-00-00 00:00:00',NULL,NULL,'2013-10-08',31),(809,1062,3,'Exemple de devoir.','0000-00-00 00:00:00',NULL,NULL,'2013-10-08',13),(810,1063,2,'Exemple de devoir.','0000-00-00 00:00:00',NULL,NULL,'2013-10-08',110),(811,1064,1,'Exemple de devoir.','0000-00-00 00:00:00',NULL,NULL,'2013-10-08',23),(812,1065,2,'Exemple de devoir.','0000-00-00 00:00:00',NULL,NULL,'2013-10-08',93),(813,1066,2,'Exemple de devoir.','0000-00-00 00:00:00',NULL,NULL,'2013-10-08',69),(814,1067,2,'Exemple de devoir.','0000-00-00 00:00:00',NULL,NULL,'2013-10-08',17),(815,1068,5,'Exemple de devoir.','0000-00-00 00:00:00',NULL,NULL,'2013-10-08',83),(816,1070,4,'Exemple de devoir.','0000-00-00 00:00:00',NULL,NULL,'2013-10-08',73),(817,1072,6,'Exemple de devoir.','0000-00-00 00:00:00',NULL,NULL,'2013-10-08',24),(818,1073,1,'Exemple de devoir.','0000-00-00 00:00:00',NULL,NULL,'2013-10-08',38),(819,1075,2,'Exemple de devoir.','0000-00-00 00:00:00',NULL,NULL,'2013-10-08',55),(820,1076,2,'Exemple de devoir.','0000-00-00 00:00:00',NULL,NULL,'2013-10-08',57),(821,1077,6,'Exemple de devoir.','0000-00-00 00:00:00',NULL,NULL,'2013-10-08',78),(822,1079,1,'Exemple de devoir.','0000-00-00 00:00:00',NULL,NULL,'2013-10-08',20),(823,1081,3,'Exemple de devoir.','0000-00-00 00:00:00',NULL,NULL,'2013-10-08',115),(824,1082,2,'Exemple de devoir.','0000-00-00 00:00:00',NULL,NULL,'2013-10-08',35),(825,1083,6,'Exemple de devoir.','0000-00-00 00:00:00',NULL,NULL,'2013-10-08',50),(826,1084,2,'Exemple de devoir.','0000-00-00 00:00:00',NULL,NULL,'2013-10-08',92),(827,1085,2,'Exemple de devoir.','0000-00-00 00:00:00',NULL,NULL,'2013-10-08',79),(828,1086,4,'Exemple de devoir.','0000-00-00 00:00:00',NULL,NULL,'2013-10-08',65),(829,1088,6,'Exemple de devoir.','0000-00-00 00:00:00',NULL,NULL,'2013-10-08',73),(830,1089,6,'Exemple de devoir.','0000-00-00 00:00:00',NULL,NULL,'2013-10-08',65),(831,1090,4,'Exemple de devoir.','0000-00-00 00:00:00',NULL,NULL,'2013-10-08',93),(832,1091,6,'Exemple de devoir.','0000-00-00 00:00:00',NULL,NULL,'2013-10-08',1),(833,1093,3,'Exemple de devoir.','0000-00-00 00:00:00',NULL,NULL,'2013-10-08',109),(834,1095,2,'Exemple de devoir.','0000-00-00 00:00:00',NULL,NULL,'2013-10-08',27),(835,1096,6,'Exemple de devoir.','0000-00-00 00:00:00',NULL,NULL,'2013-10-08',72),(836,1097,5,'Exemple de devoir.','0000-00-00 00:00:00',NULL,NULL,'2013-10-08',93),(837,1101,5,'Exemple de devoir.','0000-00-00 00:00:00',NULL,NULL,'2013-10-08',104),(838,1102,6,'Exemple de devoir.','0000-00-00 00:00:00',NULL,NULL,'2013-10-08',103),(839,1103,1,'Exemple de devoir.','0000-00-00 00:00:00',NULL,NULL,'2013-10-08',14),(840,1104,1,'Exemple de devoir.','0000-00-00 00:00:00',NULL,NULL,'2013-10-08',114),(841,1105,6,'Exemple de devoir.','0000-00-00 00:00:00',NULL,NULL,'2013-10-08',45),(842,1106,4,'Exemple de devoir.','0000-00-00 00:00:00',NULL,NULL,'2013-10-08',76),(843,1107,2,'Exemple de devoir.','0000-00-00 00:00:00',NULL,NULL,'2013-10-08',109),(844,1109,2,'Exemple de devoir.','0000-00-00 00:00:00',NULL,NULL,'2013-10-08',24),(845,1110,5,'Exemple de devoir.','0000-00-00 00:00:00',NULL,NULL,'2013-10-08',93),(846,1111,5,'Exemple de devoir.','0000-00-00 00:00:00',NULL,NULL,'2013-10-08',30),(847,1112,6,'Exemple de devoir.','0000-00-00 00:00:00',NULL,NULL,'2013-10-08',88),(848,1113,1,'Exemple de devoir.','0000-00-00 00:00:00',NULL,NULL,'2013-10-08',46),(849,1114,4,'Exemple de devoir.','0000-00-00 00:00:00',NULL,NULL,'2013-10-08',72),(850,1115,2,'Exemple de devoir.','0000-00-00 00:00:00',NULL,NULL,'2013-10-08',120),(851,1116,4,'Exemple de devoir.','0000-00-00 00:00:00',NULL,NULL,'2013-10-08',120),(852,1117,5,'Exemple de devoir.','0000-00-00 00:00:00',NULL,NULL,'2013-10-08',80),(853,1118,3,'Exemple de devoir.','0000-00-00 00:00:00',NULL,NULL,'2013-10-08',4),(854,1119,2,'Exemple de devoir.','0000-00-00 00:00:00',NULL,NULL,'2013-10-08',52),(855,1120,1,'Exemple de devoir.','0000-00-00 00:00:00',NULL,NULL,'2013-10-08',61),(856,1121,6,'Exemple de devoir.','0000-00-00 00:00:00',NULL,NULL,'2013-10-08',35),(857,1122,6,'Exemple de devoir.','0000-00-00 00:00:00',NULL,NULL,'2013-10-08',102),(858,1123,3,'Exemple de devoir.','0000-00-00 00:00:00',NULL,NULL,'2013-10-08',15),(859,1125,3,'Exemple de devoir.','0000-00-00 00:00:00',NULL,NULL,'2013-10-08',20),(860,1126,4,'Exemple de devoir.','0000-00-00 00:00:00',NULL,NULL,'2013-10-08',80),(861,1127,1,'Exemple de devoir.','0000-00-00 00:00:00',NULL,NULL,'2013-10-08',31),(862,1128,3,'Exemple de devoir.','0000-00-00 00:00:00',NULL,NULL,'2013-10-08',55),(863,1129,6,'Exemple de devoir.','0000-00-00 00:00:00',NULL,NULL,'2013-10-08',108),(864,1131,6,'Exemple de devoir.','0000-00-00 00:00:00',NULL,NULL,'2013-10-08',45),(865,1132,1,'Exemple de devoir.','0000-00-00 00:00:00',NULL,NULL,'2013-10-08',43),(866,1133,3,'Exemple de devoir.','0000-00-00 00:00:00',NULL,NULL,'2013-10-08',114),(867,1135,2,'Exemple de devoir.','0000-00-00 00:00:00',NULL,NULL,'2013-10-08',32),(868,1136,5,'Exemple de devoir.','0000-00-00 00:00:00',NULL,NULL,'2013-10-08',35),(869,1137,6,'Exemple de devoir.','0000-00-00 00:00:00',NULL,NULL,'2013-10-08',58),(870,1138,2,'Exemple de devoir.','0000-00-00 00:00:00',NULL,NULL,'2013-10-08',89),(871,1139,6,'Exemple de devoir.','0000-00-00 00:00:00',NULL,NULL,'2013-10-08',13),(872,1141,4,'Exemple de devoir.','0000-00-00 00:00:00',NULL,NULL,'2013-10-08',23),(873,1142,1,'Exemple de devoir.','0000-00-00 00:00:00',NULL,NULL,'2013-10-08',86),(874,1143,1,'Exemple de devoir.','0000-00-00 00:00:00',NULL,NULL,'2013-10-08',101),(875,1145,4,'Exemple de devoir.','0000-00-00 00:00:00',NULL,NULL,'2013-10-08',9),(876,1146,3,'Exemple de devoir.','0000-00-00 00:00:00',NULL,NULL,'2013-10-08',31),(877,1147,2,'Exemple de devoir.','0000-00-00 00:00:00',NULL,NULL,'2013-10-08',114),(878,1148,2,'Exemple de devoir.','0000-00-00 00:00:00',NULL,NULL,'2013-10-08',81),(879,1149,3,'Exemple de devoir.','0000-00-00 00:00:00',NULL,NULL,'2013-10-08',88),(880,1150,1,'Exemple de devoir.','0000-00-00 00:00:00',NULL,NULL,'2013-10-08',39),(881,1151,2,'Exemple de devoir.','0000-00-00 00:00:00',NULL,NULL,'2013-10-08',83),(882,1152,3,'Exemple de devoir.','0000-00-00 00:00:00',NULL,NULL,'2013-10-08',18),(883,1153,4,'Exemple de devoir.','0000-00-00 00:00:00',NULL,NULL,'2013-10-08',101),(884,1154,2,'Exemple de devoir.','0000-00-00 00:00:00',NULL,NULL,'2013-10-08',62),(885,1156,3,'Exemple de devoir.','0000-00-00 00:00:00',NULL,NULL,'2013-10-08',52),(886,1157,5,'Exemple de devoir.','0000-00-00 00:00:00',NULL,NULL,'2013-10-08',28),(887,1159,3,'Exemple de devoir.','0000-00-00 00:00:00',NULL,NULL,'2013-10-08',98),(888,1160,5,'Exemple de devoir.','0000-00-00 00:00:00',NULL,NULL,'2013-10-08',114),(889,1161,3,'Exemple de devoir.','0000-00-00 00:00:00',NULL,NULL,'2013-10-08',30),(890,1162,4,'Exemple de devoir.','0000-00-00 00:00:00',NULL,NULL,'2013-10-08',27),(891,1163,4,'Exemple de devoir.','0000-00-00 00:00:00',NULL,NULL,'2013-10-08',105),(892,1165,2,'Exemple de devoir.','0000-00-00 00:00:00',NULL,NULL,'2013-10-08',62),(893,1166,5,'Exemple de devoir.','0000-00-00 00:00:00',NULL,NULL,'2013-10-08',62),(894,1167,6,'Exemple de devoir.','0000-00-00 00:00:00',NULL,NULL,'2013-10-08',23),(895,1168,4,'Exemple de devoir.','0000-00-00 00:00:00',NULL,NULL,'2013-10-08',10),(896,1170,4,'Exemple de devoir.','0000-00-00 00:00:00',NULL,NULL,'2013-10-08',106),(897,1172,2,'Exemple de devoir.','0000-00-00 00:00:00',NULL,NULL,'2013-10-08',39),(898,1173,6,'Exemple de devoir.','0000-00-00 00:00:00',NULL,NULL,'2013-10-08',4),(899,1174,1,'Exemple de devoir.','0000-00-00 00:00:00',NULL,NULL,'2013-10-08',75),(900,1175,4,'Exemple de devoir.','0000-00-00 00:00:00',NULL,NULL,'2013-10-08',5),(901,1176,6,'Exemple de devoir.','0000-00-00 00:00:00',NULL,NULL,'2013-10-08',44),(902,1177,1,'Exemple de devoir.','0000-00-00 00:00:00',NULL,NULL,'2013-10-08',44),(903,1178,4,'Exemple de devoir.','0000-00-00 00:00:00',NULL,NULL,'2013-10-08',85),(904,1179,6,'Exemple de devoir.','0000-00-00 00:00:00',NULL,NULL,'2013-10-08',61),(905,1180,4,'Exemple de devoir.','0000-00-00 00:00:00',NULL,NULL,'2013-10-08',33),(906,1181,6,'Exemple de devoir.','0000-00-00 00:00:00',NULL,NULL,'2013-10-08',14),(907,1182,5,'Exemple de devoir.','0000-00-00 00:00:00',NULL,NULL,'2013-10-08',85),(908,1184,2,'Exemple de devoir.','0000-00-00 00:00:00',NULL,NULL,'2013-10-08',25),(909,1185,5,'Exemple de devoir.','0000-00-00 00:00:00',NULL,NULL,'2013-10-08',77),(910,1186,2,'Exemple de devoir.','0000-00-00 00:00:00',NULL,NULL,'2013-10-08',39),(911,1187,6,'Exemple de devoir.','0000-00-00 00:00:00',NULL,NULL,'2013-10-08',87),(912,1189,5,'Exemple de devoir.','0000-00-00 00:00:00',NULL,NULL,'2013-10-08',114),(913,1190,2,'Exemple de devoir.','0000-00-00 00:00:00',NULL,NULL,'2013-10-08',106),(914,1191,5,'Exemple de devoir.','0000-00-00 00:00:00',NULL,NULL,'2013-10-08',57),(915,1194,3,'Exemple de devoir.','0000-00-00 00:00:00',NULL,NULL,'2013-10-08',109),(916,1197,2,'Exemple de devoir.','0000-00-00 00:00:00',NULL,NULL,'2013-10-08',79),(917,1198,1,'Exemple de devoir.','0000-00-00 00:00:00',NULL,NULL,'2013-10-08',115),(918,1200,6,'Exemple de devoir.','0000-00-00 00:00:00',NULL,NULL,'2013-10-08',69),(919,1201,6,'Exemple de devoir.','0000-00-00 00:00:00',NULL,NULL,'2013-10-08',13),(920,1203,1,'Exemple de devoir.','0000-00-00 00:00:00',NULL,NULL,'2013-10-08',73),(921,1204,6,'Exemple de devoir.','0000-00-00 00:00:00',NULL,NULL,'2013-10-08',23),(922,1205,2,'Exemple de devoir.','0000-00-00 00:00:00',NULL,NULL,'2013-10-08',106),(923,1206,3,'Exemple de devoir.','0000-00-00 00:00:00',NULL,NULL,'2013-10-08',11),(924,1207,6,'Exemple de devoir.','0000-00-00 00:00:00',NULL,NULL,'2013-10-08',18),(925,1208,5,'Exemple de devoir.','0000-00-00 00:00:00',NULL,NULL,'2013-10-08',30),(926,1209,4,'Exemple de devoir.','0000-00-00 00:00:00',NULL,NULL,'2013-10-08',37),(927,1210,5,'Exemple de devoir.','0000-00-00 00:00:00',NULL,NULL,'2013-10-08',97),(928,1213,5,'Exemple de devoir.','0000-00-00 00:00:00',NULL,NULL,'2013-10-08',71),(929,1214,6,'Exemple de devoir.','0000-00-00 00:00:00',NULL,NULL,'2013-10-08',19),(930,1215,2,'Exemple de devoir.','0000-00-00 00:00:00',NULL,NULL,'2013-10-08',64),(931,1218,5,'Exemple de devoir.','0000-00-00 00:00:00',NULL,NULL,'2013-10-08',31),(932,1219,2,'Exemple de devoir.','0000-00-00 00:00:00',NULL,NULL,'2013-10-08',116),(933,1220,5,'Exemple de devoir.','0000-00-00 00:00:00',NULL,NULL,'2013-10-08',93),(934,1221,4,'Exemple de devoir.','0000-00-00 00:00:00',NULL,NULL,'2013-10-08',18),(935,1224,4,'Exemple de devoir.','0000-00-00 00:00:00',NULL,NULL,'2013-10-08',71),(936,1226,1,'Exemple de devoir.','0000-00-00 00:00:00',NULL,NULL,'2013-10-08',105),(937,1227,5,'Exemple de devoir.','0000-00-00 00:00:00',NULL,NULL,'2013-10-08',76),(938,1229,2,'Exemple de devoir.','0000-00-00 00:00:00',NULL,NULL,'2013-10-08',90),(939,1230,3,'Exemple de devoir.','0000-00-00 00:00:00',NULL,NULL,'2013-10-08',93),(940,1231,2,'Exemple de devoir.','0000-00-00 00:00:00',NULL,NULL,'2013-10-08',73),(941,1232,6,'Exemple de devoir.','0000-00-00 00:00:00',NULL,NULL,'2013-10-08',8),(942,1233,6,'Exemple de devoir.','0000-00-00 00:00:00',NULL,NULL,'2013-10-08',109),(943,1234,3,'Exemple de devoir.','0000-00-00 00:00:00',NULL,NULL,'2013-10-08',101),(944,1236,1,'Exemple de devoir.','0000-00-00 00:00:00',NULL,NULL,'2013-10-08',10),(945,1238,4,'Exemple de devoir.','0000-00-00 00:00:00',NULL,NULL,'2013-10-08',104),(946,1239,2,'Exemple de devoir.','0000-00-00 00:00:00',NULL,NULL,'2013-10-08',68),(947,1240,6,'Exemple de devoir.','0000-00-00 00:00:00',NULL,NULL,'2013-10-08',8),(948,1242,3,'Exemple de devoir.','0000-00-00 00:00:00',NULL,NULL,'2013-10-08',25),(949,1243,1,'Exemple de devoir.','0000-00-00 00:00:00',NULL,NULL,'2013-10-08',5),(950,1244,5,'Exemple de devoir.','0000-00-00 00:00:00',NULL,NULL,'2013-10-08',114),(951,1245,6,'Exemple de devoir.','0000-00-00 00:00:00',NULL,NULL,'2013-10-08',50),(952,1246,1,'Exemple de devoir.','0000-00-00 00:00:00',NULL,NULL,'2013-10-08',27),(953,1247,6,'Exemple de devoir.','0000-00-00 00:00:00',NULL,NULL,'2013-10-08',113),(954,1248,4,'Exemple de devoir.','0000-00-00 00:00:00',NULL,NULL,'2013-10-08',96),(955,1249,5,'Exemple de devoir.','0000-00-00 00:00:00',NULL,NULL,'2013-10-08',53),(956,1250,6,'Exemple de devoir.','0000-00-00 00:00:00',NULL,NULL,'2013-10-08',20),(957,1251,3,'Exemple de devoir.','0000-00-00 00:00:00',NULL,NULL,'2013-10-08',116),(958,1252,2,'Exemple de devoir.','0000-00-00 00:00:00',NULL,NULL,'2013-10-08',119),(959,1254,2,'Exemple de devoir.','0000-00-00 00:00:00',NULL,NULL,'2013-10-08',104),(960,1255,1,'Exemple de devoir.','0000-00-00 00:00:00',NULL,NULL,'2013-10-08',43),(961,1256,6,'Exemple de devoir.','0000-00-00 00:00:00',NULL,NULL,'2013-10-08',87),(962,1257,5,'Exemple de devoir.','0000-00-00 00:00:00',NULL,NULL,'2013-10-08',81),(963,1258,4,'Exemple de devoir.','0000-00-00 00:00:00',NULL,NULL,'2013-10-08',30),(964,1259,1,'Exemple de devoir.','0000-00-00 00:00:00',NULL,NULL,'2013-10-08',88),(965,1260,6,'Exemple de devoir.','0000-00-00 00:00:00',NULL,NULL,'2013-10-08',96),(966,1261,1,'Exemple de devoir.','0000-00-00 00:00:00',NULL,NULL,'2013-10-08',64),(967,1263,4,'Exemple de devoir.','0000-00-00 00:00:00',NULL,NULL,'2013-10-08',108),(968,1264,4,'Exemple de devoir.','0000-00-00 00:00:00',NULL,NULL,'2013-10-08',69),(969,1265,4,'Exemple de devoir.','0000-00-00 00:00:00',NULL,NULL,'2013-10-08',25),(970,1266,4,'Exemple de devoir.','0000-00-00 00:00:00',NULL,NULL,'2013-10-08',40),(971,1268,1,'Exemple de devoir.','0000-00-00 00:00:00',NULL,NULL,'2013-10-08',80),(972,1270,6,'Exemple de devoir.','0000-00-00 00:00:00',NULL,NULL,'2013-10-08',45),(973,1271,1,'Exemple de devoir.','0000-00-00 00:00:00',NULL,NULL,'2013-10-08',24),(974,1272,4,'Exemple de devoir.','0000-00-00 00:00:00',NULL,NULL,'2013-10-08',80),(975,1273,5,'Exemple de devoir.','0000-00-00 00:00:00',NULL,NULL,'2013-10-08',65),(976,1274,3,'Exemple de devoir.','0000-00-00 00:00:00',NULL,NULL,'2013-10-08',56),(977,1275,5,'Exemple de devoir.','0000-00-00 00:00:00',NULL,NULL,'2013-10-08',42),(978,1276,2,'Exemple de devoir.','0000-00-00 00:00:00',NULL,NULL,'2013-10-08',10),(979,1277,6,'Exemple de devoir.','0000-00-00 00:00:00',NULL,NULL,'2013-10-08',48),(980,1279,1,'Exemple de devoir.','0000-00-00 00:00:00',NULL,NULL,'2013-10-08',67),(981,1280,5,'Exemple de devoir.','0000-00-00 00:00:00',NULL,NULL,'2013-10-08',76),(982,1281,5,'Exemple de devoir.','0000-00-00 00:00:00',NULL,NULL,'2013-10-08',110),(983,1282,4,'Exemple de devoir.','0000-00-00 00:00:00',NULL,NULL,'2013-10-08',91),(984,1283,6,'Exemple de devoir.','0000-00-00 00:00:00',NULL,NULL,'2013-10-08',90),(985,1284,1,'Exemple de devoir.','0000-00-00 00:00:00',NULL,NULL,'2013-10-08',40),(986,1285,3,'Exemple de devoir.','0000-00-00 00:00:00',NULL,NULL,'2013-10-08',34),(987,1288,5,'Exemple de devoir.','0000-00-00 00:00:00',NULL,NULL,'2013-10-08',72),(988,1290,1,'Exemple de devoir.','0000-00-00 00:00:00',NULL,NULL,'2013-10-08',34),(989,1292,2,'Exemple de devoir.','0000-00-00 00:00:00',NULL,NULL,'2013-10-08',29),(990,1294,6,'Exemple de devoir.','0000-00-00 00:00:00',NULL,NULL,'2013-10-08',47),(991,1295,6,'Exemple de devoir.','0000-00-00 00:00:00',NULL,NULL,'2013-10-08',58),(992,1296,1,'Exemple de devoir.','0000-00-00 00:00:00',NULL,NULL,'2013-10-08',7),(993,1297,3,'Exemple de devoir.','0000-00-00 00:00:00',NULL,NULL,'2013-10-08',58),(994,1298,4,'Exemple de devoir.','0000-00-00 00:00:00',NULL,NULL,'2013-10-08',24),(995,1299,1,'Exemple de devoir.','0000-00-00 00:00:00',NULL,NULL,'2013-10-08',32),(996,1301,4,'Exemple de devoir.','0000-00-00 00:00:00',NULL,NULL,'2013-10-08',53),(997,1302,5,'Exemple de devoir.','0000-00-00 00:00:00',NULL,NULL,'2013-10-08',89),(998,1303,5,'Exemple de devoir.','0000-00-00 00:00:00',NULL,NULL,'2013-10-08',14),(999,1304,1,'Exemple de devoir.','0000-00-00 00:00:00',NULL,NULL,'2013-10-08',76),(1000,1306,2,'Exemple de devoir.','0000-00-00 00:00:00',NULL,NULL,'2013-10-08',55),(1001,1307,4,'Exemple de devoir.','0000-00-00 00:00:00',NULL,NULL,'2013-10-08',57),(1002,1308,5,'Exemple de devoir.','0000-00-00 00:00:00',NULL,NULL,'2013-10-08',70),(1003,1309,4,'Exemple de devoir.','0000-00-00 00:00:00',NULL,NULL,'2013-10-08',100),(1004,1310,3,'Exemple de devoir.','0000-00-00 00:00:00',NULL,NULL,'2013-10-08',46),(1005,1311,3,'Exemple de devoir.','0000-00-00 00:00:00',NULL,NULL,'2013-10-08',95),(1006,1312,6,'Exemple de devoir.','0000-00-00 00:00:00',NULL,NULL,'2013-10-08',60),(1007,1313,5,'Exemple de devoir.','0000-00-00 00:00:00',NULL,NULL,'2013-10-08',0),(1008,1314,2,'Exemple de devoir.','0000-00-00 00:00:00',NULL,NULL,'2013-10-08',98),(1009,1316,5,'Exemple de devoir.','0000-00-00 00:00:00',NULL,NULL,'2013-10-08',18),(1010,1317,2,'Exemple de devoir.','0000-00-00 00:00:00',NULL,NULL,'2013-10-08',50),(1011,1318,3,'Exemple de devoir.','0000-00-00 00:00:00',NULL,NULL,'2013-10-08',56),(1012,1319,3,'Exemple de devoir.','0000-00-00 00:00:00',NULL,NULL,'2013-10-08',28),(1013,1321,3,'Exemple de devoir.','0000-00-00 00:00:00',NULL,NULL,'2013-10-08',88),(1014,1322,6,'Exemple de devoir.','0000-00-00 00:00:00',NULL,NULL,'2013-10-08',118),(1015,1323,3,'Exemple de devoir.','0000-00-00 00:00:00',NULL,NULL,'2013-10-08',32),(1016,1324,6,'Exemple de devoir.','0000-00-00 00:00:00',NULL,NULL,'2013-10-08',7),(1017,1325,1,'Exemple de devoir.','0000-00-00 00:00:00',NULL,NULL,'2013-10-08',106),(1018,1326,1,'Exemple de devoir.','0000-00-00 00:00:00',NULL,NULL,'2013-10-08',86),(1019,1327,5,'Exemple de devoir.','0000-00-00 00:00:00',NULL,NULL,'2013-10-08',42),(1020,1328,3,'Exemple de devoir.','0000-00-00 00:00:00',NULL,NULL,'2013-10-08',85),(1021,1329,4,'Exemple de devoir.','0000-00-00 00:00:00',NULL,NULL,'2013-10-08',69),(1022,1330,1,'Exemple de devoir.','0000-00-00 00:00:00',NULL,NULL,'2013-10-08',75),(1023,1331,3,'Exemple de devoir.','0000-00-00 00:00:00',NULL,NULL,'2013-10-08',94),(1024,1332,3,'Exemple de devoir.','0000-00-00 00:00:00',NULL,NULL,'2013-10-08',64),(1025,1334,6,'Exemple de devoir.','0000-00-00 00:00:00',NULL,NULL,'2013-10-08',85),(1026,1335,6,'Exemple de devoir.','0000-00-00 00:00:00',NULL,NULL,'2013-10-08',6),(1027,1336,1,'Exemple de devoir.','0000-00-00 00:00:00',NULL,NULL,'2013-10-08',58),(1028,1337,1,'Exemple de devoir.','0000-00-00 00:00:00',NULL,NULL,'2013-10-08',58),(1029,1338,5,'Exemple de devoir.','0000-00-00 00:00:00',NULL,NULL,'2013-10-08',0),(1030,1339,6,'Exemple de devoir.','0000-00-00 00:00:00',NULL,NULL,'2013-10-08',48),(1031,1340,6,'Exemple de devoir.','0000-00-00 00:00:00',NULL,NULL,'2013-10-08',39),(1032,1341,4,'Exemple de devoir.','0000-00-00 00:00:00',NULL,NULL,'2013-10-08',110),(1033,1344,5,'Exemple de devoir.','0000-00-00 00:00:00',NULL,NULL,'2013-10-08',58),(1034,1345,2,'Exemple de devoir.','0000-00-00 00:00:00',NULL,NULL,'2013-10-08',87),(1035,1347,3,'Exemple de devoir.','0000-00-00 00:00:00',NULL,NULL,'2013-10-08',73),(1036,1348,5,'Exemple de devoir.','0000-00-00 00:00:00',NULL,NULL,'2013-10-08',43),(1037,1350,5,'Exemple de devoir.','0000-00-00 00:00:00',NULL,NULL,'2013-10-08',61),(1038,1351,5,'Exemple de devoir.','0000-00-00 00:00:00',NULL,NULL,'2013-10-08',17),(1039,1352,2,'Exemple de devoir.','0000-00-00 00:00:00',NULL,NULL,'2013-10-08',40),(1040,1354,6,'Exemple de devoir.','0000-00-00 00:00:00',NULL,NULL,'2013-10-08',51),(1041,1355,6,'Exemple de devoir.','0000-00-00 00:00:00',NULL,NULL,'2013-10-08',70),(1042,1356,1,'Exemple de devoir.','0000-00-00 00:00:00',NULL,NULL,'2013-10-08',17),(1043,1359,1,'Exemple de devoir.','0000-00-00 00:00:00',NULL,NULL,'2013-10-08',100),(1044,1361,5,'Exemple de devoir.','0000-00-00 00:00:00',NULL,NULL,'2013-10-08',52),(1045,1363,6,'Exemple de devoir.','0000-00-00 00:00:00',NULL,NULL,'2013-10-08',10),(1046,1364,3,'Exemple de devoir.','0000-00-00 00:00:00',NULL,NULL,'2013-10-08',101),(1047,1365,2,'Exemple de devoir.','0000-00-00 00:00:00',NULL,NULL,'2013-10-08',84),(1048,1366,4,'Exemple de devoir.','0000-00-00 00:00:00',NULL,NULL,'2013-10-08',77),(1049,1367,3,'Exemple de devoir.','0000-00-00 00:00:00',NULL,NULL,'2013-10-08',36),(1050,1368,6,'Exemple de devoir.','0000-00-00 00:00:00',NULL,NULL,'2013-10-08',65),(1051,1369,5,'Exemple de devoir.','0000-00-00 00:00:00',NULL,NULL,'2013-10-08',15),(1052,1370,6,'Exemple de devoir.','0000-00-00 00:00:00',NULL,NULL,'2013-10-08',15),(1053,1371,2,'Exemple de devoir.','0000-00-00 00:00:00',NULL,NULL,'2013-10-08',94),(1054,1372,6,'Exemple de devoir.','0000-00-00 00:00:00',NULL,NULL,'2013-10-08',23),(1055,1374,1,'Exemple de devoir.','0000-00-00 00:00:00',NULL,NULL,'2013-10-08',120),(1056,1375,6,'Exemple de devoir.','0000-00-00 00:00:00',NULL,NULL,'2013-10-08',11),(1057,1376,2,'Exemple de devoir.','0000-00-00 00:00:00',NULL,NULL,'2013-10-08',93),(1058,1377,1,'Exemple de devoir.','0000-00-00 00:00:00',NULL,NULL,'2013-10-08',98),(1059,1379,2,'Exemple de devoir.','0000-00-00 00:00:00',NULL,NULL,'2013-10-08',111),(1060,1380,1,'Exemple de devoir.','0000-00-00 00:00:00',NULL,NULL,'2013-10-08',33),(1061,1381,3,'Exemple de devoir.','0000-00-00 00:00:00',NULL,NULL,'2013-10-08',36),(1062,1382,2,'Exemple de devoir.','0000-00-00 00:00:00',NULL,NULL,'2013-10-08',110),(1063,1383,5,'Exemple de devoir.','0000-00-00 00:00:00',NULL,NULL,'2013-10-08',4),(1064,1384,5,'Exemple de devoir.','0000-00-00 00:00:00',NULL,NULL,'2013-10-08',107),(1065,1386,2,'Exemple de devoir.','0000-00-00 00:00:00',NULL,NULL,'2013-10-08',39),(1066,1387,2,'Exemple de devoir.','0000-00-00 00:00:00',NULL,NULL,'2013-10-08',64),(1067,1389,2,'Exemple de devoir.','0000-00-00 00:00:00',NULL,NULL,'2013-10-08',85),(1068,1391,4,'Exemple de devoir.','0000-00-00 00:00:00',NULL,NULL,'2013-10-08',112),(1069,1393,2,'Exemple de devoir.','0000-00-00 00:00:00',NULL,NULL,'2013-10-08',12),(1070,1395,3,'Exemple de devoir.','0000-00-00 00:00:00',NULL,NULL,'2013-10-08',45),(1071,1398,3,'Exemple de devoir.','0000-00-00 00:00:00',NULL,NULL,'2013-10-08',27),(1072,1399,2,'Exemple de devoir.','0000-00-00 00:00:00',NULL,NULL,'2013-10-08',54),(1073,1400,1,'Exemple de devoir.','0000-00-00 00:00:00',NULL,NULL,'2013-10-08',7),(1074,1401,4,'Exemple de devoir.','0000-00-00 00:00:00',NULL,NULL,'2013-10-08',111),(1075,1403,3,'Exemple de devoir.','0000-00-00 00:00:00',NULL,NULL,'2013-10-08',1),(1076,1405,5,'Exemple de devoir.','0000-00-00 00:00:00',NULL,NULL,'2013-10-08',65),(1077,1407,2,'Exemple de devoir.','0000-00-00 00:00:00',NULL,NULL,'2013-10-08',30),(1078,1408,1,'Exemple de devoir.','0000-00-00 00:00:00',NULL,NULL,'2013-10-08',41),(1079,1410,4,'Exemple de devoir.','0000-00-00 00:00:00',NULL,NULL,'2013-10-08',2),(1080,1411,1,'Exemple de devoir.','0000-00-00 00:00:00',NULL,NULL,'2013-10-08',64),(1081,1412,5,'Exemple de devoir.','0000-00-00 00:00:00',NULL,NULL,'2013-10-08',11),(1082,1413,1,'Exemple de devoir.','0000-00-00 00:00:00',NULL,NULL,'2013-10-08',76),(1083,1414,6,'Exemple de devoir.','0000-00-00 00:00:00',NULL,NULL,'2013-10-08',13),(1084,1415,3,'Exemple de devoir.','0000-00-00 00:00:00',NULL,NULL,'2013-10-08',24),(1085,1416,6,'Exemple de devoir.','0000-00-00 00:00:00',NULL,NULL,'2013-10-08',54),(1086,1417,1,'Exemple de devoir.','0000-00-00 00:00:00',NULL,NULL,'2013-10-08',113),(1087,1418,4,'Exemple de devoir.','0000-00-00 00:00:00',NULL,NULL,'2013-10-08',47),(1088,1420,6,'Exemple de devoir.','0000-00-00 00:00:00',NULL,NULL,'2013-10-08',49),(1089,1421,3,'Exemple de devoir.','0000-00-00 00:00:00',NULL,NULL,'2013-10-08',68),(1090,1422,4,'Exemple de devoir.','0000-00-00 00:00:00',NULL,NULL,'2013-10-08',94),(1091,1423,2,'Exemple de devoir.','0000-00-00 00:00:00',NULL,NULL,'2013-10-08',34),(1092,1424,3,'Exemple de devoir.','0000-00-00 00:00:00',NULL,NULL,'2013-10-08',21),(1093,1426,3,'Exemple de devoir.','0000-00-00 00:00:00',NULL,NULL,'2013-10-08',117),(1094,1427,2,'Exemple de devoir.','0000-00-00 00:00:00',NULL,NULL,'2013-10-08',41),(1095,1428,6,'Exemple de devoir.','0000-00-00 00:00:00',NULL,NULL,'2013-10-08',81),(1096,1429,5,'Exemple de devoir.','0000-00-00 00:00:00',NULL,NULL,'2013-10-08',69),(1097,1430,3,'Exemple de devoir.','0000-00-00 00:00:00',NULL,NULL,'2013-10-08',74),(1098,1431,3,'Exemple de devoir.','0000-00-00 00:00:00',NULL,NULL,'2013-10-08',28),(1099,1432,1,'Exemple de devoir.','0000-00-00 00:00:00',NULL,NULL,'2013-10-08',42),(1100,1433,3,'Exemple de devoir.','0000-00-00 00:00:00',NULL,NULL,'2013-10-08',28),(1101,1434,3,'Exemple de devoir.','0000-00-00 00:00:00',NULL,NULL,'2013-10-08',108),(1102,1435,6,'Exemple de devoir.','0000-00-00 00:00:00',NULL,NULL,'2013-10-08',65),(1103,1437,1,'Exemple de devoir.','0000-00-00 00:00:00',NULL,NULL,'2013-10-08',82),(1104,1440,6,'Exemple de devoir.','0000-00-00 00:00:00',NULL,NULL,'2013-10-08',66),(1105,1442,5,'Exemple de devoir.','0000-00-00 00:00:00',NULL,NULL,'2013-10-08',118),(1106,1443,5,'Exemple de devoir.','0000-00-00 00:00:00',NULL,NULL,'2013-10-08',44),(1107,1444,4,'Exemple de devoir.','0000-00-00 00:00:00',NULL,NULL,'2013-10-08',50),(1108,1446,5,'Exemple de devoir.','0000-00-00 00:00:00',NULL,NULL,'2013-10-08',107),(1109,1447,3,'Exemple de devoir.','0000-00-00 00:00:00',NULL,NULL,'2013-10-08',85),(1110,1448,3,'Exemple de devoir.','0000-00-00 00:00:00',NULL,NULL,'2013-10-08',3),(1111,1449,3,'Exemple de devoir.','0000-00-00 00:00:00',NULL,NULL,'2013-10-08',2),(1112,1451,5,'Exemple de devoir.','0000-00-00 00:00:00',NULL,NULL,'2013-10-08',87),(1113,1452,1,'Exemple de devoir.','0000-00-00 00:00:00',NULL,NULL,'2013-10-08',111),(1114,1453,5,'Exemple de devoir.','0000-00-00 00:00:00',NULL,NULL,'2013-10-08',66),(1115,1454,2,'Exemple de devoir.','0000-00-00 00:00:00',NULL,NULL,'2013-10-08',96),(1116,1458,4,'Exemple de devoir.','0000-00-00 00:00:00',NULL,NULL,'2013-10-08',54),(1117,1459,2,'Exemple de devoir.','0000-00-00 00:00:00',NULL,NULL,'2013-10-08',54),(1118,1460,6,'Exemple de devoir.','0000-00-00 00:00:00',NULL,NULL,'2013-10-08',93),(1119,1461,6,'Exemple de devoir.','0000-00-00 00:00:00',NULL,NULL,'2013-10-08',98),(1120,1462,6,'Exemple de devoir.','0000-00-00 00:00:00',NULL,NULL,'2013-10-08',22),(1121,1463,4,'Exemple de devoir.','0000-00-00 00:00:00',NULL,NULL,'2013-10-08',93),(1122,1464,3,'Exemple de devoir.','0000-00-00 00:00:00',NULL,NULL,'2013-10-08',4),(1123,1465,2,'Exemple de devoir.','0000-00-00 00:00:00',NULL,NULL,'2013-10-08',52),(1124,1466,2,'Exemple de devoir.','0000-00-00 00:00:00',NULL,NULL,'2013-10-08',94),(1125,1467,5,'Exemple de devoir.','0000-00-00 00:00:00',NULL,NULL,'2013-10-08',98),(1126,1468,4,'Exemple de devoir.','0000-00-00 00:00:00',NULL,NULL,'2013-10-08',54),(1127,1469,2,'Exemple de devoir.','0000-00-00 00:00:00',NULL,NULL,'2013-10-08',109),(1128,1470,4,'Exemple de devoir.','0000-00-00 00:00:00',NULL,NULL,'2013-10-08',19),(1129,1471,6,'Exemple de devoir.','0000-00-00 00:00:00',NULL,NULL,'2013-10-08',25),(1130,1472,1,'Exemple de devoir.','0000-00-00 00:00:00',NULL,NULL,'2013-10-08',84),(1131,1474,1,'Exemple de devoir.','0000-00-00 00:00:00',NULL,NULL,'2013-10-08',107),(1132,1476,5,'Exemple de devoir.','0000-00-00 00:00:00',NULL,NULL,'2013-10-08',25),(1133,1477,2,'Exemple de devoir.','0000-00-00 00:00:00',NULL,NULL,'2013-10-08',9),(1134,1478,6,'Exemple de devoir.','0000-00-00 00:00:00',NULL,NULL,'2013-10-08',14),(1135,1479,5,'Exemple de devoir.','0000-00-00 00:00:00',NULL,NULL,'2013-10-08',65),(1136,1480,3,'Exemple de devoir.','0000-00-00 00:00:00',NULL,NULL,'2013-10-08',104),(1137,1481,6,'Exemple de devoir.','0000-00-00 00:00:00',NULL,NULL,'2013-10-08',23),(1138,1483,3,'Exemple de devoir.','0000-00-00 00:00:00',NULL,NULL,'2013-10-08',63),(1139,1484,2,'Exemple de devoir.','0000-00-00 00:00:00',NULL,NULL,'2013-10-08',8),(1140,1486,5,'Exemple de devoir.','0000-00-00 00:00:00',NULL,NULL,'2013-10-08',66),(1141,1489,5,'Exemple de devoir.','0000-00-00 00:00:00',NULL,NULL,'2013-10-08',67),(1142,1490,3,'Exemple de devoir.','0000-00-00 00:00:00',NULL,NULL,'2013-10-08',102),(1143,1492,3,'Exemple de devoir.','0000-00-00 00:00:00',NULL,NULL,'2013-10-08',66),(1144,1493,2,'Exemple de devoir.','0000-00-00 00:00:00',NULL,NULL,'2013-10-08',77),(1145,1494,1,'Exemple de devoir.','0000-00-00 00:00:00',NULL,NULL,'2013-10-08',42),(1146,1495,1,'Exemple de devoir.','0000-00-00 00:00:00',NULL,NULL,'2013-10-08',102),(1147,1496,2,'Exemple de devoir.','0000-00-00 00:00:00',NULL,NULL,'2013-10-08',75),(1148,1499,6,'Exemple de devoir.','0000-00-00 00:00:00',NULL,NULL,'2013-10-08',115),(1149,1500,3,'Exemple de devoir.','0000-00-00 00:00:00',NULL,NULL,'2013-10-08',6),(1150,1501,2,'Exemple de devoir.','0000-00-00 00:00:00',NULL,NULL,'2013-10-08',3);
/*!40000 ALTER TABLE `devoirs` ENABLE KEYS */;
UNLOCK TABLES;

--
-- Table structure for table `devoirs_ressources`
--

DROP TABLE IF EXISTS `devoirs_ressources`;
/*!40101 SET @saved_cs_client     = @@character_set_client */;
/*!40101 SET character_set_client = utf8 */;
CREATE TABLE `devoirs_ressources` (
  `devoir_id` int(11) NOT NULL,
  `ressource_id` int(11) NOT NULL,
  PRIMARY KEY (`devoir_id`,`ressource_id`),
  KEY `devoirs_ressources_ressource_id_devoir_id_index` (`ressource_id`,`devoir_id`),
  CONSTRAINT `devoirs_ressources_ibfk_1` FOREIGN KEY (`devoir_id`) REFERENCES `devoirs` (`id`),
  CONSTRAINT `devoirs_ressources_ibfk_2` FOREIGN KEY (`ressource_id`) REFERENCES `ressources` (`id`)
) ENGINE=InnoDB DEFAULT CHARSET=latin1;
/*!40101 SET character_set_client = @saved_cs_client */;

--
-- Dumping data for table `devoirs_ressources`
--

LOCK TABLES `devoirs_ressources` WRITE;
/*!40000 ALTER TABLE `devoirs_ressources` DISABLE KEYS */;
/*!40000 ALTER TABLE `devoirs_ressources` ENABLE KEYS */;
UNLOCK TABLES;

--
-- Table structure for table `etablissements`
--

DROP TABLE IF EXISTS `etablissements`;
/*!40101 SET @saved_cs_client     = @@character_set_client */;
/*!40101 SET character_set_client = utf8 */;
CREATE TABLE `etablissements` (
  `id` int(11) NOT NULL AUTO_INCREMENT,
  `UAI` varchar(255) NOT NULL,
  `debut_annee_scolaire` date DEFAULT NULL,
  `fin_annee_scolaire` date DEFAULT NULL,
  `date_premier_jour_premiere_semaine` date DEFAULT NULL,
  PRIMARY KEY (`id`)
) ENGINE=InnoDB AUTO_INCREMENT=2 DEFAULT CHARSET=latin1;
/*!40101 SET character_set_client = @saved_cs_client */;

--
-- Dumping data for table `etablissements`
--

LOCK TABLES `etablissements` WRITE;
/*!40000 ALTER TABLE `etablissements` DISABLE KEYS */;
INSERT INTO `etablissements` VALUES (1,'0134567A','2012-09-04','2013-08-31','2012-09-03');
/*!40000 ALTER TABLE `etablissements` ENABLE KEYS */;
UNLOCK TABLES;

--
-- Table structure for table `plages_horaires`
--

DROP TABLE IF EXISTS `plages_horaires`;
/*!40101 SET @saved_cs_client     = @@character_set_client */;
/*!40101 SET character_set_client = utf8 */;
CREATE TABLE `plages_horaires` (
  `id` int(11) NOT NULL AUTO_INCREMENT,
  `label` varchar(255) NOT NULL,
  `debut` time NOT NULL,
  `fin` time NOT NULL,
  PRIMARY KEY (`id`)
) ENGINE=InnoDB AUTO_INCREMENT=21 DEFAULT CHARSET=latin1;
/*!40101 SET character_set_client = @saved_cs_client */;

--
-- Dumping data for table `plages_horaires`
--

LOCK TABLES `plages_horaires` WRITE;
/*!40000 ALTER TABLE `plages_horaires` DISABLE KEYS */;
INSERT INTO `plages_horaires` VALUES (1,'0','08:00:00','08:30:00'),(2,'1','08:30:00','09:00:00'),(3,'2','09:00:00','09:30:00'),(4,'3','09:30:00','10:00:00'),(5,'4','10:00:00','10:30:00'),(6,'5','10:30:00','11:00:00'),(7,'6','11:00:00','11:30:00'),(8,'7','11:30:00','12:00:00'),(9,'8','12:00:00','12:30:00'),(10,'9','12:30:00','13:00:00'),(11,'10','13:00:00','13:30:00'),(12,'11','13:30:00','14:00:00'),(13,'12','14:00:00','14:30:00'),(14,'13','14:30:00','15:00:00'),(15,'14','15:00:00','15:30:00'),(16,'15','15:30:00','16:00:00'),(17,'16','16:00:00','16:30:00'),(18,'17','16:30:00','17:00:00'),(19,'18','17:00:00','17:30:00'),(20,'19','17:30:00','18:00:00');
/*!40000 ALTER TABLE `plages_horaires` ENABLE KEYS */;
UNLOCK TABLES;

--
-- Table structure for table `ressources`
--

DROP TABLE IF EXISTS `ressources`;
/*!40101 SET @saved_cs_client     = @@character_set_client */;
/*!40101 SET character_set_client = utf8 */;
CREATE TABLE `ressources` (
  `id` int(11) NOT NULL AUTO_INCREMENT,
  `label` varchar(255) DEFAULT NULL,
  `url` varchar(255) NOT NULL,
  PRIMARY KEY (`id`)
) ENGINE=InnoDB DEFAULT CHARSET=latin1;
/*!40101 SET character_set_client = @saved_cs_client */;

--
-- Dumping data for table `ressources`
--

LOCK TABLES `ressources` WRITE;
/*!40000 ALTER TABLE `ressources` DISABLE KEYS */;
/*!40000 ALTER TABLE `ressources` ENABLE KEYS */;
UNLOCK TABLES;

--
-- Table structure for table `salles`
--

DROP TABLE IF EXISTS `salles`;
/*!40101 SET @saved_cs_client     = @@character_set_client */;
/*!40101 SET character_set_client = utf8 */;
CREATE TABLE `salles` (
  `id` int(11) NOT NULL AUTO_INCREMENT,
  `etablissement_id` int(11) DEFAULT NULL,
  `identifiant` varchar(255) NOT NULL,
  `nom` varchar(255) DEFAULT NULL,
  PRIMARY KEY (`id`),
  KEY `etablissement_id` (`etablissement_id`),
  CONSTRAINT `salles_ibfk_1` FOREIGN KEY (`etablissement_id`) REFERENCES `etablissements` (`id`)
) ENGINE=InnoDB AUTO_INCREMENT=25 DEFAULT CHARSET=latin1;
/*!40101 SET character_set_client = @saved_cs_client */;

--
-- Dumping data for table `salles`
--

LOCK TABLES `salles` WRITE;
/*!40000 ALTER TABLE `salles` DISABLE KEYS */;
INSERT INTO `salles` VALUES (1,1,'15511','1'),(2,1,'15517','10'),(3,1,'15503','11'),(4,1,'15509','13'),(5,1,'15520','14'),(6,1,'15515','17'),(7,1,'15525','20'),(8,1,'15518','21'),(9,1,'15521','22'),(10,1,'15510','23'),(11,1,'15516','24'),(12,1,'15505','25'),(13,1,'15513','26'),(14,1,'15512','27'),(15,1,'15514','28'),(16,1,'15504','30'),(17,1,'15502','31'),(18,1,'15507','32'),(19,1,'15508','33'),(20,1,'15506','34'),(21,1,'15523','35'),(22,1,'15524','4'),(23,1,'15519','AC1'),(24,1,'15522','AC2');
/*!40000 ALTER TABLE `salles` ENABLE KEYS */;
UNLOCK TABLES;

--
-- Table structure for table `schema_info`
--

DROP TABLE IF EXISTS `schema_info`;
/*!40101 SET @saved_cs_client     = @@character_set_client */;
/*!40101 SET character_set_client = utf8 */;
CREATE TABLE `schema_info` (
  `version` int(11) NOT NULL DEFAULT '0'
) ENGINE=InnoDB DEFAULT CHARSET=latin1;
/*!40101 SET character_set_client = @saved_cs_client */;

--
-- Dumping data for table `schema_info`
--

LOCK TABLES `schema_info` WRITE;
/*!40000 ALTER TABLE `schema_info` DISABLE KEYS */;
/*!40000 ALTER TABLE `schema_info` ENABLE KEYS */;
UNLOCK TABLES;

--
-- Table structure for table `types_devoir`
--

DROP TABLE IF EXISTS `types_devoir`;
/*!40101 SET @saved_cs_client     = @@character_set_client */;
/*!40101 SET character_set_client = utf8 */;
CREATE TABLE `types_devoir` (
  `id` int(11) NOT NULL AUTO_INCREMENT,
  `label` varchar(255) NOT NULL,
  `description` varchar(255) DEFAULT NULL,
  PRIMARY KEY (`id`)
) ENGINE=InnoDB AUTO_INCREMENT=7 DEFAULT CHARSET=latin1;
/*!40101 SET character_set_client = @saved_cs_client */;

--
-- Dumping data for table `types_devoir`
--

LOCK TABLES `types_devoir` WRITE;
/*!40000 ALTER TABLE `types_devoir` DISABLE KEYS */;
INSERT INTO `types_devoir` VALUES (1,'DS','Devoir surveillé'),(2,'DM','Devoir à la maison'),(3,'Leçon','Leçon à apprendre'),(4,'Exposé','Exposé à préparer'),(5,'Recherche','Recherche à faire'),(6,'Exercice','Exercice à faire');
/*!40000 ALTER TABLE `types_devoir` ENABLE KEYS */;
UNLOCK TABLES;
/*!40103 SET TIME_ZONE=@OLD_TIME_ZONE */;

/*!40101 SET SQL_MODE=@OLD_SQL_MODE */;
/*!40014 SET FOREIGN_KEY_CHECKS=@OLD_FOREIGN_KEY_CHECKS */;
/*!40014 SET UNIQUE_CHECKS=@OLD_UNIQUE_CHECKS */;
/*!40101 SET CHARACTER_SET_CLIENT=@OLD_CHARACTER_SET_CLIENT */;
/*!40101 SET CHARACTER_SET_RESULTS=@OLD_CHARACTER_SET_RESULTS */;
/*!40101 SET COLLATION_CONNECTION=@OLD_COLLATION_CONNECTION */;
/*!40111 SET SQL_NOTES=@OLD_SQL_NOTES */;

-- Dump completed on 2013-10-08 17:29:01
