-- MySQL dump 10.15  Distrib 10.0.24-MariaDB, for Linux (x86_64)
--
-- Host: localhost    Database: cahierdetextes
-- ------------------------------------------------------
-- Server version	10.0.24-MariaDB

/*!40101 SET @OLD_CHARACTER_SET_CLIENT=@@CHARACTER_SET_CLIENT */;
/*!40101 SET @OLD_CHARACTER_SET_RESULTS=@@CHARACTER_SET_RESULTS */;
/*!40101 SET @OLD_COLLATION_CONNECTION=@@COLLATION_CONNECTION */;
/*!40101 SET NAMES utf8 */;
/*!40103 SET @OLD_TIME_ZONE=@@TIME_ZONE */;
/*!40103 SET TIME_ZONE='+00:00' */;
/*!40014 SET @OLD_UNIQUE_CHECKS=@@UNIQUE_CHECKS, UNIQUE_CHECKS=0 */;
/*!40014 SET @OLD_FOREIGN_KEY_CHECKS=@@FOREIGN_KEY_CHECKS, FOREIGN_KEY_CHECKS=0 */;
/*!40101 SET @OLD_SQL_MODE=@@SQL_MODE, SQL_MODE='NO_AUTO_VALUE_ON_ZERO' */;
/*!40111 SET @OLD_SQL_NOTES=@@SQL_NOTES, SQL_NOTES=0 */;

--
-- Table structure for table `cahiers_de_textes`
--

DROP TABLE IF EXISTS `cahiers_de_textes`;
/*!40101 SET @saved_cs_client     = @@character_set_client */;
/*!40101 SET character_set_client = utf8 */;
CREATE TABLE `cahiers_de_textes` (
  `id` int(11) NOT NULL AUTO_INCREMENT,
  `regroupement_id` varchar(255) NOT NULL,
  `debut_annee_scolaire` date DEFAULT NULL,
  `fin_annee_scolaire` date DEFAULT NULL,
  `date_creation` datetime NOT NULL,
  `label` varchar(255) DEFAULT NULL,
  `deleted` tinyint(1) DEFAULT '0',
  PRIMARY KEY (`id`),
  UNIQUE KEY `regroupement_id` (`regroupement_id`),
  KEY `cahiers_de_textes_id_index` (`id`),
  KEY `cahiers_de_textes_regroupement_id_index` (`regroupement_id`)
) ENGINE=InnoDB AUTO_INCREMENT=37 DEFAULT CHARSET=latin1;
/*!40101 SET character_set_client = @saved_cs_client */;

--
-- Dumping data for table `cahiers_de_textes`
--

LOCK TABLES `cahiers_de_textes` WRITE;
/*!40000 ALTER TABLE `cahiers_de_textes` DISABLE KEYS */;
INSERT INTO `cahiers_de_textes` VALUES (1,'23',NULL,NULL,'0000-00-00 00:00:00',NULL,0),(2,'24',NULL,NULL,'0000-00-00 00:00:00',NULL,0),(3,'49',NULL,NULL,'0000-00-00 00:00:00',NULL,0),(4,'54',NULL,NULL,'0000-00-00 00:00:00',NULL,0),(5,'22',NULL,NULL,'0000-00-00 00:00:00',NULL,0),(6,'29',NULL,NULL,'0000-00-00 00:00:00',NULL,0),(7,'47',NULL,NULL,'0000-00-00 00:00:00',NULL,0),(8,'18',NULL,NULL,'0000-00-00 00:00:00',NULL,0),(9,'1',NULL,NULL,'0000-00-00 00:00:00',NULL,0),(10,'6',NULL,NULL,'0000-00-00 00:00:00',NULL,0),(11,'59',NULL,NULL,'0000-00-00 00:00:00',NULL,0),(12,'7',NULL,NULL,'0000-00-00 00:00:00',NULL,0),(13,'51',NULL,NULL,'0000-00-00 00:00:00',NULL,0),(14,'37',NULL,NULL,'0000-00-00 00:00:00',NULL,0),(15,'45',NULL,NULL,'0000-00-00 00:00:00',NULL,0),(16,'33',NULL,NULL,'0000-00-00 00:00:00',NULL,0),(17,'20',NULL,NULL,'0000-00-00 00:00:00',NULL,0),(18,'31',NULL,NULL,'0000-00-00 00:00:00',NULL,0),(19,'11',NULL,NULL,'0000-00-00 00:00:00',NULL,0),(20,'56',NULL,NULL,'0000-00-00 00:00:00',NULL,0),(21,'13',NULL,NULL,'0000-00-00 00:00:00',NULL,0),(22,'9',NULL,NULL,'0000-00-00 00:00:00',NULL,0),(23,'39',NULL,NULL,'0000-00-00 00:00:00',NULL,0),(24,'30',NULL,NULL,'0000-00-00 00:00:00',NULL,0),(25,'5',NULL,NULL,'0000-00-00 00:00:00',NULL,0),(26,'40',NULL,NULL,'0000-00-00 00:00:00',NULL,0),(27,'25',NULL,NULL,'0000-00-00 00:00:00',NULL,0),(28,'16',NULL,NULL,'0000-00-00 00:00:00',NULL,0),(29,'44',NULL,NULL,'0000-00-00 00:00:00',NULL,0),(30,'38',NULL,NULL,'0000-00-00 00:00:00',NULL,0),(31,'26',NULL,NULL,'0000-00-00 00:00:00',NULL,0),(32,'46',NULL,NULL,'0000-00-00 00:00:00',NULL,0),(33,'10',NULL,NULL,'0000-00-00 00:00:00',NULL,0),(34,'3',NULL,NULL,'0000-00-00 00:00:00',NULL,0),(35,'42',NULL,NULL,'0000-00-00 00:00:00',NULL,0),(36,'52',NULL,NULL,'0000-00-00 00:00:00',NULL,0);
/*!40000 ALTER TABLE `cahiers_de_textes` ENABLE KEYS */;
UNLOCK TABLES;

--
-- Table structure for table `cours`
--

DROP TABLE IF EXISTS `cours`;
/*!40101 SET @saved_cs_client     = @@character_set_client */;
/*!40101 SET character_set_client = utf8 */;
CREATE TABLE `cours` (
  `id` int(11) NOT NULL AUTO_INCREMENT,
  `creneau_emploi_du_temps_id` int(11) NOT NULL,
  `cahier_de_textes_id` int(11) NOT NULL,
  `enseignant_id` varchar(255) NOT NULL,
  `date_cours` date NOT NULL,
  `date_creation` datetime NOT NULL,
  `date_modification` datetime DEFAULT NULL,
  `date_validation` datetime DEFAULT NULL,
  `contenu` varchar(4096) DEFAULT NULL,
  `deleted` tinyint(1) DEFAULT '0',
  PRIMARY KEY (`id`),
  KEY `creneau_emploi_du_temps_id` (`creneau_emploi_du_temps_id`),
  KEY `cahier_de_textes_id` (`cahier_de_textes_id`),
  KEY `cours_id_index` (`id`),
  CONSTRAINT `cours_ibfk_1` FOREIGN KEY (`creneau_emploi_du_temps_id`) REFERENCES `creneaux_emploi_du_temps` (`id`),
  CONSTRAINT `cours_ibfk_2` FOREIGN KEY (`cahier_de_textes_id`) REFERENCES `cahiers_de_textes` (`id`)
) ENGINE=InnoDB AUTO_INCREMENT=1292 DEFAULT CHARSET=latin1;
/*!40101 SET character_set_client = @saved_cs_client */;

--
-- Dumping data for table `cours`
--

LOCK TABLES `cours` WRITE;
/*!40000 ALTER TABLE `cours` DISABLE KEYS */;
INSERT INTO `cours` VALUES (1,476,1,'VAA60428','2013-01-29','0000-00-00 00:00:00',NULL,NULL,'Exemple de séquence pédagogique.',0),(2,302,1,'VAA60498','2013-01-29','0000-00-00 00:00:00',NULL,NULL,'Exemple de séquence pédagogique.',0),(3,7,1,'VAA60474','2013-01-29','0000-00-00 00:00:00',NULL,NULL,'Exemple de séquence pédagogique.',0),(4,410,1,'VAA60458','2013-01-29','0000-00-00 00:00:00',NULL,NULL,'Exemple de séquence pédagogique.',0),(5,105,1,'VAA60488','2013-01-29','0000-00-00 00:00:00',NULL,NULL,'Exemple de séquence pédagogique.',0),(6,341,1,'VAA60434','0000-00-00','0000-00-00 00:00:00',NULL,NULL,'Exemple de séquence pédagogique.',0),(7,195,1,'VAA60408','0000-00-00','0000-00-00 00:00:00',NULL,NULL,'Exemple de séquence pédagogique.',0),(8,494,1,'VAA60428','2013-01-29','0000-00-00 00:00:00',NULL,NULL,'Exemple de séquence pédagogique.',0),(9,165,1,'VAA60448','2013-01-29','0000-00-00 00:00:00',NULL,NULL,'Exemple de séquence pédagogique.',0),(10,83,1,'VAA60467','2013-01-29','0000-00-00 00:00:00',NULL,NULL,'Exemple de séquence pédagogique.',0),(11,23,1,'VAA60474','2013-01-29','0000-00-00 00:00:00',NULL,NULL,'Exemple de séquence pédagogique.',0),(12,193,1,'VAA60421','0000-00-00','0000-00-00 00:00:00',NULL,NULL,'Exemple de séquence pédagogique.',0),(13,229,1,'VAA60473','0000-00-00','0000-00-00 00:00:00',NULL,NULL,'Exemple de séquence pédagogique.',0),(14,170,1,'VAA60483','0000-00-00','0000-00-00 00:00:00',NULL,NULL,'Exemple de séquence pédagogique.',0),(15,372,1,'VAA60468','2013-03-29','0000-00-00 00:00:00',NULL,NULL,'Exemple de séquence pédagogique.',0),(16,478,1,'VAA60428','2013-03-29','0000-00-00 00:00:00',NULL,NULL,'Exemple de séquence pédagogique.',0),(17,200,1,'VAA60483','2013-03-29','0000-00-00 00:00:00',NULL,NULL,'Exemple de séquence pédagogique.',0),(18,256,1,'VAA60498','2013-03-29','0000-00-00 00:00:00',NULL,NULL,'Exemple de séquence pédagogique.',0),(19,388,1,'VAA60434','2013-04-29','0000-00-00 00:00:00',NULL,NULL,'Exemple de séquence pédagogique.',0),(20,39,1,'VAA60465','2013-04-29','0000-00-00 00:00:00',NULL,NULL,'Exemple de séquence pédagogique.',0),(21,329,1,'VAA60434','2013-04-29','0000-00-00 00:00:00',NULL,NULL,'Exemple de séquence pédagogique.',0),(22,43,1,'VAA60433','2013-04-29','0000-00-00 00:00:00',NULL,NULL,'Exemple de séquence pédagogique.',0),(23,1,1,'VAA60474','2013-05-29','0000-00-00 00:00:00',NULL,NULL,'Exemple de séquence pédagogique.',0),(24,502,1,'VAA60491','2013-05-29','0000-00-00 00:00:00',NULL,NULL,'Exemple de séquence pédagogique.',0),(25,468,1,'VAA60491','2013-06-29','0000-00-00 00:00:00',NULL,NULL,'Exemple de séquence pédagogique.',0),(26,383,1,'VAA60468','2013-06-29','0000-00-00 00:00:00',NULL,NULL,'Exemple de séquence pédagogique.',0),(27,5,1,'VAA60474','2013-06-29','0000-00-00 00:00:00',NULL,NULL,'Exemple de séquence pédagogique.',0),(28,276,1,'VAA60462','2013-06-29','0000-00-00 00:00:00',NULL,NULL,'Exemple de séquence pédagogique.',0),(29,99,1,'VAA60465','2013-07-29','0000-00-00 00:00:00',NULL,NULL,'Exemple de séquence pédagogique.',0),(30,431,1,'VAA60428','2013-07-29','0000-00-00 00:00:00',NULL,NULL,'Exemple de séquence pédagogique.',0),(31,199,1,'VAA60486','2013-07-29','0000-00-00 00:00:00',NULL,NULL,'Exemple de séquence pédagogique.',0),(32,153,1,'VAA60448','2013-08-29','0000-00-00 00:00:00',NULL,NULL,'Exemple de séquence pédagogique.',0),(33,54,1,'VAA60467','2013-08-29','0000-00-00 00:00:00',NULL,NULL,'Exemple de séquence pédagogique.',0),(34,374,1,'VAA60499','2013-08-29','0000-00-00 00:00:00',NULL,NULL,'Exemple de séquence pédagogique.',0),(35,41,1,'VAA60442','2013-08-29','0000-00-00 00:00:00',NULL,NULL,'Exemple de séquence pédagogique.',0),(36,237,1,'VAA60483','2013-09-29','0000-00-00 00:00:00',NULL,NULL,'Exemple de séquence pédagogique.',0),(37,23,1,'VAA60474','2013-09-29','0000-00-00 00:00:00',NULL,NULL,'Exemple de séquence pédagogique.',0),(38,217,1,'VAA60498','2013-09-29','0000-00-00 00:00:00',NULL,NULL,'Exemple de séquence pédagogique.',0),(39,410,1,'VAA60458','2013-10-29','0000-00-00 00:00:00',NULL,NULL,'Exemple de séquence pédagogique.',0),(40,490,1,'VAA60428','2013-10-29','0000-00-00 00:00:00',NULL,NULL,'Exemple de séquence pédagogique.',0),(41,270,1,'VAA60462','2013-10-29','0000-00-00 00:00:00',NULL,NULL,'Exemple de séquence pédagogique.',0),(42,483,1,'VAA60491','2013-10-29','0000-00-00 00:00:00',NULL,NULL,'Exemple de séquence pédagogique.',0),(43,488,1,'VAA60491','2013-11-29','0000-00-00 00:00:00',NULL,NULL,'Exemple de séquence pédagogique.',0),(44,288,1,'VAA60462','2013-11-29','0000-00-00 00:00:00',NULL,NULL,'Exemple de séquence pédagogique.',0),(45,294,1,'VAA60421','2013-11-29','0000-00-00 00:00:00',NULL,NULL,'Exemple de séquence pédagogique.',0),(46,387,1,'VAA60499','2013-12-29','0000-00-00 00:00:00',NULL,NULL,'Exemple de séquence pédagogique.',0),(47,415,1,'VAA60452','2013-12-29','0000-00-00 00:00:00',NULL,NULL,'Exemple de séquence pédagogique.',0),(48,232,1,'VAA60421','2013-12-29','0000-00-00 00:00:00',NULL,NULL,'Exemple de séquence pédagogique.',0),(49,43,2,'VAA60433','2013-01-29','0000-00-00 00:00:00',NULL,NULL,'Exemple de séquence pédagogique.',0),(50,488,2,'VAA60491','2013-01-29','0000-00-00 00:00:00',NULL,NULL,'Exemple de séquence pédagogique.',0),(51,510,2,'VAA60467','2013-01-29','0000-00-00 00:00:00',NULL,NULL,'Exemple de séquence pédagogique.',0),(52,195,2,'VAA60408','0000-00-00','0000-00-00 00:00:00',NULL,NULL,'Exemple de séquence pédagogique.',0),(53,427,2,'VAA60491','0000-00-00','0000-00-00 00:00:00',NULL,NULL,'Exemple de séquence pédagogique.',0),(54,235,2,'VAA60483','0000-00-00','0000-00-00 00:00:00',NULL,NULL,'Exemple de séquence pédagogique.',0),(55,331,2,'VAA60499','0000-00-00','0000-00-00 00:00:00',NULL,NULL,'Exemple de séquence pédagogique.',0),(56,182,2,'VAA60498','2013-03-29','0000-00-00 00:00:00',NULL,NULL,'Exemple de séquence pédagogique.',0),(57,267,2,'VAA60498','2013-03-29','0000-00-00 00:00:00',NULL,NULL,'Exemple de séquence pédagogique.',0),(58,489,2,'VAA60491','2013-04-29','0000-00-00 00:00:00',NULL,NULL,'Exemple de séquence pédagogique.',0),(59,472,2,'VAA60428','2013-04-29','0000-00-00 00:00:00',NULL,NULL,'Exemple de séquence pédagogique.',0),(60,349,2,'VAA60434','2013-04-29','0000-00-00 00:00:00',NULL,NULL,'Exemple de séquence pédagogique.',0),(61,454,2,'VAA60428','2013-05-29','0000-00-00 00:00:00',NULL,NULL,'Exemple de séquence pédagogique.',0),(62,405,2,'VAA60452','2013-05-29','0000-00-00 00:00:00',NULL,NULL,'Exemple de séquence pédagogique.',0),(63,245,2,'VAA60498','2013-06-29','0000-00-00 00:00:00',NULL,NULL,'Exemple de séquence pédagogique.',0),(64,180,2,'VAA60498','2013-06-29','0000-00-00 00:00:00',NULL,NULL,'Exemple de séquence pédagogique.',0),(65,15,2,'VAA60474','2013-06-29','0000-00-00 00:00:00',NULL,NULL,'Exemple de séquence pédagogique.',0),(66,462,2,'VAA60491','2013-07-29','0000-00-00 00:00:00',NULL,NULL,'Exemple de séquence pédagogique.',0),(67,465,2,'VAA60491','2013-07-29','0000-00-00 00:00:00',NULL,NULL,'Exemple de séquence pédagogique.',0),(68,251,2,'VAA60421','2013-07-29','0000-00-00 00:00:00',NULL,NULL,'Exemple de séquence pédagogique.',0),(69,200,2,'VAA60483','2013-07-29','0000-00-00 00:00:00',NULL,NULL,'Exemple de séquence pédagogique.',0),(70,178,2,'VAA60421','2013-08-29','0000-00-00 00:00:00',NULL,NULL,'Exemple de séquence pédagogique.',0),(71,158,2,'VAA60448','2013-08-29','0000-00-00 00:00:00',NULL,NULL,'Exemple de séquence pédagogique.',0),(72,54,2,'VAA60467','2013-08-29','0000-00-00 00:00:00',NULL,NULL,'Exemple de séquence pédagogique.',0),(73,110,2,'VAA60488','2013-08-29','0000-00-00 00:00:00',NULL,NULL,'Exemple de séquence pédagogique.',0),(74,235,2,'VAA60483','2013-09-29','0000-00-00 00:00:00',NULL,NULL,'Exemple de séquence pédagogique.',0),(75,377,2,'VAA60499','2013-09-29','0000-00-00 00:00:00',NULL,NULL,'Exemple de séquence pédagogique.',0),(76,197,2,'VAA60483','2013-10-29','0000-00-00 00:00:00',NULL,NULL,'Exemple de séquence pédagogique.',0),(77,354,2,'VAA60458','2013-10-29','0000-00-00 00:00:00',NULL,NULL,'Exemple de séquence pédagogique.',0),(78,50,2,'VAA60433','2013-11-29','0000-00-00 00:00:00',NULL,NULL,'Exemple de séquence pédagogique.',0),(79,350,2,'VAA60458','2013-11-29','0000-00-00 00:00:00',NULL,NULL,'Exemple de séquence pédagogique.',0),(80,239,2,'VAA60473','2013-12-29','0000-00-00 00:00:00',NULL,NULL,'Exemple de séquence pédagogique.',0),(81,486,2,'VAA60491','2013-12-29','0000-00-00 00:00:00',NULL,NULL,'Exemple de séquence pédagogique.',0),(82,336,2,'VAA60434','2013-12-29','0000-00-00 00:00:00',NULL,NULL,'Exemple de séquence pédagogique.',0),(83,231,2,'VAA60483','2013-12-29','0000-00-00 00:00:00',NULL,NULL,'Exemple de séquence pédagogique.',0),(84,299,3,'VAA60421','2013-01-29','0000-00-00 00:00:00',NULL,NULL,'Exemple de séquence pédagogique.',0),(85,224,3,'VAA60473','2013-01-29','0000-00-00 00:00:00',NULL,NULL,'Exemple de séquence pédagogique.',0),(86,209,3,'VAA60408','2013-01-29','0000-00-00 00:00:00',NULL,NULL,'Exemple de séquence pédagogique.',0),(87,264,3,'VAA60473','2013-01-29','0000-00-00 00:00:00',NULL,NULL,'Exemple de séquence pédagogique.',0),(88,253,3,'VAA60498','0000-00-00','0000-00-00 00:00:00',NULL,NULL,'Exemple de séquence pédagogique.',0),(89,24,3,'VAA60474','0000-00-00','0000-00-00 00:00:00',NULL,NULL,'Exemple de séquence pédagogique.',0),(90,352,3,'VAA60468','0000-00-00','0000-00-00 00:00:00',NULL,NULL,'Exemple de séquence pédagogique.',0),(91,207,3,'VAA60483','2013-03-29','0000-00-00 00:00:00',NULL,NULL,'Exemple de séquence pédagogique.',0),(92,395,3,'VAA60499','2013-03-29','0000-00-00 00:00:00',NULL,NULL,'Exemple de séquence pédagogique.',0),(93,20,3,'VAA60474','2013-03-29','0000-00-00 00:00:00',NULL,NULL,'Exemple de séquence pédagogique.',0),(94,231,3,'VAA60483','2013-04-29','0000-00-00 00:00:00',NULL,NULL,'Exemple de séquence pédagogique.',0),(95,164,3,'VAA60448','2013-04-29','0000-00-00 00:00:00',NULL,NULL,'Exemple de séquence pédagogique.',0),(96,288,3,'VAA60462','2013-05-29','0000-00-00 00:00:00',NULL,NULL,'Exemple de séquence pédagogique.',0),(97,114,3,'VAA60488','2013-05-29','0000-00-00 00:00:00',NULL,NULL,'Exemple de séquence pédagogique.',0),(98,479,3,'VAA60491','2013-05-29','0000-00-00 00:00:00',NULL,NULL,'Exemple de séquence pédagogique.',0),(99,180,3,'VAA60498','2013-06-29','0000-00-00 00:00:00',NULL,NULL,'Exemple de séquence pédagogique.',0),(100,157,3,'VAA60448','2013-06-29','0000-00-00 00:00:00',NULL,NULL,'Exemple de séquence pédagogique.',0),(101,48,3,'VAA60467','2013-06-29','0000-00-00 00:00:00',NULL,NULL,'Exemple de séquence pédagogique.',0),(102,96,3,'VAA60465','2013-06-29','0000-00-00 00:00:00',NULL,NULL,'Exemple de séquence pédagogique.',0),(103,103,3,'VAA60488','2013-07-29','0000-00-00 00:00:00',NULL,NULL,'Exemple de séquence pédagogique.',0),(104,425,3,'VAA60491','2013-07-29','0000-00-00 00:00:00',NULL,NULL,'Exemple de séquence pédagogique.',0),(105,145,3,'VAA60448','2013-07-29','0000-00-00 00:00:00',NULL,NULL,'Exemple de séquence pédagogique.',0),(106,499,3,'VAA60499','2013-07-29','0000-00-00 00:00:00',NULL,NULL,'Exemple de séquence pédagogique.',0),(107,360,3,'VAA60468','2013-08-29','0000-00-00 00:00:00',NULL,NULL,'Exemple de séquence pédagogique.',0),(108,129,3,'VAA60492','2013-08-29','0000-00-00 00:00:00',NULL,NULL,'Exemple de séquence pédagogique.',0),(109,507,3,'VAA60458','2013-09-29','0000-00-00 00:00:00',NULL,NULL,'Exemple de séquence pédagogique.',0),(110,87,3,'VAA60442','2013-09-29','0000-00-00 00:00:00',NULL,NULL,'Exemple de séquence pédagogique.',0),(111,160,3,'VAA60448','2013-10-29','0000-00-00 00:00:00',NULL,NULL,'Exemple de séquence pédagogique.',0),(112,473,3,'VAA60491','2013-10-29','0000-00-00 00:00:00',NULL,NULL,'Exemple de séquence pédagogique.',0),(113,210,3,'VAA60421','2013-11-29','0000-00-00 00:00:00',NULL,NULL,'Exemple de séquence pédagogique.',0),(114,4,3,'VAA60474','2013-11-29','0000-00-00 00:00:00',NULL,NULL,'Exemple de séquence pédagogique.',0),(115,47,3,'VAA60433','2013-12-29','0000-00-00 00:00:00',NULL,NULL,'Exemple de séquence pédagogique.',0),(116,507,3,'VAA60458','2013-12-29','0000-00-00 00:00:00',NULL,NULL,'Exemple de séquence pédagogique.',0),(117,37,4,'VAA60442','2013-01-29','0000-00-00 00:00:00',NULL,NULL,'Exemple de séquence pédagogique.',0),(118,355,4,'VAA60499','2013-01-29','0000-00-00 00:00:00',NULL,NULL,'Exemple de séquence pédagogique.',0),(119,86,4,'VAA60442','0000-00-00','0000-00-00 00:00:00',NULL,NULL,'Exemple de séquence pédagogique.',0),(120,376,4,'VAA60458','0000-00-00','0000-00-00 00:00:00',NULL,NULL,'Exemple de séquence pédagogique.',0),(121,419,4,'VAA60458','2013-03-29','0000-00-00 00:00:00',NULL,NULL,'Exemple de séquence pédagogique.',0),(122,444,4,'VAA60428','2013-03-29','0000-00-00 00:00:00',NULL,NULL,'Exemple de séquence pédagogique.',0),(123,448,4,'VAA60491','2013-04-29','0000-00-00 00:00:00',NULL,NULL,'Exemple de séquence pédagogique.',0),(124,129,4,'VAA60492','2013-04-29','0000-00-00 00:00:00',NULL,NULL,'Exemple de séquence pédagogique.',0),(125,214,4,'VAA60486','2013-05-29','0000-00-00 00:00:00',NULL,NULL,'Exemple de séquence pédagogique.',0),(126,14,4,'VAA60474','2013-05-29','0000-00-00 00:00:00',NULL,NULL,'Exemple de séquence pédagogique.',0),(127,108,4,'VAA60488','2013-06-29','0000-00-00 00:00:00',NULL,NULL,'Exemple de séquence pédagogique.',0),(128,133,4,'VAA60492','2013-06-29','0000-00-00 00:00:00',NULL,NULL,'Exemple de séquence pédagogique.',0),(129,80,4,'VAA60467','2013-06-29','0000-00-00 00:00:00',NULL,NULL,'Exemple de séquence pédagogique.',0),(130,131,4,'VAA60473','2013-07-29','0000-00-00 00:00:00',NULL,NULL,'Exemple de séquence pédagogique.',0),(131,406,4,'VAA60458','2013-07-29','0000-00-00 00:00:00',NULL,NULL,'Exemple de séquence pédagogique.',0),(132,272,4,'VAA60462','2013-07-29','0000-00-00 00:00:00',NULL,NULL,'Exemple de séquence pédagogique.',0),(133,21,4,'VAA60474','2013-08-29','0000-00-00 00:00:00',NULL,NULL,'Exemple de séquence pédagogique.',0),(134,159,4,'VAA60448','2013-08-29','0000-00-00 00:00:00',NULL,NULL,'Exemple de séquence pédagogique.',0),(135,145,4,'VAA60448','2013-09-29','0000-00-00 00:00:00',NULL,NULL,'Exemple de séquence pédagogique.',0),(136,382,4,'VAA60468','2013-09-29','0000-00-00 00:00:00',NULL,NULL,'Exemple de séquence pédagogique.',0),(137,128,4,'VAA60473','2013-09-29','0000-00-00 00:00:00',NULL,NULL,'Exemple de séquence pédagogique.',0),(138,291,4,'VAA60462','2013-10-29','0000-00-00 00:00:00',NULL,NULL,'Exemple de séquence pédagogique.',0),(139,465,4,'VAA60491','2013-10-29','0000-00-00 00:00:00',NULL,NULL,'Exemple de séquence pédagogique.',0),(140,252,4,'VAA60473','2013-10-29','0000-00-00 00:00:00',NULL,NULL,'Exemple de séquence pédagogique.',0),(141,40,4,'VAA60442','2013-11-29','0000-00-00 00:00:00',NULL,NULL,'Exemple de séquence pédagogique.',0),(142,337,4,'VAA60468','2013-11-29','0000-00-00 00:00:00',NULL,NULL,'Exemple de séquence pédagogique.',0),(143,198,4,'VAA60486','2013-11-29','0000-00-00 00:00:00',NULL,NULL,'Exemple de séquence pédagogique.',0),(144,484,4,'VAA60491','2013-12-29','0000-00-00 00:00:00',NULL,NULL,'Exemple de séquence pédagogique.',0),(145,193,4,'VAA60421','2013-12-29','0000-00-00 00:00:00',NULL,NULL,'Exemple de séquence pédagogique.',0),(146,378,5,'VAA60468','2013-01-29','0000-00-00 00:00:00',NULL,NULL,'Exemple de séquence pédagogique.',0),(147,398,5,'VAA60452','2013-01-29','0000-00-00 00:00:00',NULL,NULL,'Exemple de séquence pédagogique.',0),(148,414,5,'VAA60452','2013-01-29','0000-00-00 00:00:00',NULL,NULL,'Exemple de séquence pédagogique.',0),(149,466,5,'VAA60428','0000-00-00','0000-00-00 00:00:00',NULL,NULL,'Exemple de séquence pédagogique.',0),(150,197,5,'VAA60483','0000-00-00','0000-00-00 00:00:00',NULL,NULL,'Exemple de séquence pédagogique.',0),(151,498,5,'VAA60448','0000-00-00','0000-00-00 00:00:00',NULL,NULL,'Exemple de séquence pédagogique.',0),(152,448,5,'VAA60491','2013-03-29','0000-00-00 00:00:00',NULL,NULL,'Exemple de séquence pédagogique.',0),(153,409,5,'VAA60458','2013-03-29','0000-00-00 00:00:00',NULL,NULL,'Exemple de séquence pédagogique.',0),(154,98,5,'VAA60465','2013-03-29','0000-00-00 00:00:00',NULL,NULL,'Exemple de séquence pédagogique.',0),(155,76,5,'VAA60433','2013-04-29','0000-00-00 00:00:00',NULL,NULL,'Exemple de séquence pédagogique.',0),(156,258,5,'VAA60483','2013-04-29','0000-00-00 00:00:00',NULL,NULL,'Exemple de séquence pédagogique.',0),(157,10,5,'VAA60474','2013-04-29','0000-00-00 00:00:00',NULL,NULL,'Exemple de séquence pédagogique.',0),(158,456,5,'VAA60428','2013-04-29','0000-00-00 00:00:00',NULL,NULL,'Exemple de séquence pédagogique.',0),(159,94,5,'VAA60465','2013-05-29','0000-00-00 00:00:00',NULL,NULL,'Exemple de séquence pédagogique.',0),(160,411,5,'VAA60458','2013-05-29','0000-00-00 00:00:00',NULL,NULL,'Exemple de séquence pédagogique.',0),(161,160,5,'VAA60448','2013-05-29','0000-00-00 00:00:00',NULL,NULL,'Exemple de séquence pédagogique.',0),(162,335,5,'VAA60458','2013-06-29','0000-00-00 00:00:00',NULL,NULL,'Exemple de séquence pédagogique.',0),(163,249,5,'VAA60498','2013-06-29','0000-00-00 00:00:00',NULL,NULL,'Exemple de séquence pédagogique.',0),(164,360,5,'VAA60468','2013-06-29','0000-00-00 00:00:00',NULL,NULL,'Exemple de séquence pédagogique.',0),(165,338,5,'VAA60458','2013-06-29','0000-00-00 00:00:00',NULL,NULL,'Exemple de séquence pédagogique.',0),(166,31,5,'VAA60467','2013-07-29','0000-00-00 00:00:00',NULL,NULL,'Exemple de séquence pédagogique.',0),(167,424,5,'VAA60452','2013-07-29','0000-00-00 00:00:00',NULL,NULL,'Exemple de séquence pédagogique.',0),(168,140,5,'VAA60492','2013-07-29','0000-00-00 00:00:00',NULL,NULL,'Exemple de séquence pédagogique.',0),(169,372,5,'VAA60468','2013-07-29','0000-00-00 00:00:00',NULL,NULL,'Exemple de séquence pédagogique.',0),(170,150,5,'VAA60448','2013-08-29','0000-00-00 00:00:00',NULL,NULL,'Exemple de séquence pédagogique.',0),(171,216,5,'VAA60473','2013-08-29','0000-00-00 00:00:00',NULL,NULL,'Exemple de séquence pédagogique.',0),(172,23,5,'VAA60474','2013-08-29','0000-00-00 00:00:00',NULL,NULL,'Exemple de séquence pédagogique.',0),(173,213,5,'VAA60421','2013-09-29','0000-00-00 00:00:00',NULL,NULL,'Exemple de séquence pédagogique.',0),(174,490,5,'VAA60428','2013-09-29','0000-00-00 00:00:00',NULL,NULL,'Exemple de séquence pédagogique.',0),(175,265,5,'VAA60473','2013-10-29','0000-00-00 00:00:00',NULL,NULL,'Exemple de séquence pédagogique.',0),(176,173,5,'VAA60483','2013-10-29','0000-00-00 00:00:00',NULL,NULL,'Exemple de séquence pédagogique.',0),(177,463,5,'VAA60428','2013-10-29','0000-00-00 00:00:00',NULL,NULL,'Exemple de séquence pédagogique.',0),(178,490,5,'VAA60428','2013-11-29','0000-00-00 00:00:00',NULL,NULL,'Exemple de séquence pédagogique.',0),(179,428,5,'VAA60428','2013-11-29','0000-00-00 00:00:00',NULL,NULL,'Exemple de séquence pédagogique.',0),(180,431,5,'VAA60428','2013-12-29','0000-00-00 00:00:00',NULL,NULL,'Exemple de séquence pédagogique.',0),(181,242,5,'VAA60483','2013-12-29','0000-00-00 00:00:00',NULL,NULL,'Exemple de séquence pédagogique.',0),(182,127,5,'VAA60492','2013-12-29','0000-00-00 00:00:00',NULL,NULL,'Exemple de séquence pédagogique.',0),(183,256,5,'VAA60498','2013-12-29','0000-00-00 00:00:00',NULL,NULL,'Exemple de séquence pédagogique.',0),(184,464,6,'VAA60491','2013-01-29','0000-00-00 00:00:00',NULL,NULL,'Exemple de séquence pédagogique.',0),(185,427,6,'VAA60491','2013-01-29','0000-00-00 00:00:00',NULL,NULL,'Exemple de séquence pédagogique.',0),(186,106,6,'VAA60488','2013-01-29','0000-00-00 00:00:00',NULL,NULL,'Exemple de séquence pédagogique.',0),(187,368,6,'VAA60434','0000-00-00','0000-00-00 00:00:00',NULL,NULL,'Exemple de séquence pédagogique.',0),(188,106,6,'VAA60488','0000-00-00','0000-00-00 00:00:00',NULL,NULL,'Exemple de séquence pédagogique.',0),(189,486,6,'VAA60491','2013-03-29','0000-00-00 00:00:00',NULL,NULL,'Exemple de séquence pédagogique.',0),(190,253,6,'VAA60498','2013-03-29','0000-00-00 00:00:00',NULL,NULL,'Exemple de séquence pédagogique.',0),(191,252,6,'VAA60473','2013-03-29','0000-00-00 00:00:00',NULL,NULL,'Exemple de séquence pédagogique.',0),(192,117,6,'VAA60492','2013-04-29','0000-00-00 00:00:00',NULL,NULL,'Exemple de séquence pédagogique.',0),(193,417,6,'VAA60458','2013-04-29','0000-00-00 00:00:00',NULL,NULL,'Exemple de séquence pédagogique.',0),(194,246,6,'VAA60473','2013-05-29','0000-00-00 00:00:00',NULL,NULL,'Exemple de séquence pédagogique.',0),(195,399,6,'VAA60452','2013-05-29','0000-00-00 00:00:00',NULL,NULL,'Exemple de séquence pédagogique.',0),(196,140,6,'VAA60492','2013-06-29','0000-00-00 00:00:00',NULL,NULL,'Exemple de séquence pédagogique.',0),(197,497,6,'VAA60433','2013-06-29','0000-00-00 00:00:00',NULL,NULL,'Exemple de séquence pédagogique.',0),(198,265,6,'VAA60473','2013-06-29','0000-00-00 00:00:00',NULL,NULL,'Exemple de séquence pédagogique.',0),(199,154,6,'VAA60448','2013-06-29','0000-00-00 00:00:00',NULL,NULL,'Exemple de séquence pédagogique.',0),(200,118,6,'VAA60403','2013-07-29','0000-00-00 00:00:00',NULL,NULL,'Exemple de séquence pédagogique.',0),(201,197,6,'VAA60483','2013-07-29','0000-00-00 00:00:00',NULL,NULL,'Exemple de séquence pédagogique.',0),(202,19,6,'VAA60474','2013-07-29','0000-00-00 00:00:00',NULL,NULL,'Exemple de séquence pédagogique.',0),(203,294,6,'VAA60421','2013-07-29','0000-00-00 00:00:00',NULL,NULL,'Exemple de séquence pédagogique.',0),(204,207,6,'VAA60483','2013-08-29','0000-00-00 00:00:00',NULL,NULL,'Exemple de séquence pédagogique.',0),(205,335,6,'VAA60458','2013-08-29','0000-00-00 00:00:00',NULL,NULL,'Exemple de séquence pédagogique.',0),(206,457,6,'VAA60491','2013-08-29','0000-00-00 00:00:00',NULL,NULL,'Exemple de séquence pédagogique.',0),(207,140,6,'VAA60492','2013-08-29','0000-00-00 00:00:00',NULL,NULL,'Exemple de séquence pédagogique.',0),(208,466,6,'VAA60428','2013-09-29','0000-00-00 00:00:00',NULL,NULL,'Exemple de séquence pédagogique.',0),(209,382,6,'VAA60468','2013-09-29','0000-00-00 00:00:00',NULL,NULL,'Exemple de séquence pédagogique.',0),(210,337,6,'VAA60468','2013-09-29','0000-00-00 00:00:00',NULL,NULL,'Exemple de séquence pédagogique.',0),(211,259,6,'VAA60498','2013-09-29','0000-00-00 00:00:00',NULL,NULL,'Exemple de séquence pédagogique.',0),(212,460,6,'VAA60428','2013-10-29','0000-00-00 00:00:00',NULL,NULL,'Exemple de séquence pédagogique.',0),(213,476,6,'VAA60428','2013-10-29','0000-00-00 00:00:00',NULL,NULL,'Exemple de séquence pédagogique.',0),(214,140,6,'VAA60492','2013-10-29','0000-00-00 00:00:00',NULL,NULL,'Exemple de séquence pédagogique.',0),(215,19,6,'VAA60474','2013-10-29','0000-00-00 00:00:00',NULL,NULL,'Exemple de séquence pédagogique.',0),(216,415,6,'VAA60452','2013-11-29','0000-00-00 00:00:00',NULL,NULL,'Exemple de séquence pédagogique.',0),(217,454,6,'VAA60428','2013-11-29','0000-00-00 00:00:00',NULL,NULL,'Exemple de séquence pédagogique.',0),(218,371,6,'VAA60499','2013-12-29','0000-00-00 00:00:00',NULL,NULL,'Exemple de séquence pédagogique.',0),(219,344,6,'VAA60434','2013-12-29','0000-00-00 00:00:00',NULL,NULL,'Exemple de séquence pédagogique.',0),(220,219,6,'VAA60483','2013-12-29','0000-00-00 00:00:00',NULL,NULL,'Exemple de séquence pédagogique.',0),(221,484,7,'VAA60491','2013-01-29','0000-00-00 00:00:00',NULL,NULL,'Exemple de séquence pédagogique.',0),(222,248,7,'VAA60483','2013-01-29','0000-00-00 00:00:00',NULL,NULL,'Exemple de séquence pédagogique.',0),(223,459,7,'VAA60491','2013-01-29','0000-00-00 00:00:00',NULL,NULL,'Exemple de séquence pédagogique.',0),(224,197,7,'VAA60483','0000-00-00','0000-00-00 00:00:00',NULL,NULL,'Exemple de séquence pédagogique.',0),(225,231,7,'VAA60483','0000-00-00','0000-00-00 00:00:00',NULL,NULL,'Exemple de séquence pédagogique.',0),(226,456,7,'VAA60428','0000-00-00','0000-00-00 00:00:00',NULL,NULL,'Exemple de séquence pédagogique.',0),(227,426,7,'VAA60428','0000-00-00','0000-00-00 00:00:00',NULL,NULL,'Exemple de séquence pédagogique.',0),(228,469,7,'VAA60428','2013-03-29','0000-00-00 00:00:00',NULL,NULL,'Exemple de séquence pédagogique.',0),(229,498,7,'VAA60448','2013-03-29','0000-00-00 00:00:00',NULL,NULL,'Exemple de séquence pédagogique.',0),(230,364,7,'VAA60468','2013-03-29','0000-00-00 00:00:00',NULL,NULL,'Exemple de séquence pédagogique.',0),(231,157,7,'VAA60448','2013-04-29','0000-00-00 00:00:00',NULL,NULL,'Exemple de séquence pédagogique.',0),(232,14,7,'VAA60474','2013-04-29','0000-00-00 00:00:00',NULL,NULL,'Exemple de séquence pédagogique.',0),(233,398,7,'VAA60452','2013-04-29','0000-00-00 00:00:00',NULL,NULL,'Exemple de séquence pédagogique.',0),(234,299,7,'VAA60421','2013-04-29','0000-00-00 00:00:00',NULL,NULL,'Exemple de séquence pédagogique.',0),(235,140,7,'VAA60492','2013-05-29','0000-00-00 00:00:00',NULL,NULL,'Exemple de séquence pédagogique.',0),(236,500,7,'VAA60474','2013-05-29','0000-00-00 00:00:00',NULL,NULL,'Exemple de séquence pédagogique.',0),(237,421,7,'VAA60452','2013-05-29','0000-00-00 00:00:00',NULL,NULL,'Exemple de séquence pédagogique.',0),(238,461,7,'VAA60491','2013-05-29','0000-00-00 00:00:00',NULL,NULL,'Exemple de séquence pédagogique.',0),(239,45,7,'VAA60465','2013-06-29','0000-00-00 00:00:00',NULL,NULL,'Exemple de séquence pédagogique.',0),(240,396,7,'VAA60452','2013-06-29','0000-00-00 00:00:00',NULL,NULL,'Exemple de séquence pédagogique.',0),(241,426,7,'VAA60428','2013-06-29','0000-00-00 00:00:00',NULL,NULL,'Exemple de séquence pédagogique.',0),(242,439,7,'VAA60491','2013-07-29','0000-00-00 00:00:00',NULL,NULL,'Exemple de séquence pédagogique.',0),(243,211,7,'VAA60498','2013-07-29','0000-00-00 00:00:00',NULL,NULL,'Exemple de séquence pédagogique.',0),(244,363,7,'VAA60434','2013-08-29','0000-00-00 00:00:00',NULL,NULL,'Exemple de séquence pédagogique.',0),(245,214,7,'VAA60486','2013-08-29','0000-00-00 00:00:00',NULL,NULL,'Exemple de séquence pédagogique.',0),(246,105,7,'VAA60488','2013-08-29','0000-00-00 00:00:00',NULL,NULL,'Exemple de séquence pédagogique.',0),(247,74,7,'VAA60433','2013-09-29','0000-00-00 00:00:00',NULL,NULL,'Exemple de séquence pédagogique.',0),(248,476,7,'VAA60428','2013-09-29','0000-00-00 00:00:00',NULL,NULL,'Exemple de séquence pédagogique.',0),(249,337,7,'VAA60468','2013-10-29','0000-00-00 00:00:00',NULL,NULL,'Exemple de séquence pédagogique.',0),(250,58,7,'VAA60433','2013-10-29','0000-00-00 00:00:00',NULL,NULL,'Exemple de séquence pédagogique.',0),(251,385,7,'VAA60434','2013-10-29','0000-00-00 00:00:00',NULL,NULL,'Exemple de séquence pédagogique.',0),(252,373,7,'VAA60458','2013-11-29','0000-00-00 00:00:00',NULL,NULL,'Exemple de séquence pédagogique.',0),(253,259,7,'VAA60498','2013-11-29','0000-00-00 00:00:00',NULL,NULL,'Exemple de séquence pédagogique.',0),(254,282,7,'VAA60462','2013-11-29','0000-00-00 00:00:00',NULL,NULL,'Exemple de séquence pédagogique.',0),(255,299,7,'VAA60421','2013-11-29','0000-00-00 00:00:00',NULL,NULL,'Exemple de séquence pédagogique.',0),(256,138,7,'VAA60442','2013-12-29','0000-00-00 00:00:00',NULL,NULL,'Exemple de séquence pédagogique.',0),(257,488,7,'VAA60491','2013-12-29','0000-00-00 00:00:00',NULL,NULL,'Exemple de séquence pédagogique.',0),(258,375,8,'VAA60434','2013-01-29','0000-00-00 00:00:00',NULL,NULL,'Exemple de séquence pédagogique.',0),(259,224,8,'VAA60473','2013-01-29','0000-00-00 00:00:00',NULL,NULL,'Exemple de séquence pédagogique.',0),(260,353,8,'VAA60468','2013-01-29','0000-00-00 00:00:00',NULL,NULL,'Exemple de séquence pédagogique.',0),(261,99,8,'VAA60465','2013-01-29','0000-00-00 00:00:00',NULL,NULL,'Exemple de séquence pédagogique.',0),(262,178,8,'VAA60421','0000-00-00','0000-00-00 00:00:00',NULL,NULL,'Exemple de séquence pédagogique.',0),(263,95,8,'VAA60465','0000-00-00','0000-00-00 00:00:00',NULL,NULL,'Exemple de séquence pédagogique.',0),(264,27,8,'VAA60467','2013-03-29','0000-00-00 00:00:00',NULL,NULL,'Exemple de séquence pédagogique.',0),(265,114,8,'VAA60488','2013-03-29','0000-00-00 00:00:00',NULL,NULL,'Exemple de séquence pédagogique.',0),(266,82,8,'VAA60467','2013-03-29','0000-00-00 00:00:00',NULL,NULL,'Exemple de séquence pédagogique.',0),(267,74,8,'VAA60433','2013-03-29','0000-00-00 00:00:00',NULL,NULL,'Exemple de séquence pédagogique.',0),(268,397,8,'VAA60452','2013-04-29','0000-00-00 00:00:00',NULL,NULL,'Exemple de séquence pédagogique.',0),(269,336,8,'VAA60434','2013-04-29','0000-00-00 00:00:00',NULL,NULL,'Exemple de séquence pédagogique.',0),(270,372,8,'VAA60468','2013-04-29','0000-00-00 00:00:00',NULL,NULL,'Exemple de séquence pédagogique.',0),(271,2,8,'VAA60474','2013-05-29','0000-00-00 00:00:00',NULL,NULL,'Exemple de séquence pédagogique.',0),(272,418,8,'VAA60458','2013-05-29','0000-00-00 00:00:00',NULL,NULL,'Exemple de séquence pédagogique.',0),(273,218,8,'VAA60473','2013-05-29','0000-00-00 00:00:00',NULL,NULL,'Exemple de séquence pédagogique.',0),(274,62,8,'VAA60467','2013-06-29','0000-00-00 00:00:00',NULL,NULL,'Exemple de séquence pédagogique.',0),(275,158,8,'VAA60448','2013-06-29','0000-00-00 00:00:00',NULL,NULL,'Exemple de séquence pédagogique.',0),(276,111,8,'VAA60488','2013-07-29','0000-00-00 00:00:00',NULL,NULL,'Exemple de séquence pédagogique.',0),(277,428,8,'VAA60428','2013-07-29','0000-00-00 00:00:00',NULL,NULL,'Exemple de séquence pédagogique.',0),(278,170,8,'VAA60483','2013-07-29','0000-00-00 00:00:00',NULL,NULL,'Exemple de séquence pédagogique.',0),(279,362,8,'VAA60499','2013-08-29','0000-00-00 00:00:00',NULL,NULL,'Exemple de séquence pédagogique.',0),(280,193,8,'VAA60421','2013-08-29','0000-00-00 00:00:00',NULL,NULL,'Exemple de séquence pédagogique.',0),(281,495,8,'VAA60491','2013-09-29','0000-00-00 00:00:00',NULL,NULL,'Exemple de séquence pédagogique.',0),(282,19,8,'VAA60474','2013-09-29','0000-00-00 00:00:00',NULL,NULL,'Exemple de séquence pédagogique.',0),(283,323,8,'VAA60468','2013-09-29','0000-00-00 00:00:00',NULL,NULL,'Exemple de séquence pédagogique.',0),(284,276,8,'VAA60462','2013-09-29','0000-00-00 00:00:00',NULL,NULL,'Exemple de séquence pédagogique.',0),(285,464,8,'VAA60491','2013-10-29','0000-00-00 00:00:00',NULL,NULL,'Exemple de séquence pédagogique.',0),(286,397,8,'VAA60452','2013-10-29','0000-00-00 00:00:00',NULL,NULL,'Exemple de séquence pédagogique.',0),(287,11,8,'VAA60474','2013-10-29','0000-00-00 00:00:00',NULL,NULL,'Exemple de séquence pédagogique.',0),(288,445,8,'VAA60491','2013-10-29','0000-00-00 00:00:00',NULL,NULL,'Exemple de séquence pédagogique.',0),(289,45,8,'VAA60465','2013-11-29','0000-00-00 00:00:00',NULL,NULL,'Exemple de séquence pédagogique.',0),(290,209,8,'VAA60483','2013-11-29','0000-00-00 00:00:00',NULL,NULL,'Exemple de séquence pédagogique.',0),(291,343,8,'VAA60468','2013-11-29','0000-00-00 00:00:00',NULL,NULL,'Exemple de séquence pédagogique.',0),(292,165,8,'VAA60448','2013-12-29','0000-00-00 00:00:00',NULL,NULL,'Exemple de séquence pédagogique.',0),(293,226,8,'VAA60498','2013-12-29','0000-00-00 00:00:00',NULL,NULL,'Exemple de séquence pédagogique.',0),(294,325,8,'VAA60458','2013-12-29','0000-00-00 00:00:00',NULL,NULL,'Exemple de séquence pédagogique.',0),(295,354,8,'VAA60458','2013-12-29','0000-00-00 00:00:00',NULL,NULL,'Exemple de séquence pédagogique.',0),(296,345,9,'VAA60458','2013-01-29','0000-00-00 00:00:00',NULL,NULL,'Exemple de séquence pédagogique.',0),(297,505,9,'VAA60452','2013-01-29','0000-00-00 00:00:00',NULL,NULL,'Exemple de séquence pédagogique.',0),(298,15,9,'VAA60474','2013-01-29','0000-00-00 00:00:00',NULL,NULL,'Exemple de séquence pédagogique.',0),(299,100,9,'VAA60488','0000-00-00','0000-00-00 00:00:00',NULL,NULL,'Exemple de séquence pédagogique.',0),(300,118,9,'VAA60403','0000-00-00','0000-00-00 00:00:00',NULL,NULL,'Exemple de séquence pédagogique.',0),(301,112,9,'VAA60488','2013-03-29','0000-00-00 00:00:00',NULL,NULL,'Exemple de séquence pédagogique.',0),(302,392,9,'VAA60458','2013-03-29','0000-00-00 00:00:00',NULL,NULL,'Exemple de séquence pédagogique.',0),(303,65,9,'VAA60433','2013-03-29','0000-00-00 00:00:00',NULL,NULL,'Exemple de séquence pédagogique.',0),(304,77,9,'VAA60442','2013-03-29','0000-00-00 00:00:00',NULL,NULL,'Exemple de séquence pédagogique.',0),(305,209,9,'VAA60483','2013-04-29','0000-00-00 00:00:00',NULL,NULL,'Exemple de séquence pédagogique.',0),(306,405,9,'VAA60452','2013-04-29','0000-00-00 00:00:00',NULL,NULL,'Exemple de séquence pédagogique.',0),(307,232,9,'VAA60421','2013-04-29','0000-00-00 00:00:00',NULL,NULL,'Exemple de séquence pédagogique.',0),(308,289,9,'VAA60462','2013-05-29','0000-00-00 00:00:00',NULL,NULL,'Exemple de séquence pédagogique.',0),(309,4,9,'VAA60474','2013-05-29','0000-00-00 00:00:00',NULL,NULL,'Exemple de séquence pédagogique.',0),(310,249,9,'VAA60498','2013-06-29','0000-00-00 00:00:00',NULL,NULL,'Exemple de séquence pédagogique.',0),(311,413,9,'VAA60458','2013-06-29','0000-00-00 00:00:00',NULL,NULL,'Exemple de séquence pédagogique.',0),(312,313,9,'VAA60468','2013-06-29','0000-00-00 00:00:00',NULL,NULL,'Exemple de séquence pédagogique.',0),(313,361,9,'VAA60499','2013-06-29','0000-00-00 00:00:00',NULL,NULL,'Exemple de séquence pédagogique.',0),(314,88,9,'VAA60442','2013-07-29','0000-00-00 00:00:00',NULL,NULL,'Exemple de séquence pédagogique.',0),(315,100,9,'VAA60488','2013-07-29','0000-00-00 00:00:00',NULL,NULL,'Exemple de séquence pédagogique.',0),(316,479,9,'VAA60491','2013-07-29','0000-00-00 00:00:00',NULL,NULL,'Exemple de séquence pédagogique.',0),(317,406,9,'VAA60458','2013-07-29','0000-00-00 00:00:00',NULL,NULL,'Exemple de séquence pédagogique.',0),(318,124,9,'VAA60492','2013-08-29','0000-00-00 00:00:00',NULL,NULL,'Exemple de séquence pédagogique.',0),(319,210,9,'VAA60421','2013-08-29','0000-00-00 00:00:00',NULL,NULL,'Exemple de séquence pédagogique.',0),(320,136,9,'VAA60403','2013-08-29','0000-00-00 00:00:00',NULL,NULL,'Exemple de séquence pédagogique.',0),(321,239,9,'VAA60473','2013-09-29','0000-00-00 00:00:00',NULL,NULL,'Exemple de séquence pédagogique.',0),(322,420,9,'VAA60452','2013-09-29','0000-00-00 00:00:00',NULL,NULL,'Exemple de séquence pédagogique.',0),(323,193,9,'VAA60421','2013-09-29','0000-00-00 00:00:00',NULL,NULL,'Exemple de séquence pédagogique.',0),(324,84,9,'VAA60433','2013-10-29','0000-00-00 00:00:00',NULL,NULL,'Exemple de séquence pédagogique.',0),(325,414,9,'VAA60452','2013-10-29','0000-00-00 00:00:00',NULL,NULL,'Exemple de séquence pédagogique.',0),(326,246,9,'VAA60473','2013-11-29','0000-00-00 00:00:00',NULL,NULL,'Exemple de séquence pédagogique.',0),(327,337,9,'VAA60468','2013-11-29','0000-00-00 00:00:00',NULL,NULL,'Exemple de séquence pédagogique.',0),(328,341,9,'VAA60434','2013-11-29','0000-00-00 00:00:00',NULL,NULL,'Exemple de séquence pédagogique.',0),(329,480,9,'VAA60491','2013-11-29','0000-00-00 00:00:00',NULL,NULL,'Exemple de séquence pédagogique.',0),(330,26,9,'VAA60433','2013-12-29','0000-00-00 00:00:00',NULL,NULL,'Exemple de séquence pédagogique.',0),(331,207,9,'VAA60483','2013-12-29','0000-00-00 00:00:00',NULL,NULL,'Exemple de séquence pédagogique.',0),(332,352,9,'VAA60468','2013-12-29','0000-00-00 00:00:00',NULL,NULL,'Exemple de séquence pédagogique.',0),(333,489,10,'VAA60491','2013-01-29','0000-00-00 00:00:00',NULL,NULL,'Exemple de séquence pédagogique.',0),(334,419,10,'VAA60458','2013-01-29','0000-00-00 00:00:00',NULL,NULL,'Exemple de séquence pédagogique.',0),(335,71,10,'VAA60442','2013-01-29','0000-00-00 00:00:00',NULL,NULL,'Exemple de séquence pédagogique.',0),(336,162,10,'VAA60448','0000-00-00','0000-00-00 00:00:00',NULL,NULL,'Exemple de séquence pédagogique.',0),(337,399,10,'VAA60452','0000-00-00','0000-00-00 00:00:00',NULL,NULL,'Exemple de séquence pédagogique.',0),(338,167,10,'VAA60448','2013-03-29','0000-00-00 00:00:00',NULL,NULL,'Exemple de séquence pédagogique.',0),(339,103,10,'VAA60488','2013-03-29','0000-00-00 00:00:00',NULL,NULL,'Exemple de séquence pédagogique.',0),(340,477,10,'VAA60491','2013-03-29','0000-00-00 00:00:00',NULL,NULL,'Exemple de séquence pédagogique.',0),(341,491,10,'VAA60491','2013-04-29','0000-00-00 00:00:00',NULL,NULL,'Exemple de séquence pédagogique.',0),(342,332,10,'VAA60434','2013-04-29','0000-00-00 00:00:00',NULL,NULL,'Exemple de séquence pédagogique.',0),(343,151,10,'VAA60448','2013-04-29','0000-00-00 00:00:00',NULL,NULL,'Exemple de séquence pédagogique.',0),(344,143,10,'VAA60448','2013-04-29','0000-00-00 00:00:00',NULL,NULL,'Exemple de séquence pédagogique.',0),(345,444,10,'VAA60428','2013-05-29','0000-00-00 00:00:00',NULL,NULL,'Exemple de séquence pédagogique.',0),(346,88,10,'VAA60442','2013-05-29','0000-00-00 00:00:00',NULL,NULL,'Exemple de séquence pédagogique.',0),(347,102,10,'VAA60488','2013-05-29','0000-00-00 00:00:00',NULL,NULL,'Exemple de séquence pédagogique.',0),(348,158,10,'VAA60448','2013-05-29','0000-00-00 00:00:00',NULL,NULL,'Exemple de séquence pédagogique.',0),(349,164,10,'VAA60448','2013-06-29','0000-00-00 00:00:00',NULL,NULL,'Exemple de séquence pédagogique.',0),(350,142,10,'VAA60403','2013-06-29','0000-00-00 00:00:00',NULL,NULL,'Exemple de séquence pédagogique.',0),(351,217,10,'VAA60498','2013-06-29','0000-00-00 00:00:00',NULL,NULL,'Exemple de séquence pédagogique.',0),(352,86,10,'VAA60442','2013-06-29','0000-00-00 00:00:00',NULL,NULL,'Exemple de séquence pédagogique.',0),(353,179,10,'VAA60483','2013-07-29','0000-00-00 00:00:00',NULL,NULL,'Exemple de séquence pédagogique.',0),(354,265,10,'VAA60473','2013-07-29','0000-00-00 00:00:00',NULL,NULL,'Exemple de séquence pédagogique.',0),(355,511,10,'VAA60429','2013-07-29','0000-00-00 00:00:00',NULL,NULL,'Exemple de séquence pédagogique.',0),(356,22,10,'VAA60474','2013-07-29','0000-00-00 00:00:00',NULL,NULL,'Exemple de séquence pédagogique.',0),(357,445,10,'VAA60491','2013-08-29','0000-00-00 00:00:00',NULL,NULL,'Exemple de séquence pédagogique.',0),(358,157,10,'VAA60448','2013-08-29','0000-00-00 00:00:00',NULL,NULL,'Exemple de séquence pédagogique.',0),(359,474,10,'VAA60428','2013-09-29','0000-00-00 00:00:00',NULL,NULL,'Exemple de séquence pédagogique.',0),(360,265,10,'VAA60473','2013-09-29','0000-00-00 00:00:00',NULL,NULL,'Exemple de séquence pédagogique.',0),(361,263,10,'VAA60473','2013-09-29','0000-00-00 00:00:00',NULL,NULL,'Exemple de séquence pédagogique.',0),(362,307,10,'VAA60468','2013-09-29','0000-00-00 00:00:00',NULL,NULL,'Exemple de séquence pédagogique.',0),(363,511,10,'VAA60429','2013-10-29','0000-00-00 00:00:00',NULL,NULL,'Exemple de séquence pédagogique.',0),(364,350,10,'VAA60458','2013-10-29','0000-00-00 00:00:00',NULL,NULL,'Exemple de séquence pédagogique.',0),(365,495,10,'VAA60491','2013-11-29','0000-00-00 00:00:00',NULL,NULL,'Exemple de séquence pédagogique.',0),(366,231,10,'VAA60483','2013-11-29','0000-00-00 00:00:00',NULL,NULL,'Exemple de séquence pédagogique.',0),(367,397,10,'VAA60452','2013-12-29','0000-00-00 00:00:00',NULL,NULL,'Exemple de séquence pédagogique.',0),(368,49,10,'VAA60467','2013-12-29','0000-00-00 00:00:00',NULL,NULL,'Exemple de séquence pédagogique.',0),(369,111,10,'VAA60488','2013-12-29','0000-00-00 00:00:00',NULL,NULL,'Exemple de séquence pédagogique.',0),(370,288,11,'VAA60462','2013-01-29','0000-00-00 00:00:00',NULL,NULL,'Exemple de séquence pédagogique.',0),(371,1,11,'VAA60474','2013-01-29','0000-00-00 00:00:00',NULL,NULL,'Exemple de séquence pédagogique.',0),(372,73,11,'VAA60465','0000-00-00','0000-00-00 00:00:00',NULL,NULL,'Exemple de séquence pédagogique.',0),(373,279,11,'VAA60462','0000-00-00','0000-00-00 00:00:00',NULL,NULL,'Exemple de séquence pédagogique.',0),(374,42,11,'VAA60465','0000-00-00','0000-00-00 00:00:00',NULL,NULL,'Exemple de séquence pédagogique.',0),(375,464,11,'VAA60491','0000-00-00','0000-00-00 00:00:00',NULL,NULL,'Exemple de séquence pédagogique.',0),(376,208,11,'VAA60421','2013-03-29','0000-00-00 00:00:00',NULL,NULL,'Exemple de séquence pédagogique.',0),(377,94,11,'VAA60465','2013-03-29','0000-00-00 00:00:00',NULL,NULL,'Exemple de séquence pédagogique.',0),(378,149,11,'VAA60448','2013-03-29','0000-00-00 00:00:00',NULL,NULL,'Exemple de séquence pédagogique.',0),(379,136,11,'VAA60403','2013-03-29','0000-00-00 00:00:00',NULL,NULL,'Exemple de séquence pédagogique.',0),(380,299,11,'VAA60421','2013-04-29','0000-00-00 00:00:00',NULL,NULL,'Exemple de séquence pédagogique.',0),(381,177,11,'VAA60486','2013-04-29','0000-00-00 00:00:00',NULL,NULL,'Exemple de séquence pédagogique.',0),(382,414,11,'VAA60452','2013-04-29','0000-00-00 00:00:00',NULL,NULL,'Exemple de séquence pédagogique.',0),(383,468,11,'VAA60491','2013-05-29','0000-00-00 00:00:00',NULL,NULL,'Exemple de séquence pédagogique.',0),(384,57,11,'VAA60433','2013-05-29','0000-00-00 00:00:00',NULL,NULL,'Exemple de séquence pédagogique.',0),(385,468,11,'VAA60491','2013-06-29','0000-00-00 00:00:00',NULL,NULL,'Exemple de séquence pédagogique.',0),(386,206,11,'VAA60498','2013-06-29','0000-00-00 00:00:00',NULL,NULL,'Exemple de séquence pédagogique.',0),(387,125,11,'VAA60492','2013-07-29','0000-00-00 00:00:00',NULL,NULL,'Exemple de séquence pédagogique.',0),(388,60,11,'VAA60465','2013-07-29','0000-00-00 00:00:00',NULL,NULL,'Exemple de séquence pédagogique.',0),(389,246,11,'VAA60473','2013-08-29','0000-00-00 00:00:00',NULL,NULL,'Exemple de séquence pédagogique.',0),(390,279,11,'VAA60462','2013-08-29','0000-00-00 00:00:00',NULL,NULL,'Exemple de séquence pédagogique.',0),(391,389,11,'VAA60434','2013-09-29','0000-00-00 00:00:00',NULL,NULL,'Exemple de séquence pédagogique.',0),(392,457,11,'VAA60491','2013-09-29','0000-00-00 00:00:00',NULL,NULL,'Exemple de séquence pédagogique.',0),(393,283,11,'VAA60462','2013-10-29','0000-00-00 00:00:00',NULL,NULL,'Exemple de séquence pédagogique.',0),(394,344,11,'VAA60434','2013-10-29','0000-00-00 00:00:00',NULL,NULL,'Exemple de séquence pédagogique.',0),(395,75,11,'VAA60465','2013-11-29','0000-00-00 00:00:00',NULL,NULL,'Exemple de séquence pédagogique.',0),(396,233,11,'VAA60498','2013-11-29','0000-00-00 00:00:00',NULL,NULL,'Exemple de séquence pédagogique.',0),(397,323,11,'VAA60468','2013-11-29','0000-00-00 00:00:00',NULL,NULL,'Exemple de séquence pédagogique.',0),(398,227,11,'VAA60498','2013-11-29','0000-00-00 00:00:00',NULL,NULL,'Exemple de séquence pédagogique.',0),(399,451,11,'VAA60491','2013-12-29','0000-00-00 00:00:00',NULL,NULL,'Exemple de séquence pédagogique.',0),(400,300,11,'VAA60498','2013-12-29','0000-00-00 00:00:00',NULL,NULL,'Exemple de séquence pédagogique.',0),(401,154,11,'VAA60448','2013-12-29','0000-00-00 00:00:00',NULL,NULL,'Exemple de séquence pédagogique.',0),(402,358,12,'VAA60499','2013-01-29','0000-00-00 00:00:00',NULL,NULL,'Exemple de séquence pédagogique.',0),(403,153,12,'VAA60448','2013-01-29','0000-00-00 00:00:00',NULL,NULL,'Exemple de séquence pédagogique.',0),(404,464,12,'VAA60491','2013-01-29','0000-00-00 00:00:00',NULL,NULL,'Exemple de séquence pédagogique.',0),(405,45,12,'VAA60465','2013-01-29','0000-00-00 00:00:00',NULL,NULL,'Exemple de séquence pédagogique.',0),(406,48,12,'VAA60467','0000-00-00','0000-00-00 00:00:00',NULL,NULL,'Exemple de séquence pédagogique.',0),(407,343,12,'VAA60468','0000-00-00','0000-00-00 00:00:00',NULL,NULL,'Exemple de séquence pédagogique.',0),(408,58,12,'VAA60433','2013-03-29','0000-00-00 00:00:00',NULL,NULL,'Exemple de séquence pédagogique.',0),(409,357,12,'VAA60468','2013-03-29','0000-00-00 00:00:00',NULL,NULL,'Exemple de séquence pédagogique.',0),(410,231,12,'VAA60483','2013-03-29','0000-00-00 00:00:00',NULL,NULL,'Exemple de séquence pédagogique.',0),(411,196,12,'VAA60498','2013-04-29','0000-00-00 00:00:00',NULL,NULL,'Exemple de séquence pédagogique.',0),(412,376,12,'VAA60458','2013-04-29','0000-00-00 00:00:00',NULL,NULL,'Exemple de séquence pédagogique.',0),(413,392,12,'VAA60458','2013-05-29','0000-00-00 00:00:00',NULL,NULL,'Exemple de séquence pédagogique.',0),(414,162,12,'VAA60448','2013-05-29','0000-00-00 00:00:00',NULL,NULL,'Exemple de séquence pédagogique.',0),(415,199,12,'VAA60486','2013-06-29','0000-00-00 00:00:00',NULL,NULL,'Exemple de séquence pédagogique.',0),(416,9,12,'VAA60474','2013-06-29','0000-00-00 00:00:00',NULL,NULL,'Exemple de séquence pédagogique.',0),(417,276,12,'VAA60462','2013-06-29','0000-00-00 00:00:00',NULL,NULL,'Exemple de séquence pédagogique.',0),(418,454,12,'VAA60428','2013-06-29','0000-00-00 00:00:00',NULL,NULL,'Exemple de séquence pédagogique.',0),(419,300,12,'VAA60498','2013-07-29','0000-00-00 00:00:00',NULL,NULL,'Exemple de séquence pédagogique.',0),(420,474,12,'VAA60428','2013-07-29','0000-00-00 00:00:00',NULL,NULL,'Exemple de séquence pédagogique.',0),(421,124,12,'VAA60492','2013-07-29','0000-00-00 00:00:00',NULL,NULL,'Exemple de séquence pédagogique.',0),(422,207,12,'VAA60483','2013-08-29','0000-00-00 00:00:00',NULL,NULL,'Exemple de séquence pédagogique.',0),(423,408,12,'VAA60458','2013-08-29','0000-00-00 00:00:00',NULL,NULL,'Exemple de séquence pédagogique.',0),(424,63,12,'VAA60442','2013-09-29','0000-00-00 00:00:00',NULL,NULL,'Exemple de séquence pédagogique.',0),(425,109,12,'VAA60488','2013-09-29','0000-00-00 00:00:00',NULL,NULL,'Exemple de séquence pédagogique.',0),(426,424,12,'VAA60452','2013-09-29','0000-00-00 00:00:00',NULL,NULL,'Exemple de séquence pédagogique.',0),(427,382,12,'VAA60468','2013-09-29','0000-00-00 00:00:00',NULL,NULL,'Exemple de séquence pédagogique.',0),(428,278,12,'VAA60462','2013-10-29','0000-00-00 00:00:00',NULL,NULL,'Exemple de séquence pédagogique.',0),(429,9,12,'VAA60474','2013-10-29','0000-00-00 00:00:00',NULL,NULL,'Exemple de séquence pédagogique.',0),(430,178,12,'VAA60421','2013-11-29','0000-00-00 00:00:00',NULL,NULL,'Exemple de séquence pédagogique.',0),(431,251,12,'VAA60421','2013-11-29','0000-00-00 00:00:00',NULL,NULL,'Exemple de séquence pédagogique.',0),(432,157,12,'VAA60448','2013-12-29','0000-00-00 00:00:00',NULL,NULL,'Exemple de séquence pédagogique.',0),(433,415,12,'VAA60452','2013-12-29','0000-00-00 00:00:00',NULL,NULL,'Exemple de séquence pédagogique.',0),(434,208,13,'VAA60421','2013-01-29','0000-00-00 00:00:00',NULL,NULL,'Exemple de séquence pédagogique.',0),(435,152,13,'VAA60448','2013-01-29','0000-00-00 00:00:00',NULL,NULL,'Exemple de séquence pédagogique.',0),(436,223,13,'VAA60483','2013-01-29','0000-00-00 00:00:00',NULL,NULL,'Exemple de séquence pédagogique.',0),(437,249,13,'VAA60498','0000-00-00','0000-00-00 00:00:00',NULL,NULL,'Exemple de séquence pédagogique.',0),(438,245,13,'VAA60498','0000-00-00','0000-00-00 00:00:00',NULL,NULL,'Exemple de séquence pédagogique.',0),(439,152,13,'VAA60448','0000-00-00','0000-00-00 00:00:00',NULL,NULL,'Exemple de séquence pédagogique.',0),(440,391,13,'VAA60434','2013-03-29','0000-00-00 00:00:00',NULL,NULL,'Exemple de séquence pédagogique.',0),(441,348,13,'VAA60458','2013-03-29','0000-00-00 00:00:00',NULL,NULL,'Exemple de séquence pédagogique.',0),(442,363,13,'VAA60434','2013-04-29','0000-00-00 00:00:00',NULL,NULL,'Exemple de séquence pédagogique.',0),(443,73,13,'VAA60465','2013-04-29','0000-00-00 00:00:00',NULL,NULL,'Exemple de séquence pédagogique.',0),(444,141,13,'VAA60403','2013-05-29','0000-00-00 00:00:00',NULL,NULL,'Exemple de séquence pédagogique.',0),(445,197,13,'VAA60483','2013-05-29','0000-00-00 00:00:00',NULL,NULL,'Exemple de séquence pédagogique.',0),(446,237,13,'VAA60483','2013-05-29','0000-00-00 00:00:00',NULL,NULL,'Exemple de séquence pédagogique.',0),(447,487,13,'VAA60428','2013-05-29','0000-00-00 00:00:00',NULL,NULL,'Exemple de séquence pédagogique.',0),(448,133,13,'VAA60492','2013-06-29','0000-00-00 00:00:00',NULL,NULL,'Exemple de séquence pédagogique.',0),(449,200,13,'VAA60483','2013-06-29','0000-00-00 00:00:00',NULL,NULL,'Exemple de séquence pédagogique.',0),(450,216,13,'VAA60473','2013-06-29','0000-00-00 00:00:00',NULL,NULL,'Exemple de séquence pédagogique.',0),(451,505,13,'VAA60452','2013-07-29','0000-00-00 00:00:00',NULL,NULL,'Exemple de séquence pédagogique.',0),(452,155,13,'VAA60448','2013-07-29','0000-00-00 00:00:00',NULL,NULL,'Exemple de séquence pédagogique.',0),(453,63,13,'VAA60442','2013-07-29','0000-00-00 00:00:00',NULL,NULL,'Exemple de séquence pédagogique.',0),(454,350,13,'VAA60458','2013-07-29','0000-00-00 00:00:00',NULL,NULL,'Exemple de séquence pédagogique.',0),(455,361,13,'VAA60499','2013-08-29','0000-00-00 00:00:00',NULL,NULL,'Exemple de séquence pédagogique.',0),(456,33,13,'VAA60467','2013-08-29','0000-00-00 00:00:00',NULL,NULL,'Exemple de séquence pédagogique.',0),(457,251,13,'VAA60421','2013-08-29','0000-00-00 00:00:00',NULL,NULL,'Exemple de séquence pédagogique.',0),(458,510,13,'VAA60467','2013-09-29','0000-00-00 00:00:00',NULL,NULL,'Exemple de séquence pédagogique.',0),(459,430,13,'VAA60491','2013-09-29','0000-00-00 00:00:00',NULL,NULL,'Exemple de séquence pédagogique.',0),(460,479,13,'VAA60491','2013-09-29','0000-00-00 00:00:00',NULL,NULL,'Exemple de séquence pédagogique.',0),(461,343,13,'VAA60468','2013-10-29','0000-00-00 00:00:00',NULL,NULL,'Exemple de séquence pédagogique.',0),(462,334,13,'VAA60468','2013-10-29','0000-00-00 00:00:00',NULL,NULL,'Exemple de séquence pédagogique.',0),(463,412,13,'VAA60458','2013-10-29','0000-00-00 00:00:00',NULL,NULL,'Exemple de séquence pédagogique.',0),(464,125,13,'VAA60492','2013-10-29','0000-00-00 00:00:00',NULL,NULL,'Exemple de séquence pédagogique.',0),(465,291,13,'VAA60462','2013-11-29','0000-00-00 00:00:00',NULL,NULL,'Exemple de séquence pédagogique.',0),(466,196,13,'VAA60498','2013-11-29','0000-00-00 00:00:00',NULL,NULL,'Exemple de séquence pédagogique.',0),(467,157,13,'VAA60448','2013-11-29','0000-00-00 00:00:00',NULL,NULL,'Exemple de séquence pédagogique.',0),(468,303,13,'VAA60498','2013-11-29','0000-00-00 00:00:00',NULL,NULL,'Exemple de séquence pédagogique.',0),(469,111,13,'VAA60488','2013-12-29','0000-00-00 00:00:00',NULL,NULL,'Exemple de séquence pédagogique.',0),(470,136,13,'VAA60403','2013-12-29','0000-00-00 00:00:00',NULL,NULL,'Exemple de séquence pédagogique.',0),(471,257,13,'VAA60473','2013-12-29','0000-00-00 00:00:00',NULL,NULL,'Exemple de séquence pédagogique.',0),(472,293,14,'VAA60462','2013-01-29','0000-00-00 00:00:00',NULL,NULL,'Exemple de séquence pédagogique.',0),(473,287,14,'VAA60462','2013-01-29','0000-00-00 00:00:00',NULL,NULL,'Exemple de séquence pédagogique.',0),(474,162,14,'VAA60448','2013-01-29','0000-00-00 00:00:00',NULL,NULL,'Exemple de séquence pédagogique.',0),(475,303,14,'VAA60498','0000-00-00','0000-00-00 00:00:00',NULL,NULL,'Exemple de séquence pédagogique.',0),(476,202,14,'VAA60421','0000-00-00','0000-00-00 00:00:00',NULL,NULL,'Exemple de séquence pédagogique.',0),(477,93,14,'VAA60465','2013-03-29','0000-00-00 00:00:00',NULL,NULL,'Exemple de séquence pédagogique.',0),(478,285,14,'VAA60462','2013-03-29','0000-00-00 00:00:00',NULL,NULL,'Exemple de séquence pédagogique.',0),(479,223,14,'VAA60483','2013-04-29','0000-00-00 00:00:00',NULL,NULL,'Exemple de séquence pédagogique.',0),(480,428,14,'VAA60428','2013-04-29','0000-00-00 00:00:00',NULL,NULL,'Exemple de séquence pédagogique.',0),(481,336,14,'VAA60434','2013-04-29','0000-00-00 00:00:00',NULL,NULL,'Exemple de séquence pédagogique.',0),(482,498,14,'VAA60448','2013-05-29','0000-00-00 00:00:00',NULL,NULL,'Exemple de séquence pédagogique.',0),(483,500,14,'VAA60474','2013-05-29','0000-00-00 00:00:00',NULL,NULL,'Exemple de séquence pédagogique.',0),(484,13,14,'VAA60474','2013-05-29','0000-00-00 00:00:00',NULL,NULL,'Exemple de séquence pédagogique.',0),(485,464,14,'VAA60491','2013-06-29','0000-00-00 00:00:00',NULL,NULL,'Exemple de séquence pédagogique.',0),(486,27,14,'VAA60467','2013-06-29','0000-00-00 00:00:00',NULL,NULL,'Exemple de séquence pédagogique.',0),(487,71,14,'VAA60442','2013-06-29','0000-00-00 00:00:00',NULL,NULL,'Exemple de séquence pédagogique.',0),(488,502,14,'VAA60491','2013-07-29','0000-00-00 00:00:00',NULL,NULL,'Exemple de séquence pédagogique.',0),(489,197,14,'VAA60483','2013-07-29','0000-00-00 00:00:00',NULL,NULL,'Exemple de séquence pédagogique.',0),(490,436,14,'VAA60428','2013-07-29','0000-00-00 00:00:00',NULL,NULL,'Exemple de séquence pédagogique.',0),(491,245,14,'VAA60498','2013-08-29','0000-00-00 00:00:00',NULL,NULL,'Exemple de séquence pédagogique.',0),(492,409,14,'VAA60458','2013-08-29','0000-00-00 00:00:00',NULL,NULL,'Exemple de séquence pédagogique.',0),(493,502,14,'VAA60491','2013-08-29','0000-00-00 00:00:00',NULL,NULL,'Exemple de séquence pédagogique.',0),(494,206,14,'VAA60498','2013-09-29','0000-00-00 00:00:00',NULL,NULL,'Exemple de séquence pédagogique.',0),(495,52,14,'VAA60467','2013-09-29','0000-00-00 00:00:00',NULL,NULL,'Exemple de séquence pédagogique.',0),(496,354,14,'VAA60458','2013-09-29','0000-00-00 00:00:00',NULL,NULL,'Exemple de séquence pédagogique.',0),(497,142,14,'VAA60403','2013-09-29','0000-00-00 00:00:00',NULL,NULL,'Exemple de séquence pédagogique.',0),(498,74,14,'VAA60433','2013-10-29','0000-00-00 00:00:00',NULL,NULL,'Exemple de séquence pédagogique.',0),(499,470,14,'VAA60491','2013-10-29','0000-00-00 00:00:00',NULL,NULL,'Exemple de séquence pédagogique.',0),(500,331,14,'VAA60499','2013-10-29','0000-00-00 00:00:00',NULL,NULL,'Exemple de séquence pédagogique.',0),(501,31,14,'VAA60467','2013-10-29','0000-00-00 00:00:00',NULL,NULL,'Exemple de séquence pédagogique.',0),(502,299,14,'VAA60421','2013-11-29','0000-00-00 00:00:00',NULL,NULL,'Exemple de séquence pédagogique.',0),(503,282,14,'VAA60462','2013-11-29','0000-00-00 00:00:00',NULL,NULL,'Exemple de séquence pédagogique.',0),(504,59,14,'VAA60442','2013-11-29','0000-00-00 00:00:00',NULL,NULL,'Exemple de séquence pédagogique.',0),(505,82,14,'VAA60467','2013-11-29','0000-00-00 00:00:00',NULL,NULL,'Exemple de séquence pédagogique.',0),(506,162,14,'VAA60448','2013-12-29','0000-00-00 00:00:00',NULL,NULL,'Exemple de séquence pédagogique.',0),(507,290,14,'VAA60462','2013-12-29','0000-00-00 00:00:00',NULL,NULL,'Exemple de séquence pédagogique.',0),(508,398,14,'VAA60452','2013-12-29','0000-00-00 00:00:00',NULL,NULL,'Exemple de séquence pédagogique.',0),(509,455,15,'VAA60491','2013-01-29','0000-00-00 00:00:00',NULL,NULL,'Exemple de séquence pédagogique.',0),(510,200,15,'VAA60483','2013-01-29','0000-00-00 00:00:00',NULL,NULL,'Exemple de séquence pédagogique.',0),(511,118,15,'VAA60403','2013-01-29','0000-00-00 00:00:00',NULL,NULL,'Exemple de séquence pédagogique.',0),(512,470,15,'VAA60491','0000-00-00','0000-00-00 00:00:00',NULL,NULL,'Exemple de séquence pédagogique.',0),(513,112,15,'VAA60488','0000-00-00','0000-00-00 00:00:00',NULL,NULL,'Exemple de séquence pédagogique.',0),(514,27,15,'VAA60467','0000-00-00','0000-00-00 00:00:00',NULL,NULL,'Exemple de séquence pédagogique.',0),(515,291,15,'VAA60462','0000-00-00','0000-00-00 00:00:00',NULL,NULL,'Exemple de séquence pédagogique.',0),(516,362,15,'VAA60499','2013-03-29','0000-00-00 00:00:00',NULL,NULL,'Exemple de séquence pédagogique.',0),(517,225,15,'VAA60483','2013-03-29','0000-00-00 00:00:00',NULL,NULL,'Exemple de séquence pédagogique.',0),(518,261,15,'VAA60498','2013-04-29','0000-00-00 00:00:00',NULL,NULL,'Exemple de séquence pédagogique.',0),(519,76,15,'VAA60433','2013-04-29','0000-00-00 00:00:00',NULL,NULL,'Exemple de séquence pédagogique.',0),(520,480,15,'VAA60491','2013-05-29','0000-00-00 00:00:00',NULL,NULL,'Exemple de séquence pédagogique.',0),(521,451,15,'VAA60491','2013-05-29','0000-00-00 00:00:00',NULL,NULL,'Exemple de séquence pédagogique.',0),(522,506,15,'VAA60492','2013-05-29','0000-00-00 00:00:00',NULL,NULL,'Exemple de séquence pédagogique.',0),(523,326,15,'VAA60468','2013-05-29','0000-00-00 00:00:00',NULL,NULL,'Exemple de séquence pédagogique.',0),(524,291,15,'VAA60462','2013-06-29','0000-00-00 00:00:00',NULL,NULL,'Exemple de séquence pédagogique.',0),(525,387,15,'VAA60499','2013-06-29','0000-00-00 00:00:00',NULL,NULL,'Exemple de séquence pédagogique.',0),(526,416,15,'VAA60452','2013-07-29','0000-00-00 00:00:00',NULL,NULL,'Exemple de séquence pédagogique.',0),(527,67,15,'VAA60442','2013-07-29','0000-00-00 00:00:00',NULL,NULL,'Exemple de séquence pédagogique.',0),(528,200,15,'VAA60483','2013-07-29','0000-00-00 00:00:00',NULL,NULL,'Exemple de séquence pédagogique.',0),(529,481,15,'VAA60491','2013-07-29','0000-00-00 00:00:00',NULL,NULL,'Exemple de séquence pédagogique.',0),(530,369,15,'VAA60468','2013-08-29','0000-00-00 00:00:00',NULL,NULL,'Exemple de séquence pédagogique.',0),(531,109,15,'VAA60488','2013-08-29','0000-00-00 00:00:00',NULL,NULL,'Exemple de séquence pédagogique.',0),(532,43,15,'VAA60433','2013-09-29','0000-00-00 00:00:00',NULL,NULL,'Exemple de séquence pédagogique.',0),(533,367,15,'VAA60499','2013-09-29','0000-00-00 00:00:00',NULL,NULL,'Exemple de séquence pédagogique.',0),(534,261,15,'VAA60498','2013-09-29','0000-00-00 00:00:00',NULL,NULL,'Exemple de séquence pédagogique.',0),(535,398,15,'VAA60452','2013-09-29','0000-00-00 00:00:00',NULL,NULL,'Exemple de séquence pédagogique.',0),(536,131,15,'VAA60473','2013-10-29','0000-00-00 00:00:00',NULL,NULL,'Exemple de séquence pédagogique.',0),(537,332,15,'VAA60434','2013-10-29','0000-00-00 00:00:00',NULL,NULL,'Exemple de séquence pédagogique.',0),(538,358,15,'VAA60499','2013-10-29','0000-00-00 00:00:00',NULL,NULL,'Exemple de séquence pédagogique.',0),(539,268,15,'VAA60462','2013-11-29','0000-00-00 00:00:00',NULL,NULL,'Exemple de séquence pédagogique.',0),(540,97,15,'VAA60465','2013-11-29','0000-00-00 00:00:00',NULL,NULL,'Exemple de séquence pédagogique.',0),(541,242,15,'VAA60483','2013-11-29','0000-00-00 00:00:00',NULL,NULL,'Exemple de séquence pédagogique.',0),(542,60,15,'VAA60465','2013-11-29','0000-00-00 00:00:00',NULL,NULL,'Exemple de séquence pédagogique.',0),(543,15,15,'VAA60474','2013-12-29','0000-00-00 00:00:00',NULL,NULL,'Exemple de séquence pédagogique.',0),(544,474,15,'VAA60428','2013-12-29','0000-00-00 00:00:00',NULL,NULL,'Exemple de séquence pédagogique.',0),(545,416,15,'VAA60452','2013-12-29','0000-00-00 00:00:00',NULL,NULL,'Exemple de séquence pédagogique.',0),(546,156,15,'VAA60448','2013-12-29','0000-00-00 00:00:00',NULL,NULL,'Exemple de séquence pédagogique.',0),(547,152,16,'VAA60448','2013-01-29','0000-00-00 00:00:00',NULL,NULL,'Exemple de séquence pédagogique.',0),(548,511,16,'VAA60429','2013-01-29','0000-00-00 00:00:00',NULL,NULL,'Exemple de séquence pédagogique.',0),(549,392,16,'VAA60458','0000-00-00','0000-00-00 00:00:00',NULL,NULL,'Exemple de séquence pédagogique.',0),(550,21,16,'VAA60474','0000-00-00','0000-00-00 00:00:00',NULL,NULL,'Exemple de séquence pédagogique.',0),(551,355,16,'VAA60499','2013-03-29','0000-00-00 00:00:00',NULL,NULL,'Exemple de séquence pédagogique.',0),(552,106,16,'VAA60488','2013-03-29','0000-00-00 00:00:00',NULL,NULL,'Exemple de séquence pédagogique.',0),(553,461,16,'VAA60491','2013-03-29','0000-00-00 00:00:00',NULL,NULL,'Exemple de séquence pédagogique.',0),(554,480,16,'VAA60491','2013-03-29','0000-00-00 00:00:00',NULL,NULL,'Exemple de séquence pédagogique.',0),(555,104,16,'VAA60488','2013-04-29','0000-00-00 00:00:00',NULL,NULL,'Exemple de séquence pédagogique.',0),(556,395,16,'VAA60499','2013-04-29','0000-00-00 00:00:00',NULL,NULL,'Exemple de séquence pédagogique.',0),(557,110,16,'VAA60488','2013-04-29','0000-00-00 00:00:00',NULL,NULL,'Exemple de séquence pédagogique.',0),(558,502,16,'VAA60491','2013-04-29','0000-00-00 00:00:00',NULL,NULL,'Exemple de séquence pédagogique.',0),(559,211,16,'VAA60498','2013-05-29','0000-00-00 00:00:00',NULL,NULL,'Exemple de séquence pédagogique.',0),(560,99,16,'VAA60465','2013-05-29','0000-00-00 00:00:00',NULL,NULL,'Exemple de séquence pédagogique.',0),(561,456,16,'VAA60428','2013-06-29','0000-00-00 00:00:00',NULL,NULL,'Exemple de séquence pédagogique.',0),(562,39,16,'VAA60465','2013-06-29','0000-00-00 00:00:00',NULL,NULL,'Exemple de séquence pédagogique.',0),(563,48,16,'VAA60467','2013-06-29','0000-00-00 00:00:00',NULL,NULL,'Exemple de séquence pédagogique.',0),(564,395,16,'VAA60499','2013-07-29','0000-00-00 00:00:00',NULL,NULL,'Exemple de séquence pédagogique.',0),(565,239,16,'VAA60473','2013-07-29','0000-00-00 00:00:00',NULL,NULL,'Exemple de séquence pédagogique.',0),(566,341,16,'VAA60434','2013-07-29','0000-00-00 00:00:00',NULL,NULL,'Exemple de séquence pédagogique.',0),(567,408,16,'VAA60458','2013-07-29','0000-00-00 00:00:00',NULL,NULL,'Exemple de séquence pédagogique.',0),(568,131,16,'VAA60473','2013-08-29','0000-00-00 00:00:00',NULL,NULL,'Exemple de séquence pédagogique.',0),(569,339,16,'VAA60499','2013-08-29','0000-00-00 00:00:00',NULL,NULL,'Exemple de séquence pédagogique.',0),(570,106,16,'VAA60488','2013-08-29','0000-00-00 00:00:00',NULL,NULL,'Exemple de séquence pédagogique.',0),(571,7,16,'VAA60474','2013-09-29','0000-00-00 00:00:00',NULL,NULL,'Exemple de séquence pédagogique.',0),(572,289,16,'VAA60462','2013-09-29','0000-00-00 00:00:00',NULL,NULL,'Exemple de séquence pédagogique.',0),(573,261,16,'VAA60498','2013-09-29','0000-00-00 00:00:00',NULL,NULL,'Exemple de séquence pédagogique.',0),(574,344,16,'VAA60434','2013-10-29','0000-00-00 00:00:00',NULL,NULL,'Exemple de séquence pédagogique.',0),(575,293,16,'VAA60462','2013-10-29','0000-00-00 00:00:00',NULL,NULL,'Exemple de séquence pédagogique.',0),(576,84,16,'VAA60433','2013-10-29','0000-00-00 00:00:00',NULL,NULL,'Exemple de séquence pédagogique.',0),(577,49,16,'VAA60467','2013-11-29','0000-00-00 00:00:00',NULL,NULL,'Exemple de séquence pédagogique.',0),(578,279,16,'VAA60462','2013-11-29','0000-00-00 00:00:00',NULL,NULL,'Exemple de séquence pédagogique.',0),(579,252,16,'VAA60473','2013-11-29','0000-00-00 00:00:00',NULL,NULL,'Exemple de séquence pédagogique.',0),(580,197,16,'VAA60483','2013-12-29','0000-00-00 00:00:00',NULL,NULL,'Exemple de séquence pédagogique.',0),(581,166,16,'VAA60448','2013-12-29','0000-00-00 00:00:00',NULL,NULL,'Exemple de séquence pédagogique.',0),(582,236,16,'VAA60421','2013-12-29','0000-00-00 00:00:00',NULL,NULL,'Exemple de séquence pédagogique.',0),(583,145,17,'VAA60448','2013-01-29','0000-00-00 00:00:00',NULL,NULL,'Exemple de séquence pédagogique.',0),(584,126,17,'VAA60403','2013-01-29','0000-00-00 00:00:00',NULL,NULL,'Exemple de séquence pédagogique.',0),(585,343,17,'VAA60468','2013-01-29','0000-00-00 00:00:00',NULL,NULL,'Exemple de séquence pédagogique.',0),(586,439,17,'VAA60491','2013-01-29','0000-00-00 00:00:00',NULL,NULL,'Exemple de séquence pédagogique.',0),(587,164,17,'VAA60448','0000-00-00','0000-00-00 00:00:00',NULL,NULL,'Exemple de séquence pédagogique.',0),(588,163,17,'VAA60448','0000-00-00','0000-00-00 00:00:00',NULL,NULL,'Exemple de séquence pédagogique.',0),(589,182,17,'VAA60498','0000-00-00','0000-00-00 00:00:00',NULL,NULL,'Exemple de séquence pédagogique.',0),(590,142,17,'VAA60403','2013-03-29','0000-00-00 00:00:00',NULL,NULL,'Exemple de séquence pédagogique.',0),(591,198,17,'VAA60486','2013-03-29','0000-00-00 00:00:00',NULL,NULL,'Exemple de séquence pédagogique.',0),(592,10,17,'VAA60474','2013-04-29','0000-00-00 00:00:00',NULL,NULL,'Exemple de séquence pédagogique.',0),(593,155,17,'VAA60448','2013-04-29','0000-00-00 00:00:00',NULL,NULL,'Exemple de séquence pédagogique.',0),(594,252,17,'VAA60473','2013-05-29','0000-00-00 00:00:00',NULL,NULL,'Exemple de séquence pédagogique.',0),(595,82,17,'VAA60467','2013-05-29','0000-00-00 00:00:00',NULL,NULL,'Exemple de séquence pédagogique.',0),(596,392,17,'VAA60458','2013-06-29','0000-00-00 00:00:00',NULL,NULL,'Exemple de séquence pédagogique.',0),(597,363,17,'VAA60434','2013-06-29','0000-00-00 00:00:00',NULL,NULL,'Exemple de séquence pédagogique.',0),(598,273,17,'VAA60462','2013-06-29','0000-00-00 00:00:00',NULL,NULL,'Exemple de séquence pédagogique.',0),(599,212,17,'VAA60486','2013-07-29','0000-00-00 00:00:00',NULL,NULL,'Exemple de séquence pédagogique.',0),(600,149,17,'VAA60448','2013-07-29','0000-00-00 00:00:00',NULL,NULL,'Exemple de séquence pédagogique.',0),(601,177,17,'VAA60486','2013-07-29','0000-00-00 00:00:00',NULL,NULL,'Exemple de séquence pédagogique.',0),(602,125,17,'VAA60492','2013-07-29','0000-00-00 00:00:00',NULL,NULL,'Exemple de séquence pédagogique.',0),(603,414,17,'VAA60452','2013-08-29','0000-00-00 00:00:00',NULL,NULL,'Exemple de séquence pédagogique.',0),(604,291,17,'VAA60462','2013-08-29','0000-00-00 00:00:00',NULL,NULL,'Exemple de séquence pédagogique.',0),(605,414,17,'VAA60452','2013-08-29','0000-00-00 00:00:00',NULL,NULL,'Exemple de séquence pédagogique.',0),(606,137,17,'VAA60442','2013-08-29','0000-00-00 00:00:00',NULL,NULL,'Exemple de séquence pédagogique.',0),(607,494,17,'VAA60428','2013-09-29','0000-00-00 00:00:00',NULL,NULL,'Exemple de séquence pédagogique.',0),(608,251,17,'VAA60421','2013-09-29','0000-00-00 00:00:00',NULL,NULL,'Exemple de séquence pédagogique.',0),(609,169,17,'VAA60486','2013-10-29','0000-00-00 00:00:00',NULL,NULL,'Exemple de séquence pédagogique.',0),(610,424,17,'VAA60452','2013-10-29','0000-00-00 00:00:00',NULL,NULL,'Exemple de séquence pédagogique.',0),(611,348,17,'VAA60458','2013-10-29','0000-00-00 00:00:00',NULL,NULL,'Exemple de séquence pédagogique.',0),(612,358,17,'VAA60499','2013-11-29','0000-00-00 00:00:00',NULL,NULL,'Exemple de séquence pédagogique.',0),(613,458,17,'VAA60428','2013-11-29','0000-00-00 00:00:00',NULL,NULL,'Exemple de séquence pédagogique.',0),(614,68,17,'VAA60467','2013-11-29','0000-00-00 00:00:00',NULL,NULL,'Exemple de séquence pédagogique.',0),(615,151,17,'VAA60448','2013-11-29','0000-00-00 00:00:00',NULL,NULL,'Exemple de séquence pédagogique.',0),(616,234,17,'VAA60473','2013-12-29','0000-00-00 00:00:00',NULL,NULL,'Exemple de séquence pédagogique.',0),(617,356,17,'VAA60434','2013-12-29','0000-00-00 00:00:00',NULL,NULL,'Exemple de séquence pédagogique.',0),(618,490,18,'VAA60428','2013-01-29','0000-00-00 00:00:00',NULL,NULL,'Exemple de séquence pédagogique.',0),(619,448,18,'VAA60491','2013-01-29','0000-00-00 00:00:00',NULL,NULL,'Exemple de séquence pédagogique.',0),(620,318,18,'VAA60434','2013-01-29','0000-00-00 00:00:00',NULL,NULL,'Exemple de séquence pédagogique.',0),(621,177,18,'VAA60486','2013-01-29','0000-00-00 00:00:00',NULL,NULL,'Exemple de séquence pédagogique.',0),(622,98,18,'VAA60465','0000-00-00','0000-00-00 00:00:00',NULL,NULL,'Exemple de séquence pédagogique.',0),(623,169,18,'VAA60486','0000-00-00','0000-00-00 00:00:00',NULL,NULL,'Exemple de séquence pédagogique.',0),(624,184,18,'VAA60483','0000-00-00','0000-00-00 00:00:00',NULL,NULL,'Exemple de séquence pédagogique.',0),(625,347,18,'VAA60468','0000-00-00','0000-00-00 00:00:00',NULL,NULL,'Exemple de séquence pédagogique.',0),(626,452,18,'VAA60428','2013-03-29','0000-00-00 00:00:00',NULL,NULL,'Exemple de séquence pédagogique.',0),(627,461,18,'VAA60491','2013-03-29','0000-00-00 00:00:00',NULL,NULL,'Exemple de séquence pédagogique.',0),(628,382,18,'VAA60468','2013-03-29','0000-00-00 00:00:00',NULL,NULL,'Exemple de séquence pédagogique.',0),(629,428,18,'VAA60428','2013-03-29','0000-00-00 00:00:00',NULL,NULL,'Exemple de séquence pédagogique.',0),(630,215,18,'VAA60408','2013-04-29','0000-00-00 00:00:00',NULL,NULL,'Exemple de séquence pédagogique.',0),(631,287,18,'VAA60462','2013-04-29','0000-00-00 00:00:00',NULL,NULL,'Exemple de séquence pédagogique.',0),(632,455,18,'VAA60491','2013-04-29','0000-00-00 00:00:00',NULL,NULL,'Exemple de séquence pédagogique.',0),(633,299,18,'VAA60421','2013-05-29','0000-00-00 00:00:00',NULL,NULL,'Exemple de séquence pédagogique.',0),(634,142,18,'VAA60403','2013-05-29','0000-00-00 00:00:00',NULL,NULL,'Exemple de séquence pédagogique.',0),(635,4,18,'VAA60474','2013-06-29','0000-00-00 00:00:00',NULL,NULL,'Exemple de séquence pédagogique.',0),(636,268,18,'VAA60462','2013-06-29','0000-00-00 00:00:00',NULL,NULL,'Exemple de séquence pédagogique.',0),(637,104,18,'VAA60488','2013-06-29','0000-00-00 00:00:00',NULL,NULL,'Exemple de séquence pédagogique.',0),(638,500,18,'VAA60474','2013-07-29','0000-00-00 00:00:00',NULL,NULL,'Exemple de séquence pédagogique.',0),(639,61,18,'VAA60433','2013-07-29','0000-00-00 00:00:00',NULL,NULL,'Exemple de séquence pédagogique.',0),(640,222,18,'VAA60473','2013-07-29','0000-00-00 00:00:00',NULL,NULL,'Exemple de séquence pédagogique.',0),(641,61,18,'VAA60433','2013-08-29','0000-00-00 00:00:00',NULL,NULL,'Exemple de séquence pédagogique.',0),(642,244,18,'VAA60421','2013-08-29','0000-00-00 00:00:00',NULL,NULL,'Exemple de séquence pédagogique.',0),(643,376,18,'VAA60458','2013-09-29','0000-00-00 00:00:00',NULL,NULL,'Exemple de séquence pédagogique.',0),(644,426,18,'VAA60428','2013-09-29','0000-00-00 00:00:00',NULL,NULL,'Exemple de séquence pédagogique.',0),(645,253,18,'VAA60498','2013-09-29','0000-00-00 00:00:00',NULL,NULL,'Exemple de séquence pédagogique.',0),(646,71,18,'VAA60442','2013-09-29','0000-00-00 00:00:00',NULL,NULL,'Exemple de séquence pédagogique.',0),(647,473,18,'VAA60491','2013-10-29','0000-00-00 00:00:00',NULL,NULL,'Exemple de séquence pédagogique.',0),(648,27,18,'VAA60467','2013-10-29','0000-00-00 00:00:00',NULL,NULL,'Exemple de séquence pédagogique.',0),(649,233,18,'VAA60498','2013-10-29','0000-00-00 00:00:00',NULL,NULL,'Exemple de séquence pédagogique.',0),(650,104,18,'VAA60488','2013-10-29','0000-00-00 00:00:00',NULL,NULL,'Exemple de séquence pédagogique.',0),(651,349,18,'VAA60434','2013-11-29','0000-00-00 00:00:00',NULL,NULL,'Exemple de séquence pédagogique.',0),(652,86,18,'VAA60442','2013-11-29','0000-00-00 00:00:00',NULL,NULL,'Exemple de séquence pédagogique.',0),(653,358,18,'VAA60499','2013-11-29','0000-00-00 00:00:00',NULL,NULL,'Exemple de séquence pédagogique.',0),(654,396,18,'VAA60452','2013-11-29','0000-00-00 00:00:00',NULL,NULL,'Exemple de séquence pédagogique.',0),(655,357,18,'VAA60468','2013-12-29','0000-00-00 00:00:00',NULL,NULL,'Exemple de séquence pédagogique.',0),(656,279,18,'VAA60462','2013-12-29','0000-00-00 00:00:00',NULL,NULL,'Exemple de séquence pédagogique.',0),(657,238,19,'VAA60473','2013-01-29','0000-00-00 00:00:00',NULL,NULL,'Exemple de séquence pédagogique.',0),(658,68,19,'VAA60467','2013-01-29','0000-00-00 00:00:00',NULL,NULL,'Exemple de séquence pédagogique.',0),(659,463,19,'VAA60428','0000-00-00','0000-00-00 00:00:00',NULL,NULL,'Exemple de séquence pédagogique.',0),(660,208,19,'VAA60421','0000-00-00','0000-00-00 00:00:00',NULL,NULL,'Exemple de séquence pédagogique.',0),(661,367,19,'VAA60499','2013-03-29','0000-00-00 00:00:00',NULL,NULL,'Exemple de séquence pédagogique.',0),(662,90,19,'VAA60467','2013-03-29','0000-00-00 00:00:00',NULL,NULL,'Exemple de séquence pédagogique.',0),(663,81,19,'VAA60442','2013-03-29','0000-00-00 00:00:00',NULL,NULL,'Exemple de séquence pédagogique.',0),(664,416,19,'VAA60452','2013-04-29','0000-00-00 00:00:00',NULL,NULL,'Exemple de séquence pédagogique.',0),(665,497,19,'VAA60433','2013-04-29','0000-00-00 00:00:00',NULL,NULL,'Exemple de séquence pédagogique.',0),(666,371,19,'VAA60499','2013-04-29','0000-00-00 00:00:00',NULL,NULL,'Exemple de séquence pédagogique.',0),(667,116,19,'VAA60492','2013-04-29','0000-00-00 00:00:00',NULL,NULL,'Exemple de séquence pédagogique.',0),(668,111,19,'VAA60488','2013-05-29','0000-00-00 00:00:00',NULL,NULL,'Exemple de séquence pédagogique.',0),(669,270,19,'VAA60462','2013-05-29','0000-00-00 00:00:00',NULL,NULL,'Exemple de séquence pédagogique.',0),(670,507,19,'VAA60458','2013-06-29','0000-00-00 00:00:00',NULL,NULL,'Exemple de séquence pédagogique.',0),(671,262,19,'VAA60473','2013-06-29','0000-00-00 00:00:00',NULL,NULL,'Exemple de séquence pédagogique.',0),(672,331,19,'VAA60499','2013-06-29','0000-00-00 00:00:00',NULL,NULL,'Exemple de séquence pédagogique.',0),(673,170,19,'VAA60483','2013-06-29','0000-00-00 00:00:00',NULL,NULL,'Exemple de séquence pédagogique.',0),(674,500,19,'VAA60474','2013-07-29','0000-00-00 00:00:00',NULL,NULL,'Exemple de séquence pédagogique.',0),(675,408,19,'VAA60458','2013-07-29','0000-00-00 00:00:00',NULL,NULL,'Exemple de séquence pédagogique.',0),(676,410,19,'VAA60458','2013-07-29','0000-00-00 00:00:00',NULL,NULL,'Exemple de séquence pédagogique.',0),(677,12,19,'VAA60474','2013-08-29','0000-00-00 00:00:00',NULL,NULL,'Exemple de séquence pédagogique.',0),(678,102,19,'VAA60488','2013-08-29','0000-00-00 00:00:00',NULL,NULL,'Exemple de séquence pédagogique.',0),(679,428,19,'VAA60428','2013-08-29','0000-00-00 00:00:00',NULL,NULL,'Exemple de séquence pédagogique.',0),(680,12,19,'VAA60474','2013-09-29','0000-00-00 00:00:00',NULL,NULL,'Exemple de séquence pédagogique.',0),(681,510,19,'VAA60467','2013-09-29','0000-00-00 00:00:00',NULL,NULL,'Exemple de séquence pédagogique.',0),(682,200,19,'VAA60408','2013-09-29','0000-00-00 00:00:00',NULL,NULL,'Exemple de séquence pédagogique.',0),(683,228,19,'VAA60473','2013-09-29','0000-00-00 00:00:00',NULL,NULL,'Exemple de séquence pédagogique.',0),(684,47,19,'VAA60433','2013-10-29','0000-00-00 00:00:00',NULL,NULL,'Exemple de séquence pédagogique.',0),(685,428,19,'VAA60428','2013-10-29','0000-00-00 00:00:00',NULL,NULL,'Exemple de séquence pédagogique.',0),(686,97,19,'VAA60465','2013-10-29','0000-00-00 00:00:00',NULL,NULL,'Exemple de séquence pédagogique.',0),(687,162,19,'VAA60448','2013-10-29','0000-00-00 00:00:00',NULL,NULL,'Exemple de séquence pédagogique.',0),(688,510,19,'VAA60467','2013-11-29','0000-00-00 00:00:00',NULL,NULL,'Exemple de séquence pédagogique.',0),(689,11,19,'VAA60474','2013-11-29','0000-00-00 00:00:00',NULL,NULL,'Exemple de séquence pédagogique.',0),(690,194,19,'VAA60473','2013-11-29','0000-00-00 00:00:00',NULL,NULL,'Exemple de séquence pédagogique.',0),(691,205,19,'VAA60486','2013-11-29','0000-00-00 00:00:00',NULL,NULL,'Exemple de séquence pédagogique.',0),(692,101,19,'VAA60488','2013-12-29','0000-00-00 00:00:00',NULL,NULL,'Exemple de séquence pédagogique.',0),(693,270,19,'VAA60462','2013-12-29','0000-00-00 00:00:00',NULL,NULL,'Exemple de séquence pédagogique.',0),(694,103,20,'VAA60488','2013-01-29','0000-00-00 00:00:00',NULL,NULL,'Exemple de séquence pédagogique.',0),(695,235,20,'VAA60483','2013-01-29','0000-00-00 00:00:00',NULL,NULL,'Exemple de séquence pédagogique.',0),(696,254,20,'VAA60486','0000-00-00','0000-00-00 00:00:00',NULL,NULL,'Exemple de séquence pédagogique.',0),(697,88,20,'VAA60442','0000-00-00','0000-00-00 00:00:00',NULL,NULL,'Exemple de séquence pédagogique.',0),(698,508,20,'VAA60482','0000-00-00','0000-00-00 00:00:00',NULL,NULL,'Exemple de séquence pédagogique.',0),(699,60,20,'VAA60465','0000-00-00','0000-00-00 00:00:00',NULL,NULL,'Exemple de séquence pédagogique.',0),(700,413,20,'VAA60458','2013-03-29','0000-00-00 00:00:00',NULL,NULL,'Exemple de séquence pédagogique.',0),(701,163,20,'VAA60448','2013-03-29','0000-00-00 00:00:00',NULL,NULL,'Exemple de séquence pédagogique.',0),(702,369,20,'VAA60468','2013-04-29','0000-00-00 00:00:00',NULL,NULL,'Exemple de séquence pédagogique.',0),(703,462,20,'VAA60491','2013-04-29','0000-00-00 00:00:00',NULL,NULL,'Exemple de séquence pédagogique.',0),(704,190,20,'VAA60421','2013-04-29','0000-00-00 00:00:00',NULL,NULL,'Exemple de séquence pédagogique.',0),(705,54,20,'VAA60467','2013-04-29','0000-00-00 00:00:00',NULL,NULL,'Exemple de séquence pédagogique.',0),(706,391,20,'VAA60434','2013-05-29','0000-00-00 00:00:00',NULL,NULL,'Exemple de séquence pédagogique.',0),(707,203,20,'VAA60486','2013-05-29','0000-00-00 00:00:00',NULL,NULL,'Exemple de séquence pédagogique.',0),(708,262,20,'VAA60473','2013-06-29','0000-00-00 00:00:00',NULL,NULL,'Exemple de séquence pédagogique.',0),(709,77,20,'VAA60442','2013-06-29','0000-00-00 00:00:00',NULL,NULL,'Exemple de séquence pédagogique.',0),(710,399,20,'VAA60452','2013-07-29','0000-00-00 00:00:00',NULL,NULL,'Exemple de séquence pédagogique.',0),(711,139,20,'VAA60403','2013-07-29','0000-00-00 00:00:00',NULL,NULL,'Exemple de séquence pédagogique.',0),(712,108,20,'VAA60488','2013-07-29','0000-00-00 00:00:00',NULL,NULL,'Exemple de séquence pédagogique.',0),(713,46,20,'VAA60442','2013-07-29','0000-00-00 00:00:00',NULL,NULL,'Exemple de séquence pédagogique.',0),(714,218,20,'VAA60473','2013-08-29','0000-00-00 00:00:00',NULL,NULL,'Exemple de séquence pédagogique.',0),(715,205,20,'VAA60486','2013-08-29','0000-00-00 00:00:00',NULL,NULL,'Exemple de séquence pédagogique.',0),(716,81,20,'VAA60442','2013-08-29','0000-00-00 00:00:00',NULL,NULL,'Exemple de séquence pédagogique.',0),(717,33,20,'VAA60467','2013-09-29','0000-00-00 00:00:00',NULL,NULL,'Exemple de séquence pédagogique.',0),(718,261,20,'VAA60498','2013-09-29','0000-00-00 00:00:00',NULL,NULL,'Exemple de séquence pédagogique.',0),(719,182,20,'VAA60498','2013-09-29','0000-00-00 00:00:00',NULL,NULL,'Exemple de séquence pédagogique.',0),(720,508,20,'VAA60482','2013-10-29','0000-00-00 00:00:00',NULL,NULL,'Exemple de séquence pédagogique.',0),(721,438,20,'VAA60428','2013-10-29','0000-00-00 00:00:00',NULL,NULL,'Exemple de séquence pédagogique.',0),(722,76,20,'VAA60433','2013-10-29','0000-00-00 00:00:00',NULL,NULL,'Exemple de séquence pédagogique.',0),(723,79,20,'VAA60442','2013-10-29','0000-00-00 00:00:00',NULL,NULL,'Exemple de séquence pédagogique.',0),(724,366,20,'VAA60434','2013-11-29','0000-00-00 00:00:00',NULL,NULL,'Exemple de séquence pédagogique.',0),(725,431,20,'VAA60428','2013-11-29','0000-00-00 00:00:00',NULL,NULL,'Exemple de séquence pédagogique.',0),(726,223,20,'VAA60408','2013-11-29','0000-00-00 00:00:00',NULL,NULL,'Exemple de séquence pédagogique.',0),(727,371,20,'VAA60499','2013-12-29','0000-00-00 00:00:00',NULL,NULL,'Exemple de séquence pédagogique.',0),(728,407,20,'VAA60458','2013-12-29','0000-00-00 00:00:00',NULL,NULL,'Exemple de séquence pédagogique.',0),(729,286,21,'VAA60462','2013-01-29','0000-00-00 00:00:00',NULL,NULL,'Exemple de séquence pédagogique.',0),(730,461,21,'VAA60491','2013-01-29','0000-00-00 00:00:00',NULL,NULL,'Exemple de séquence pédagogique.',0),(731,63,21,'VAA60442','2013-01-29','0000-00-00 00:00:00',NULL,NULL,'Exemple de séquence pédagogique.',0),(732,474,21,'VAA60428','0000-00-00','0000-00-00 00:00:00',NULL,NULL,'Exemple de séquence pédagogique.',0),(733,415,21,'VAA60452','0000-00-00','0000-00-00 00:00:00',NULL,NULL,'Exemple de séquence pédagogique.',0),(734,102,21,'VAA60488','2013-03-29','0000-00-00 00:00:00',NULL,NULL,'Exemple de séquence pédagogique.',0),(735,124,21,'VAA60492','2013-03-29','0000-00-00 00:00:00',NULL,NULL,'Exemple de séquence pédagogique.',0),(736,333,21,'VAA60458','2013-04-29','0000-00-00 00:00:00',NULL,NULL,'Exemple de séquence pédagogique.',0),(737,152,21,'VAA60448','2013-04-29','0000-00-00 00:00:00',NULL,NULL,'Exemple de séquence pédagogique.',0),(738,218,21,'VAA60473','2013-04-29','0000-00-00 00:00:00',NULL,NULL,'Exemple de séquence pédagogique.',0),(739,13,21,'VAA60474','2013-04-29','0000-00-00 00:00:00',NULL,NULL,'Exemple de séquence pédagogique.',0),(740,58,21,'VAA60433','2013-05-29','0000-00-00 00:00:00',NULL,NULL,'Exemple de séquence pédagogique.',0),(741,498,21,'VAA60448','2013-05-29','0000-00-00 00:00:00',NULL,NULL,'Exemple de séquence pédagogique.',0),(742,398,21,'VAA60452','2013-05-29','0000-00-00 00:00:00',NULL,NULL,'Exemple de séquence pédagogique.',0),(743,361,21,'VAA60499','2013-05-29','0000-00-00 00:00:00',NULL,NULL,'Exemple de séquence pédagogique.',0),(744,467,21,'VAA60491','2013-06-29','0000-00-00 00:00:00',NULL,NULL,'Exemple de séquence pédagogique.',0),(745,159,21,'VAA60448','2013-06-29','0000-00-00 00:00:00',NULL,NULL,'Exemple de séquence pédagogique.',0),(746,409,21,'VAA60458','2013-07-29','0000-00-00 00:00:00',NULL,NULL,'Exemple de séquence pédagogique.',0),(747,71,21,'VAA60442','2013-07-29','0000-00-00 00:00:00',NULL,NULL,'Exemple de séquence pédagogique.',0),(748,141,21,'VAA60403','2013-08-29','0000-00-00 00:00:00',NULL,NULL,'Exemple de séquence pédagogique.',0),(749,292,21,'VAA60462','2013-08-29','0000-00-00 00:00:00',NULL,NULL,'Exemple de séquence pédagogique.',0),(750,80,21,'VAA60467','2013-08-29','0000-00-00 00:00:00',NULL,NULL,'Exemple de séquence pédagogique.',0),(751,261,21,'VAA60498','2013-08-29','0000-00-00 00:00:00',NULL,NULL,'Exemple de séquence pédagogique.',0),(752,73,21,'VAA60465','2013-09-29','0000-00-00 00:00:00',NULL,NULL,'Exemple de séquence pédagogique.',0),(753,200,21,'VAA60408','2013-09-29','0000-00-00 00:00:00',NULL,NULL,'Exemple de séquence pédagogique.',0),(754,129,21,'VAA60492','2013-09-29','0000-00-00 00:00:00',NULL,NULL,'Exemple de séquence pédagogique.',0),(755,60,21,'VAA60465','2013-09-29','0000-00-00 00:00:00',NULL,NULL,'Exemple de séquence pédagogique.',0),(756,94,21,'VAA60465','2013-10-29','0000-00-00 00:00:00',NULL,NULL,'Exemple de séquence pédagogique.',0),(757,79,21,'VAA60442','2013-10-29','0000-00-00 00:00:00',NULL,NULL,'Exemple de séquence pédagogique.',0),(758,185,21,'VAA60486','2013-11-29','0000-00-00 00:00:00',NULL,NULL,'Exemple de séquence pédagogique.',0),(759,415,21,'VAA60452','2013-11-29','0000-00-00 00:00:00',NULL,NULL,'Exemple de séquence pédagogique.',0),(760,396,21,'VAA60452','2013-11-29','0000-00-00 00:00:00',NULL,NULL,'Exemple de séquence pédagogique.',0),(761,354,21,'VAA60458','2013-11-29','0000-00-00 00:00:00',NULL,NULL,'Exemple de séquence pédagogique.',0),(762,254,21,'VAA60486','2013-12-29','0000-00-00 00:00:00',NULL,NULL,'Exemple de séquence pédagogique.',0),(763,42,21,'VAA60465','2013-12-29','0000-00-00 00:00:00',NULL,NULL,'Exemple de séquence pédagogique.',0),(764,425,22,'VAA60491','2013-01-29','0000-00-00 00:00:00',NULL,NULL,'Exemple de séquence pédagogique.',0),(765,48,22,'VAA60467','2013-01-29','0000-00-00 00:00:00',NULL,NULL,'Exemple de séquence pédagogique.',0),(766,246,22,'VAA60473','0000-00-00','0000-00-00 00:00:00',NULL,NULL,'Exemple de séquence pédagogique.',0),(767,307,22,'VAA60468','0000-00-00','0000-00-00 00:00:00',NULL,NULL,'Exemple de séquence pédagogique.',0),(768,237,22,'VAA60483','0000-00-00','0000-00-00 00:00:00',NULL,NULL,'Exemple de séquence pédagogique.',0),(769,485,22,'VAA60428','2013-03-29','0000-00-00 00:00:00',NULL,NULL,'Exemple de séquence pédagogique.',0),(770,80,22,'VAA60467','2013-03-29','0000-00-00 00:00:00',NULL,NULL,'Exemple de séquence pédagogique.',0),(771,378,22,'VAA60468','2013-04-29','0000-00-00 00:00:00',NULL,NULL,'Exemple de séquence pédagogique.',0),(772,281,22,'VAA60462','2013-04-29','0000-00-00 00:00:00',NULL,NULL,'Exemple de séquence pédagogique.',0),(773,384,22,'VAA60499','2013-05-29','0000-00-00 00:00:00',NULL,NULL,'Exemple de séquence pédagogique.',0),(774,295,22,'VAA60498','2013-05-29','0000-00-00 00:00:00',NULL,NULL,'Exemple de séquence pédagogique.',0),(775,313,22,'VAA60468','2013-05-29','0000-00-00 00:00:00',NULL,NULL,'Exemple de séquence pédagogique.',0),(776,437,22,'VAA60491','2013-06-29','0000-00-00 00:00:00',NULL,NULL,'Exemple de séquence pédagogique.',0),(777,343,22,'VAA60468','2013-06-29','0000-00-00 00:00:00',NULL,NULL,'Exemple de séquence pédagogique.',0),(778,182,22,'VAA60498','2013-07-29','0000-00-00 00:00:00',NULL,NULL,'Exemple de séquence pédagogique.',0),(779,61,22,'VAA60433','2013-07-29','0000-00-00 00:00:00',NULL,NULL,'Exemple de séquence pédagogique.',0),(780,292,22,'VAA60462','2013-07-29','0000-00-00 00:00:00',NULL,NULL,'Exemple de séquence pédagogique.',0),(781,49,22,'VAA60467','2013-07-29','0000-00-00 00:00:00',NULL,NULL,'Exemple de séquence pédagogique.',0),(782,13,22,'VAA60474','2013-08-29','0000-00-00 00:00:00',NULL,NULL,'Exemple de séquence pédagogique.',0),(783,282,22,'VAA60462','2013-08-29','0000-00-00 00:00:00',NULL,NULL,'Exemple de séquence pédagogique.',0),(784,217,22,'VAA60498','2013-08-29','0000-00-00 00:00:00',NULL,NULL,'Exemple de séquence pédagogique.',0),(785,264,22,'VAA60473','2013-08-29','0000-00-00 00:00:00',NULL,NULL,'Exemple de séquence pédagogique.',0),(786,115,22,'VAA60488','2013-09-29','0000-00-00 00:00:00',NULL,NULL,'Exemple de séquence pédagogique.',0),(787,229,22,'VAA60473','2013-09-29','0000-00-00 00:00:00',NULL,NULL,'Exemple de séquence pédagogique.',0),(788,289,22,'VAA60462','2013-09-29','0000-00-00 00:00:00',NULL,NULL,'Exemple de séquence pédagogique.',0),(789,509,22,'VAA60403','2013-09-29','0000-00-00 00:00:00',NULL,NULL,'Exemple de séquence pédagogique.',0),(790,292,22,'VAA60462','2013-10-29','0000-00-00 00:00:00',NULL,NULL,'Exemple de séquence pédagogique.',0),(791,233,22,'VAA60498','2013-10-29','0000-00-00 00:00:00',NULL,NULL,'Exemple de séquence pédagogique.',0),(792,352,22,'VAA60468','2013-11-29','0000-00-00 00:00:00',NULL,NULL,'Exemple de séquence pédagogique.',0),(793,470,22,'VAA60491','2013-11-29','0000-00-00 00:00:00',NULL,NULL,'Exemple de séquence pédagogique.',0),(794,258,22,'VAA60483','2013-11-29','0000-00-00 00:00:00',NULL,NULL,'Exemple de séquence pédagogique.',0),(795,351,22,'VAA60499','2013-11-29','0000-00-00 00:00:00',NULL,NULL,'Exemple de séquence pédagogique.',0),(796,79,22,'VAA60442','2013-12-29','0000-00-00 00:00:00',NULL,NULL,'Exemple de séquence pédagogique.',0),(797,483,22,'VAA60491','2013-12-29','0000-00-00 00:00:00',NULL,NULL,'Exemple de séquence pédagogique.',0),(798,203,23,'VAA60486','2013-01-29','0000-00-00 00:00:00',NULL,NULL,'Exemple de séquence pédagogique.',0),(799,57,23,'VAA60433','2013-01-29','0000-00-00 00:00:00',NULL,NULL,'Exemple de séquence pédagogique.',0),(800,264,23,'VAA60473','2013-01-29','0000-00-00 00:00:00',NULL,NULL,'Exemple de séquence pédagogique.',0),(801,444,23,'VAA60428','0000-00-00','0000-00-00 00:00:00',NULL,NULL,'Exemple de séquence pédagogique.',0),(802,157,23,'VAA60448','0000-00-00','0000-00-00 00:00:00',NULL,NULL,'Exemple de séquence pédagogique.',0),(803,268,23,'VAA60462','0000-00-00','0000-00-00 00:00:00',NULL,NULL,'Exemple de séquence pédagogique.',0),(804,102,23,'VAA60488','0000-00-00','0000-00-00 00:00:00',NULL,NULL,'Exemple de séquence pédagogique.',0),(805,489,23,'VAA60491','2013-03-29','0000-00-00 00:00:00',NULL,NULL,'Exemple de séquence pédagogique.',0),(806,263,23,'VAA60473','2013-03-29','0000-00-00 00:00:00',NULL,NULL,'Exemple de séquence pédagogique.',0),(807,430,23,'VAA60491','2013-03-29','0000-00-00 00:00:00',NULL,NULL,'Exemple de séquence pédagogique.',0),(808,355,23,'VAA60499','2013-04-29','0000-00-00 00:00:00',NULL,NULL,'Exemple de séquence pédagogique.',0),(809,177,23,'VAA60486','2013-04-29','0000-00-00 00:00:00',NULL,NULL,'Exemple de séquence pédagogique.',0),(810,124,23,'VAA60492','2013-04-29','0000-00-00 00:00:00',NULL,NULL,'Exemple de séquence pédagogique.',0),(811,410,23,'VAA60458','2013-04-29','0000-00-00 00:00:00',NULL,NULL,'Exemple de séquence pédagogique.',0),(812,444,23,'VAA60428','2013-05-29','0000-00-00 00:00:00',NULL,NULL,'Exemple de séquence pédagogique.',0),(813,167,23,'VAA60448','2013-05-29','0000-00-00 00:00:00',NULL,NULL,'Exemple de séquence pédagogique.',0),(814,284,23,'VAA60462','2013-05-29','0000-00-00 00:00:00',NULL,NULL,'Exemple de séquence pédagogique.',0),(815,294,23,'VAA60421','2013-05-29','0000-00-00 00:00:00',NULL,NULL,'Exemple de séquence pédagogique.',0),(816,361,23,'VAA60499','2013-06-29','0000-00-00 00:00:00',NULL,NULL,'Exemple de séquence pédagogique.',0),(817,245,23,'VAA60498','2013-06-29','0000-00-00 00:00:00',NULL,NULL,'Exemple de séquence pédagogique.',0),(818,196,23,'VAA60498','2013-07-29','0000-00-00 00:00:00',NULL,NULL,'Exemple de séquence pédagogique.',0),(819,469,23,'VAA60428','2013-07-29','0000-00-00 00:00:00',NULL,NULL,'Exemple de séquence pédagogique.',0),(820,329,23,'VAA60434','2013-08-29','0000-00-00 00:00:00',NULL,NULL,'Exemple de séquence pédagogique.',0),(821,134,23,'VAA60442','2013-08-29','0000-00-00 00:00:00',NULL,NULL,'Exemple de séquence pédagogique.',0),(822,110,23,'VAA60488','2013-09-29','0000-00-00 00:00:00',NULL,NULL,'Exemple de séquence pédagogique.',0),(823,284,23,'VAA60462','2013-09-29','0000-00-00 00:00:00',NULL,NULL,'Exemple de séquence pédagogique.',0),(824,423,23,'VAA60452','2013-09-29','0000-00-00 00:00:00',NULL,NULL,'Exemple de séquence pédagogique.',0),(825,414,23,'VAA60452','2013-10-29','0000-00-00 00:00:00',NULL,NULL,'Exemple de séquence pédagogique.',0),(826,386,23,'VAA60434','2013-10-29','0000-00-00 00:00:00',NULL,NULL,'Exemple de séquence pédagogique.',0),(827,219,23,'VAA60483','2013-10-29','0000-00-00 00:00:00',NULL,NULL,'Exemple de séquence pédagogique.',0),(828,312,23,'VAA60434','2013-10-29','0000-00-00 00:00:00',NULL,NULL,'Exemple de séquence pédagogique.',0),(829,402,23,'VAA60452','2013-11-29','0000-00-00 00:00:00',NULL,NULL,'Exemple de séquence pédagogique.',0),(830,164,23,'VAA60448','2013-11-29','0000-00-00 00:00:00',NULL,NULL,'Exemple de séquence pédagogique.',0),(831,113,23,'VAA60488','2013-11-29','0000-00-00 00:00:00',NULL,NULL,'Exemple de séquence pédagogique.',0),(832,279,23,'VAA60462','2013-11-29','0000-00-00 00:00:00',NULL,NULL,'Exemple de séquence pédagogique.',0),(833,182,23,'VAA60498','2013-12-29','0000-00-00 00:00:00',NULL,NULL,'Exemple de séquence pédagogique.',0),(834,474,23,'VAA60428','2013-12-29','0000-00-00 00:00:00',NULL,NULL,'Exemple de séquence pédagogique.',0),(835,253,23,'VAA60498','2013-12-29','0000-00-00 00:00:00',NULL,NULL,'Exemple de séquence pédagogique.',0),(836,141,23,'VAA60403','2013-12-29','0000-00-00 00:00:00',NULL,NULL,'Exemple de séquence pédagogique.',0),(837,105,24,'VAA60488','2013-01-29','0000-00-00 00:00:00',NULL,NULL,'Exemple de séquence pédagogique.',0),(838,302,24,'VAA60498','2013-01-29','0000-00-00 00:00:00',NULL,NULL,'Exemple de séquence pédagogique.',0),(839,407,24,'VAA60458','0000-00-00','0000-00-00 00:00:00',NULL,NULL,'Exemple de séquence pédagogique.',0),(840,24,24,'VAA60474','0000-00-00','0000-00-00 00:00:00',NULL,NULL,'Exemple de séquence pédagogique.',0),(841,376,24,'VAA60458','0000-00-00','0000-00-00 00:00:00',NULL,NULL,'Exemple de séquence pédagogique.',0),(842,340,24,'VAA60458','0000-00-00','0000-00-00 00:00:00',NULL,NULL,'Exemple de séquence pédagogique.',0),(843,503,24,'VAA60488','2013-03-29','0000-00-00 00:00:00',NULL,NULL,'Exemple de séquence pédagogique.',0),(844,1,24,'VAA60474','2013-03-29','0000-00-00 00:00:00',NULL,NULL,'Exemple de séquence pédagogique.',0),(845,23,24,'VAA60474','2013-04-29','0000-00-00 00:00:00',NULL,NULL,'Exemple de séquence pédagogique.',0),(846,407,24,'VAA60458','2013-04-29','0000-00-00 00:00:00',NULL,NULL,'Exemple de séquence pédagogique.',0),(847,460,24,'VAA60428','2013-04-29','0000-00-00 00:00:00',NULL,NULL,'Exemple de séquence pédagogique.',0),(848,257,24,'VAA60473','2013-05-29','0000-00-00 00:00:00',NULL,NULL,'Exemple de séquence pédagogique.',0),(849,87,24,'VAA60442','2013-05-29','0000-00-00 00:00:00',NULL,NULL,'Exemple de séquence pédagogique.',0),(850,284,24,'VAA60462','2013-05-29','0000-00-00 00:00:00',NULL,NULL,'Exemple de séquence pédagogique.',0),(851,383,24,'VAA60468','2013-06-29','0000-00-00 00:00:00',NULL,NULL,'Exemple de séquence pédagogique.',0),(852,26,24,'VAA60433','2013-06-29','0000-00-00 00:00:00',NULL,NULL,'Exemple de séquence pédagogique.',0),(853,260,24,'VAA60483','2013-06-29','0000-00-00 00:00:00',NULL,NULL,'Exemple de séquence pédagogique.',0),(854,397,24,'VAA60452','2013-06-29','0000-00-00 00:00:00',NULL,NULL,'Exemple de séquence pédagogique.',0),(855,105,24,'VAA60488','2013-07-29','0000-00-00 00:00:00',NULL,NULL,'Exemple de séquence pédagogique.',0),(856,201,24,'VAA60473','2013-07-29','0000-00-00 00:00:00',NULL,NULL,'Exemple de séquence pédagogique.',0),(857,275,24,'VAA60462','2013-07-29','0000-00-00 00:00:00',NULL,NULL,'Exemple de séquence pédagogique.',0),(858,362,24,'VAA60499','2013-08-29','0000-00-00 00:00:00',NULL,NULL,'Exemple de séquence pédagogique.',0),(859,74,24,'VAA60433','2013-08-29','0000-00-00 00:00:00',NULL,NULL,'Exemple de séquence pédagogique.',0),(860,173,24,'VAA60483','2013-09-29','0000-00-00 00:00:00',NULL,NULL,'Exemple de séquence pédagogique.',0),(861,408,24,'VAA60458','2013-09-29','0000-00-00 00:00:00',NULL,NULL,'Exemple de séquence pédagogique.',0),(862,140,24,'VAA60492','2013-10-29','0000-00-00 00:00:00',NULL,NULL,'Exemple de séquence pédagogique.',0),(863,481,24,'VAA60491','2013-10-29','0000-00-00 00:00:00',NULL,NULL,'Exemple de séquence pédagogique.',0),(864,107,24,'VAA60488','2013-11-29','0000-00-00 00:00:00',NULL,NULL,'Exemple de séquence pédagogique.',0),(865,261,24,'VAA60498','2013-11-29','0000-00-00 00:00:00',NULL,NULL,'Exemple de séquence pédagogique.',0),(866,455,24,'VAA60491','2013-12-29','0000-00-00 00:00:00',NULL,NULL,'Exemple de séquence pédagogique.',0),(867,201,24,'VAA60473','2013-12-29','0000-00-00 00:00:00',NULL,NULL,'Exemple de séquence pédagogique.',0),(868,4,25,'VAA60474','2013-01-29','0000-00-00 00:00:00',NULL,NULL,'Exemple de séquence pédagogique.',0),(869,416,25,'VAA60452','2013-01-29','0000-00-00 00:00:00',NULL,NULL,'Exemple de séquence pédagogique.',0),(870,291,25,'VAA60462','0000-00-00','0000-00-00 00:00:00',NULL,NULL,'Exemple de séquence pédagogique.',0),(871,49,25,'VAA60467','0000-00-00','0000-00-00 00:00:00',NULL,NULL,'Exemple de séquence pédagogique.',0),(872,42,25,'VAA60465','2013-03-29','0000-00-00 00:00:00',NULL,NULL,'Exemple de séquence pédagogique.',0),(873,463,25,'VAA60428','2013-03-29','0000-00-00 00:00:00',NULL,NULL,'Exemple de séquence pédagogique.',0),(874,366,25,'VAA60434','2013-03-29','0000-00-00 00:00:00',NULL,NULL,'Exemple de séquence pédagogique.',0),(875,290,25,'VAA60462','2013-04-29','0000-00-00 00:00:00',NULL,NULL,'Exemple de séquence pédagogique.',0),(876,292,25,'VAA60462','2013-04-29','0000-00-00 00:00:00',NULL,NULL,'Exemple de séquence pédagogique.',0),(877,157,25,'VAA60448','2013-05-29','0000-00-00 00:00:00',NULL,NULL,'Exemple de séquence pédagogique.',0),(878,455,25,'VAA60491','2013-05-29','0000-00-00 00:00:00',NULL,NULL,'Exemple de séquence pédagogique.',0),(879,425,25,'VAA60491','2013-06-29','0000-00-00 00:00:00',NULL,NULL,'Exemple de séquence pédagogique.',0),(880,40,25,'VAA60442','2013-06-29','0000-00-00 00:00:00',NULL,NULL,'Exemple de séquence pédagogique.',0),(881,95,25,'VAA60465','2013-06-29','0000-00-00 00:00:00',NULL,NULL,'Exemple de séquence pédagogique.',0),(882,351,25,'VAA60499','2013-07-29','0000-00-00 00:00:00',NULL,NULL,'Exemple de séquence pédagogique.',0),(883,236,25,'VAA60421','2013-07-29','0000-00-00 00:00:00',NULL,NULL,'Exemple de séquence pédagogique.',0),(884,397,25,'VAA60452','2013-07-29','0000-00-00 00:00:00',NULL,NULL,'Exemple de séquence pédagogique.',0),(885,64,25,'VAA60467','2013-07-29','0000-00-00 00:00:00',NULL,NULL,'Exemple de séquence pédagogique.',0),(886,197,25,'VAA60483','2013-08-29','0000-00-00 00:00:00',NULL,NULL,'Exemple de séquence pédagogique.',0),(887,263,25,'VAA60473','2013-08-29','0000-00-00 00:00:00',NULL,NULL,'Exemple de séquence pédagogique.',0),(888,420,25,'VAA60452','2013-09-29','0000-00-00 00:00:00',NULL,NULL,'Exemple de séquence pédagogique.',0),(889,338,25,'VAA60458','2013-09-29','0000-00-00 00:00:00',NULL,NULL,'Exemple de séquence pédagogique.',0),(890,223,25,'VAA60483','2013-09-29','0000-00-00 00:00:00',NULL,NULL,'Exemple de séquence pédagogique.',0),(891,302,25,'VAA60498','2013-09-29','0000-00-00 00:00:00',NULL,NULL,'Exemple de séquence pédagogique.',0),(892,39,25,'VAA60465','2013-10-29','0000-00-00 00:00:00',NULL,NULL,'Exemple de séquence pédagogique.',0),(893,389,25,'VAA60434','2013-10-29','0000-00-00 00:00:00',NULL,NULL,'Exemple de séquence pédagogique.',0),(894,385,25,'VAA60434','2013-10-29','0000-00-00 00:00:00',NULL,NULL,'Exemple de séquence pédagogique.',0),(895,361,25,'VAA60499','2013-11-29','0000-00-00 00:00:00',NULL,NULL,'Exemple de séquence pédagogique.',0),(896,200,25,'VAA60408','2013-11-29','0000-00-00 00:00:00',NULL,NULL,'Exemple de séquence pédagogique.',0),(897,424,25,'VAA60452','2013-11-29','0000-00-00 00:00:00',NULL,NULL,'Exemple de séquence pédagogique.',0),(898,156,25,'VAA60448','2013-12-29','0000-00-00 00:00:00',NULL,NULL,'Exemple de séquence pédagogique.',0),(899,142,25,'VAA60403','2013-12-29','0000-00-00 00:00:00',NULL,NULL,'Exemple de séquence pédagogique.',0),(900,288,25,'VAA60462','2013-12-29','0000-00-00 00:00:00',NULL,NULL,'Exemple de séquence pédagogique.',0),(901,150,26,'VAA60448','2013-01-29','0000-00-00 00:00:00',NULL,NULL,'Exemple de séquence pédagogique.',0),(902,391,26,'VAA60434','2013-01-29','0000-00-00 00:00:00',NULL,NULL,'Exemple de séquence pédagogique.',0),(903,161,26,'VAA60448','2013-01-29','0000-00-00 00:00:00',NULL,NULL,'Exemple de séquence pédagogique.',0),(904,203,26,'VAA60486','0000-00-00','0000-00-00 00:00:00',NULL,NULL,'Exemple de séquence pédagogique.',0),(905,296,26,'VAA60498','0000-00-00','0000-00-00 00:00:00',NULL,NULL,'Exemple de séquence pédagogique.',0),(906,175,26,'VAA60473','2013-03-29','0000-00-00 00:00:00',NULL,NULL,'Exemple de séquence pédagogique.',0),(907,212,26,'VAA60486','2013-03-29','0000-00-00 00:00:00',NULL,NULL,'Exemple de séquence pédagogique.',0),(908,431,26,'VAA60428','2013-03-29','0000-00-00 00:00:00',NULL,NULL,'Exemple de séquence pédagogique.',0),(909,44,26,'VAA60467','2013-04-29','0000-00-00 00:00:00',NULL,NULL,'Exemple de séquence pédagogique.',0),(910,509,26,'VAA60403','2013-04-29','0000-00-00 00:00:00',NULL,NULL,'Exemple de séquence pédagogique.',0),(911,156,26,'VAA60448','2013-05-29','0000-00-00 00:00:00',NULL,NULL,'Exemple de séquence pédagogique.',0),(912,8,26,'VAA60474','2013-05-29','0000-00-00 00:00:00',NULL,NULL,'Exemple de séquence pédagogique.',0),(913,333,26,'VAA60458','2013-05-29','0000-00-00 00:00:00',NULL,NULL,'Exemple de séquence pédagogique.',0),(914,438,26,'VAA60428','2013-06-29','0000-00-00 00:00:00',NULL,NULL,'Exemple de séquence pédagogique.',0),(915,485,26,'VAA60428','2013-06-29','0000-00-00 00:00:00',NULL,NULL,'Exemple de séquence pédagogique.',0),(916,195,26,'VAA60408','2013-06-29','0000-00-00 00:00:00',NULL,NULL,'Exemple de séquence pédagogique.',0),(917,57,26,'VAA60433','2013-06-29','0000-00-00 00:00:00',NULL,NULL,'Exemple de séquence pédagogique.',0),(918,380,26,'VAA60468','2013-07-29','0000-00-00 00:00:00',NULL,NULL,'Exemple de séquence pédagogique.',0),(919,240,26,'VAA60483','2013-07-29','0000-00-00 00:00:00',NULL,NULL,'Exemple de séquence pédagogique.',0),(920,222,26,'VAA60473','2013-07-29','0000-00-00 00:00:00',NULL,NULL,'Exemple de séquence pédagogique.',0),(921,179,26,'VAA60483','2013-07-29','0000-00-00 00:00:00',NULL,NULL,'Exemple de séquence pédagogique.',0),(922,159,26,'VAA60448','2013-08-29','0000-00-00 00:00:00',NULL,NULL,'Exemple de séquence pédagogique.',0),(923,370,26,'VAA60434','2013-08-29','0000-00-00 00:00:00',NULL,NULL,'Exemple de séquence pédagogique.',0),(924,112,26,'VAA60488','2013-08-29','0000-00-00 00:00:00',NULL,NULL,'Exemple de séquence pédagogique.',0),(925,403,26,'VAA60458','2013-08-29','0000-00-00 00:00:00',NULL,NULL,'Exemple de séquence pédagogique.',0),(926,477,26,'VAA60491','2013-09-29','0000-00-00 00:00:00',NULL,NULL,'Exemple de séquence pédagogique.',0),(927,415,26,'VAA60452','2013-09-29','0000-00-00 00:00:00',NULL,NULL,'Exemple de séquence pédagogique.',0),(928,140,26,'VAA60492','2013-09-29','0000-00-00 00:00:00',NULL,NULL,'Exemple de séquence pédagogique.',0),(929,149,26,'VAA60448','2013-09-29','0000-00-00 00:00:00',NULL,NULL,'Exemple de séquence pédagogique.',0),(930,375,26,'VAA60434','2013-10-29','0000-00-00 00:00:00',NULL,NULL,'Exemple de séquence pédagogique.',0),(931,177,26,'VAA60486','2013-10-29','0000-00-00 00:00:00',NULL,NULL,'Exemple de séquence pédagogique.',0),(932,222,26,'VAA60473','2013-10-29','0000-00-00 00:00:00',NULL,NULL,'Exemple de séquence pédagogique.',0),(933,289,26,'VAA60462','2013-11-29','0000-00-00 00:00:00',NULL,NULL,'Exemple de séquence pédagogique.',0),(934,296,26,'VAA60498','2013-11-29','0000-00-00 00:00:00',NULL,NULL,'Exemple de séquence pédagogique.',0),(935,255,26,'VAA60486','2013-11-29','0000-00-00 00:00:00',NULL,NULL,'Exemple de séquence pédagogique.',0),(936,406,26,'VAA60458','2013-11-29','0000-00-00 00:00:00',NULL,NULL,'Exemple de séquence pédagogique.',0),(937,457,26,'VAA60491','2013-12-29','0000-00-00 00:00:00',NULL,NULL,'Exemple de séquence pédagogique.',0),(938,344,26,'VAA60434','2013-12-29','0000-00-00 00:00:00',NULL,NULL,'Exemple de séquence pédagogique.',0),(939,97,27,'VAA60465','2013-01-29','0000-00-00 00:00:00',NULL,NULL,'Exemple de séquence pédagogique.',0),(940,68,27,'VAA60467','2013-01-29','0000-00-00 00:00:00',NULL,NULL,'Exemple de séquence pédagogique.',0),(941,117,27,'VAA60492','2013-01-29','0000-00-00 00:00:00',NULL,NULL,'Exemple de séquence pédagogique.',0),(942,46,27,'VAA60442','0000-00-00','0000-00-00 00:00:00',NULL,NULL,'Exemple de séquence pédagogique.',0),(943,225,27,'VAA60483','0000-00-00','0000-00-00 00:00:00',NULL,NULL,'Exemple de séquence pédagogique.',0),(944,378,27,'VAA60468','0000-00-00','0000-00-00 00:00:00',NULL,NULL,'Exemple de séquence pédagogique.',0),(945,95,27,'VAA60465','2013-03-29','0000-00-00 00:00:00',NULL,NULL,'Exemple de séquence pédagogique.',0),(946,282,27,'VAA60462','2013-03-29','0000-00-00 00:00:00',NULL,NULL,'Exemple de séquence pédagogique.',0),(947,224,27,'VAA60473','2013-03-29','0000-00-00 00:00:00',NULL,NULL,'Exemple de séquence pédagogique.',0),(948,139,27,'VAA60403','2013-04-29','0000-00-00 00:00:00',NULL,NULL,'Exemple de séquence pédagogique.',0),(949,228,27,'VAA60473','2013-04-29','0000-00-00 00:00:00',NULL,NULL,'Exemple de séquence pédagogique.',0),(950,134,27,'VAA60442','2013-04-29','0000-00-00 00:00:00',NULL,NULL,'Exemple de séquence pédagogique.',0),(951,329,27,'VAA60434','2013-05-29','0000-00-00 00:00:00',NULL,NULL,'Exemple de séquence pédagogique.',0),(952,156,27,'VAA60448','2013-05-29','0000-00-00 00:00:00',NULL,NULL,'Exemple de séquence pédagogique.',0),(953,167,27,'VAA60448','2013-05-29','0000-00-00 00:00:00',NULL,NULL,'Exemple de séquence pédagogique.',0),(954,52,27,'VAA60467','2013-05-29','0000-00-00 00:00:00',NULL,NULL,'Exemple de séquence pédagogique.',0),(955,278,27,'VAA60462','2013-06-29','0000-00-00 00:00:00',NULL,NULL,'Exemple de séquence pédagogique.',0),(956,12,27,'VAA60474','2013-06-29','0000-00-00 00:00:00',NULL,NULL,'Exemple de séquence pédagogique.',0),(957,202,27,'VAA60421','2013-06-29','0000-00-00 00:00:00',NULL,NULL,'Exemple de séquence pédagogique.',0),(958,47,27,'VAA60433','2013-07-29','0000-00-00 00:00:00',NULL,NULL,'Exemple de séquence pédagogique.',0),(959,158,27,'VAA60448','2013-07-29','0000-00-00 00:00:00',NULL,NULL,'Exemple de séquence pédagogique.',0),(960,469,27,'VAA60428','2013-07-29','0000-00-00 00:00:00',NULL,NULL,'Exemple de séquence pédagogique.',0),(961,230,27,'VAA60498','2013-07-29','0000-00-00 00:00:00',NULL,NULL,'Exemple de séquence pédagogique.',0),(962,352,27,'VAA60468','2013-08-29','0000-00-00 00:00:00',NULL,NULL,'Exemple de séquence pédagogique.',0),(963,89,27,'VAA60467','2013-08-29','0000-00-00 00:00:00',NULL,NULL,'Exemple de séquence pédagogique.',0),(964,428,27,'VAA60428','2013-09-29','0000-00-00 00:00:00',NULL,NULL,'Exemple de séquence pédagogique.',0),(965,462,27,'VAA60491','2013-09-29','0000-00-00 00:00:00',NULL,NULL,'Exemple de séquence pédagogique.',0),(966,389,27,'VAA60434','2013-10-29','0000-00-00 00:00:00',NULL,NULL,'Exemple de séquence pédagogique.',0),(967,510,27,'VAA60467','2013-10-29','0000-00-00 00:00:00',NULL,NULL,'Exemple de séquence pédagogique.',0),(968,502,27,'VAA60491','2013-10-29','0000-00-00 00:00:00',NULL,NULL,'Exemple de séquence pédagogique.',0),(969,9,27,'VAA60474','2013-10-29','0000-00-00 00:00:00',NULL,NULL,'Exemple de séquence pédagogique.',0),(970,439,27,'VAA60491','2013-11-29','0000-00-00 00:00:00',NULL,NULL,'Exemple de séquence pédagogique.',0),(971,355,27,'VAA60499','2013-11-29','0000-00-00 00:00:00',NULL,NULL,'Exemple de séquence pédagogique.',0),(972,235,27,'VAA60483','2013-11-29','0000-00-00 00:00:00',NULL,NULL,'Exemple de séquence pédagogique.',0),(973,199,27,'VAA60486','2013-12-29','0000-00-00 00:00:00',NULL,NULL,'Exemple de séquence pédagogique.',0),(974,485,27,'VAA60428','2013-12-29','0000-00-00 00:00:00',NULL,NULL,'Exemple de séquence pédagogique.',0),(975,13,28,'VAA60474','2013-01-29','0000-00-00 00:00:00',NULL,NULL,'Exemple de séquence pédagogique.',0),(976,451,28,'VAA60491','2013-01-29','0000-00-00 00:00:00',NULL,NULL,'Exemple de séquence pédagogique.',0),(977,169,28,'VAA60486','0000-00-00','0000-00-00 00:00:00',NULL,NULL,'Exemple de séquence pédagogique.',0),(978,252,28,'VAA60473','0000-00-00','0000-00-00 00:00:00',NULL,NULL,'Exemple de séquence pédagogique.',0),(979,265,28,'VAA60473','2013-03-29','0000-00-00 00:00:00',NULL,NULL,'Exemple de séquence pédagogique.',0),(980,62,28,'VAA60467','2013-03-29','0000-00-00 00:00:00',NULL,NULL,'Exemple de séquence pédagogique.',0),(981,98,28,'VAA60465','2013-03-29','0000-00-00 00:00:00',NULL,NULL,'Exemple de séquence pédagogique.',0),(982,357,28,'VAA60468','2013-03-29','0000-00-00 00:00:00',NULL,NULL,'Exemple de séquence pédagogique.',0),(983,426,28,'VAA60428','2013-04-29','0000-00-00 00:00:00',NULL,NULL,'Exemple de séquence pédagogique.',0),(984,510,28,'VAA60467','2013-04-29','0000-00-00 00:00:00',NULL,NULL,'Exemple de séquence pédagogique.',0),(985,488,28,'VAA60491','2013-04-29','0000-00-00 00:00:00',NULL,NULL,'Exemple de séquence pédagogique.',0),(986,210,28,'VAA60421','2013-05-29','0000-00-00 00:00:00',NULL,NULL,'Exemple de séquence pédagogique.',0),(987,104,28,'VAA60488','2013-05-29','0000-00-00 00:00:00',NULL,NULL,'Exemple de séquence pédagogique.',0),(988,224,28,'VAA60473','2013-06-29','0000-00-00 00:00:00',NULL,NULL,'Exemple de séquence pédagogique.',0),(989,103,28,'VAA60488','2013-06-29','0000-00-00 00:00:00',NULL,NULL,'Exemple de séquence pédagogique.',0),(990,288,28,'VAA60462','2013-07-29','0000-00-00 00:00:00',NULL,NULL,'Exemple de séquence pédagogique.',0),(991,341,28,'VAA60434','2013-07-29','0000-00-00 00:00:00',NULL,NULL,'Exemple de séquence pédagogique.',0),(992,376,28,'VAA60458','2013-07-29','0000-00-00 00:00:00',NULL,NULL,'Exemple de séquence pédagogique.',0),(993,99,28,'VAA60465','2013-07-29','0000-00-00 00:00:00',NULL,NULL,'Exemple de séquence pédagogique.',0),(994,230,28,'VAA60498','2013-08-29','0000-00-00 00:00:00',NULL,NULL,'Exemple de séquence pédagogique.',0),(995,151,28,'VAA60448','2013-08-29','0000-00-00 00:00:00',NULL,NULL,'Exemple de séquence pédagogique.',0),(996,236,28,'VAA60421','2013-08-29','0000-00-00 00:00:00',NULL,NULL,'Exemple de séquence pédagogique.',0),(997,39,28,'VAA60465','2013-09-29','0000-00-00 00:00:00',NULL,NULL,'Exemple de séquence pédagogique.',0),(998,419,28,'VAA60458','2013-09-29','0000-00-00 00:00:00',NULL,NULL,'Exemple de séquence pédagogique.',0),(999,142,28,'VAA60403','2013-09-29','0000-00-00 00:00:00',NULL,NULL,'Exemple de séquence pédagogique.',0),(1000,378,28,'VAA60468','2013-09-29','0000-00-00 00:00:00',NULL,NULL,'Exemple de séquence pédagogique.',0),(1001,486,28,'VAA60491','2013-10-29','0000-00-00 00:00:00',NULL,NULL,'Exemple de séquence pédagogique.',0),(1002,8,28,'VAA60474','2013-10-29','0000-00-00 00:00:00',NULL,NULL,'Exemple de séquence pédagogique.',0),(1003,78,28,'VAA60433','2013-10-29','0000-00-00 00:00:00',NULL,NULL,'Exemple de séquence pédagogique.',0),(1004,408,28,'VAA60458','2013-11-29','0000-00-00 00:00:00',NULL,NULL,'Exemple de séquence pédagogique.',0),(1005,42,28,'VAA60465','2013-11-29','0000-00-00 00:00:00',NULL,NULL,'Exemple de séquence pédagogique.',0),(1006,99,28,'VAA60465','2013-12-29','0000-00-00 00:00:00',NULL,NULL,'Exemple de séquence pédagogique.',0),(1007,351,28,'VAA60499','2013-12-29','0000-00-00 00:00:00',NULL,NULL,'Exemple de séquence pédagogique.',0),(1008,149,28,'VAA60448','2013-12-29','0000-00-00 00:00:00',NULL,NULL,'Exemple de séquence pédagogique.',0),(1009,83,29,'VAA60467','2013-01-29','0000-00-00 00:00:00',NULL,NULL,'Exemple de séquence pédagogique.',0),(1010,42,29,'VAA60465','2013-01-29','0000-00-00 00:00:00',NULL,NULL,'Exemple de séquence pédagogique.',0),(1011,394,29,'VAA60499','2013-01-29','0000-00-00 00:00:00',NULL,NULL,'Exemple de séquence pédagogique.',0),(1012,235,29,'VAA60483','0000-00-00','0000-00-00 00:00:00',NULL,NULL,'Exemple de séquence pédagogique.',0),(1013,301,29,'VAA60498','0000-00-00','0000-00-00 00:00:00',NULL,NULL,'Exemple de séquence pédagogique.',0),(1014,64,29,'VAA60467','2013-03-29','0000-00-00 00:00:00',NULL,NULL,'Exemple de séquence pédagogique.',0),(1015,511,29,'VAA60429','2013-03-29','0000-00-00 00:00:00',NULL,NULL,'Exemple de séquence pédagogique.',0),(1016,93,29,'VAA60465','2013-03-29','0000-00-00 00:00:00',NULL,NULL,'Exemple de séquence pédagogique.',0),(1017,20,29,'VAA60474','2013-03-29','0000-00-00 00:00:00',NULL,NULL,'Exemple de séquence pédagogique.',0),(1018,257,29,'VAA60473','2013-04-29','0000-00-00 00:00:00',NULL,NULL,'Exemple de séquence pédagogique.',0),(1019,301,29,'VAA60498','2013-04-29','0000-00-00 00:00:00',NULL,NULL,'Exemple de séquence pédagogique.',0),(1020,511,29,'VAA60429','2013-04-29','0000-00-00 00:00:00',NULL,NULL,'Exemple de séquence pédagogique.',0),(1021,452,29,'VAA60428','2013-05-29','0000-00-00 00:00:00',NULL,NULL,'Exemple de séquence pédagogique.',0),(1022,175,29,'VAA60473','2013-05-29','0000-00-00 00:00:00',NULL,NULL,'Exemple de séquence pédagogique.',0),(1023,257,29,'VAA60473','2013-05-29','0000-00-00 00:00:00',NULL,NULL,'Exemple de séquence pédagogique.',0),(1024,352,29,'VAA60468','2013-06-29','0000-00-00 00:00:00',NULL,NULL,'Exemple de séquence pédagogique.',0),(1025,333,29,'VAA60458','2013-06-29','0000-00-00 00:00:00',NULL,NULL,'Exemple de séquence pédagogique.',0),(1026,152,29,'VAA60448','2013-06-29','0000-00-00 00:00:00',NULL,NULL,'Exemple de séquence pédagogique.',0),(1027,439,29,'VAA60491','2013-06-29','0000-00-00 00:00:00',NULL,NULL,'Exemple de séquence pédagogique.',0),(1028,500,29,'VAA60474','2013-07-29','0000-00-00 00:00:00',NULL,NULL,'Exemple de séquence pédagogique.',0),(1029,148,29,'VAA60448','2013-07-29','0000-00-00 00:00:00',NULL,NULL,'Exemple de séquence pédagogique.',0),(1030,357,29,'VAA60468','2013-07-29','0000-00-00 00:00:00',NULL,NULL,'Exemple de séquence pédagogique.',0),(1031,83,29,'VAA60467','2013-07-29','0000-00-00 00:00:00',NULL,NULL,'Exemple de séquence pédagogique.',0),(1032,113,29,'VAA60488','2013-08-29','0000-00-00 00:00:00',NULL,NULL,'Exemple de séquence pédagogique.',0),(1033,166,29,'VAA60448','2013-08-29','0000-00-00 00:00:00',NULL,NULL,'Exemple de séquence pédagogique.',0),(1034,412,29,'VAA60458','2013-09-29','0000-00-00 00:00:00',NULL,NULL,'Exemple de séquence pédagogique.',0),(1035,58,29,'VAA60433','2013-09-29','0000-00-00 00:00:00',NULL,NULL,'Exemple de séquence pédagogique.',0),(1036,117,29,'VAA60492','2013-10-29','0000-00-00 00:00:00',NULL,NULL,'Exemple de séquence pédagogique.',0),(1037,408,29,'VAA60458','2013-10-29','0000-00-00 00:00:00',NULL,NULL,'Exemple de séquence pédagogique.',0),(1038,352,29,'VAA60468','2013-10-29','0000-00-00 00:00:00',NULL,NULL,'Exemple de séquence pédagogique.',0),(1039,250,29,'VAA60421','2013-10-29','0000-00-00 00:00:00',NULL,NULL,'Exemple de séquence pédagogique.',0),(1040,224,29,'VAA60473','2013-11-29','0000-00-00 00:00:00',NULL,NULL,'Exemple de séquence pédagogique.',0),(1041,473,29,'VAA60491','2013-11-29','0000-00-00 00:00:00',NULL,NULL,'Exemple de séquence pédagogique.',0),(1042,312,29,'VAA60434','2013-11-29','0000-00-00 00:00:00',NULL,NULL,'Exemple de séquence pédagogique.',0),(1043,179,29,'VAA60483','2013-11-29','0000-00-00 00:00:00',NULL,NULL,'Exemple de séquence pédagogique.',0),(1044,238,29,'VAA60473','2013-12-29','0000-00-00 00:00:00',NULL,NULL,'Exemple de séquence pédagogique.',0),(1045,160,29,'VAA60448','2013-12-29','0000-00-00 00:00:00',NULL,NULL,'Exemple de séquence pédagogique.',0),(1046,85,30,'VAA60467','2013-01-29','0000-00-00 00:00:00',NULL,NULL,'Exemple de séquence pédagogique.',0),(1047,255,30,'VAA60486','2013-01-29','0000-00-00 00:00:00',NULL,NULL,'Exemple de séquence pédagogique.',0),(1048,288,30,'VAA60462','2013-01-29','0000-00-00 00:00:00',NULL,NULL,'Exemple de séquence pédagogique.',0),(1049,299,30,'VAA60421','0000-00-00','0000-00-00 00:00:00',NULL,NULL,'Exemple de séquence pédagogique.',0),(1050,491,30,'VAA60491','0000-00-00','0000-00-00 00:00:00',NULL,NULL,'Exemple de séquence pédagogique.',0),(1051,251,30,'VAA60421','2013-03-29','0000-00-00 00:00:00',NULL,NULL,'Exemple de séquence pédagogique.',0),(1052,194,30,'VAA60473','2013-03-29','0000-00-00 00:00:00',NULL,NULL,'Exemple de séquence pédagogique.',0),(1053,333,30,'VAA60458','2013-03-29','0000-00-00 00:00:00',NULL,NULL,'Exemple de séquence pédagogique.',0),(1054,361,30,'VAA60499','2013-04-29','0000-00-00 00:00:00',NULL,NULL,'Exemple de séquence pédagogique.',0),(1055,505,30,'VAA60452','2013-04-29','0000-00-00 00:00:00',NULL,NULL,'Exemple de séquence pédagogique.',0),(1056,380,30,'VAA60468','2013-04-29','0000-00-00 00:00:00',NULL,NULL,'Exemple de séquence pédagogique.',0),(1057,443,30,'VAA60491','2013-04-29','0000-00-00 00:00:00',NULL,NULL,'Exemple de séquence pédagogique.',0),(1058,124,30,'VAA60492','2013-05-29','0000-00-00 00:00:00',NULL,NULL,'Exemple de séquence pédagogique.',0),(1059,480,30,'VAA60491','2013-05-29','0000-00-00 00:00:00',NULL,NULL,'Exemple de séquence pédagogique.',0),(1060,466,30,'VAA60428','2013-05-29','0000-00-00 00:00:00',NULL,NULL,'Exemple de séquence pédagogique.',0),(1061,42,30,'VAA60465','2013-06-29','0000-00-00 00:00:00',NULL,NULL,'Exemple de séquence pédagogique.',0),(1062,371,30,'VAA60499','2013-06-29','0000-00-00 00:00:00',NULL,NULL,'Exemple de séquence pédagogique.',0),(1063,280,30,'VAA60462','2013-07-29','0000-00-00 00:00:00',NULL,NULL,'Exemple de séquence pédagogique.',0),(1064,94,30,'VAA60465','2013-07-29','0000-00-00 00:00:00',NULL,NULL,'Exemple de séquence pédagogique.',0),(1065,71,30,'VAA60442','2013-08-29','0000-00-00 00:00:00',NULL,NULL,'Exemple de séquence pédagogique.',0),(1066,382,30,'VAA60468','2013-08-29','0000-00-00 00:00:00',NULL,NULL,'Exemple de séquence pédagogique.',0),(1067,14,30,'VAA60474','2013-08-29','0000-00-00 00:00:00',NULL,NULL,'Exemple de séquence pédagogique.',0),(1068,182,30,'VAA60498','2013-08-29','0000-00-00 00:00:00',NULL,NULL,'Exemple de séquence pédagogique.',0),(1069,343,30,'VAA60468','2013-09-29','0000-00-00 00:00:00',NULL,NULL,'Exemple de séquence pédagogique.',0),(1070,284,30,'VAA60462','2013-09-29','0000-00-00 00:00:00',NULL,NULL,'Exemple de séquence pédagogique.',0),(1071,66,30,'VAA60442','2013-09-29','0000-00-00 00:00:00',NULL,NULL,'Exemple de séquence pédagogique.',0),(1072,268,30,'VAA60462','2013-10-29','0000-00-00 00:00:00',NULL,NULL,'Exemple de séquence pédagogique.',0),(1073,389,30,'VAA60434','2013-10-29','0000-00-00 00:00:00',NULL,NULL,'Exemple de séquence pédagogique.',0),(1074,469,30,'VAA60428','2013-10-29','0000-00-00 00:00:00',NULL,NULL,'Exemple de séquence pédagogique.',0),(1075,374,30,'VAA60499','2013-11-29','0000-00-00 00:00:00',NULL,NULL,'Exemple de séquence pédagogique.',0),(1076,389,30,'VAA60434','2013-11-29','0000-00-00 00:00:00',NULL,NULL,'Exemple de séquence pédagogique.',0),(1077,216,30,'VAA60473','2013-11-29','0000-00-00 00:00:00',NULL,NULL,'Exemple de séquence pédagogique.',0),(1078,382,30,'VAA60468','2013-11-29','0000-00-00 00:00:00',NULL,NULL,'Exemple de séquence pédagogique.',0),(1079,289,30,'VAA60462','2013-12-29','0000-00-00 00:00:00',NULL,NULL,'Exemple de séquence pédagogique.',0),(1080,459,30,'VAA60491','2013-12-29','0000-00-00 00:00:00',NULL,NULL,'Exemple de séquence pédagogique.',0),(1081,329,30,'VAA60434','2013-12-29','0000-00-00 00:00:00',NULL,NULL,'Exemple de séquence pédagogique.',0),(1082,180,31,'VAA60498','2013-01-29','0000-00-00 00:00:00',NULL,NULL,'Exemple de séquence pédagogique.',0),(1083,445,31,'VAA60491','2013-01-29','0000-00-00 00:00:00',NULL,NULL,'Exemple de séquence pédagogique.',0),(1084,61,31,'VAA60433','0000-00-00','0000-00-00 00:00:00',NULL,NULL,'Exemple de séquence pédagogique.',0),(1085,421,31,'VAA60452','0000-00-00','0000-00-00 00:00:00',NULL,NULL,'Exemple de séquence pédagogique.',0),(1086,232,31,'VAA60421','0000-00-00','0000-00-00 00:00:00',NULL,NULL,'Exemple de séquence pédagogique.',0),(1087,126,31,'VAA60403','0000-00-00','0000-00-00 00:00:00',NULL,NULL,'Exemple de séquence pédagogique.',0),(1088,347,31,'VAA60468','2013-03-29','0000-00-00 00:00:00',NULL,NULL,'Exemple de séquence pédagogique.',0),(1089,214,31,'VAA60486','2013-03-29','0000-00-00 00:00:00',NULL,NULL,'Exemple de séquence pédagogique.',0),(1090,196,31,'VAA60498','2013-04-29','0000-00-00 00:00:00',NULL,NULL,'Exemple de séquence pédagogique.',0),(1091,342,31,'VAA60499','2013-04-29','0000-00-00 00:00:00',NULL,NULL,'Exemple de séquence pédagogique.',0),(1092,409,31,'VAA60458','2013-05-29','0000-00-00 00:00:00',NULL,NULL,'Exemple de séquence pédagogique.',0),(1093,160,31,'VAA60448','2013-05-29','0000-00-00 00:00:00',NULL,NULL,'Exemple de séquence pédagogique.',0),(1094,358,31,'VAA60499','2013-05-29','0000-00-00 00:00:00',NULL,NULL,'Exemple de séquence pédagogique.',0),(1095,412,31,'VAA60458','2013-06-29','0000-00-00 00:00:00',NULL,NULL,'Exemple de séquence pédagogique.',0),(1096,50,31,'VAA60433','2013-06-29','0000-00-00 00:00:00',NULL,NULL,'Exemple de séquence pédagogique.',0),(1097,230,31,'VAA60498','2013-07-29','0000-00-00 00:00:00',NULL,NULL,'Exemple de séquence pédagogique.',0),(1098,287,31,'VAA60462','2013-07-29','0000-00-00 00:00:00',NULL,NULL,'Exemple de séquence pédagogique.',0),(1099,72,31,'VAA60467','2013-07-29','0000-00-00 00:00:00',NULL,NULL,'Exemple de séquence pédagogique.',0),(1100,475,31,'VAA60491','2013-08-29','0000-00-00 00:00:00',NULL,NULL,'Exemple de séquence pédagogique.',0),(1101,290,31,'VAA60462','2013-08-29','0000-00-00 00:00:00',NULL,NULL,'Exemple de séquence pédagogique.',0),(1102,435,31,'VAA60491','2013-08-29','0000-00-00 00:00:00',NULL,NULL,'Exemple de séquence pédagogique.',0),(1103,259,31,'VAA60498','2013-09-29','0000-00-00 00:00:00',NULL,NULL,'Exemple de séquence pédagogique.',0),(1104,173,31,'VAA60483','2013-09-29','0000-00-00 00:00:00',NULL,NULL,'Exemple de séquence pédagogique.',0),(1105,460,31,'VAA60428','2013-10-29','0000-00-00 00:00:00',NULL,NULL,'Exemple de séquence pédagogique.',0),(1106,505,31,'VAA60452','2013-10-29','0000-00-00 00:00:00',NULL,NULL,'Exemple de séquence pédagogique.',0),(1107,72,31,'VAA60467','2013-10-29','0000-00-00 00:00:00',NULL,NULL,'Exemple de séquence pédagogique.',0),(1108,101,31,'VAA60488','2013-11-29','0000-00-00 00:00:00',NULL,NULL,'Exemple de séquence pédagogique.',0),(1109,380,31,'VAA60468','2013-11-29','0000-00-00 00:00:00',NULL,NULL,'Exemple de séquence pédagogique.',0),(1110,362,31,'VAA60499','2013-11-29','0000-00-00 00:00:00',NULL,NULL,'Exemple de séquence pédagogique.',0),(1111,469,31,'VAA60428','2013-12-29','0000-00-00 00:00:00',NULL,NULL,'Exemple de séquence pédagogique.',0),(1112,381,31,'VAA60499','2013-12-29','0000-00-00 00:00:00',NULL,NULL,'Exemple de séquence pédagogique.',0),(1113,111,32,'VAA60488','2013-01-29','0000-00-00 00:00:00',NULL,NULL,'Exemple de séquence pédagogique.',0),(1114,76,32,'VAA60433','2013-01-29','0000-00-00 00:00:00',NULL,NULL,'Exemple de séquence pédagogique.',0),(1115,424,32,'VAA60452','2013-01-29','0000-00-00 00:00:00',NULL,NULL,'Exemple de séquence pédagogique.',0),(1116,387,32,'VAA60499','0000-00-00','0000-00-00 00:00:00',NULL,NULL,'Exemple de séquence pédagogique.',0),(1117,132,32,'VAA60442','0000-00-00','0000-00-00 00:00:00',NULL,NULL,'Exemple de séquence pédagogique.',0),(1118,377,32,'VAA60499','0000-00-00','0000-00-00 00:00:00',NULL,NULL,'Exemple de séquence pédagogique.',0),(1119,70,32,'VAA60467','0000-00-00','0000-00-00 00:00:00',NULL,NULL,'Exemple de séquence pédagogique.',0),(1120,411,32,'VAA60458','2013-03-29','0000-00-00 00:00:00',NULL,NULL,'Exemple de séquence pédagogique.',0),(1121,360,32,'VAA60468','2013-03-29','0000-00-00 00:00:00',NULL,NULL,'Exemple de séquence pédagogique.',0),(1122,20,32,'VAA60474','2013-04-29','0000-00-00 00:00:00',NULL,NULL,'Exemple de séquence pédagogique.',0),(1123,458,32,'VAA60428','2013-04-29','0000-00-00 00:00:00',NULL,NULL,'Exemple de séquence pédagogique.',0),(1124,13,32,'VAA60474','2013-04-29','0000-00-00 00:00:00',NULL,NULL,'Exemple de séquence pédagogique.',0),(1125,198,32,'VAA60486','2013-05-29','0000-00-00 00:00:00',NULL,NULL,'Exemple de séquence pédagogique.',0),(1126,332,32,'VAA60434','2013-05-29','0000-00-00 00:00:00',NULL,NULL,'Exemple de séquence pédagogique.',0),(1127,72,32,'VAA60467','2013-05-29','0000-00-00 00:00:00',NULL,NULL,'Exemple de séquence pédagogique.',0),(1128,472,32,'VAA60428','2013-05-29','0000-00-00 00:00:00',NULL,NULL,'Exemple de séquence pédagogique.',0),(1129,345,32,'VAA60458','2013-06-29','0000-00-00 00:00:00',NULL,NULL,'Exemple de séquence pédagogique.',0),(1130,363,32,'VAA60434','2013-06-29','0000-00-00 00:00:00',NULL,NULL,'Exemple de séquence pédagogique.',0),(1131,156,32,'VAA60448','2013-07-29','0000-00-00 00:00:00',NULL,NULL,'Exemple de séquence pédagogique.',0),(1132,18,32,'VAA60474','2013-07-29','0000-00-00 00:00:00',NULL,NULL,'Exemple de séquence pédagogique.',0),(1133,240,32,'VAA60483','2013-07-29','0000-00-00 00:00:00',NULL,NULL,'Exemple de séquence pédagogique.',0),(1134,249,32,'VAA60498','2013-07-29','0000-00-00 00:00:00',NULL,NULL,'Exemple de séquence pédagogique.',0),(1135,259,32,'VAA60498','2013-08-29','0000-00-00 00:00:00',NULL,NULL,'Exemple de séquence pédagogique.',0),(1136,108,32,'VAA60488','2013-08-29','0000-00-00 00:00:00',NULL,NULL,'Exemple de séquence pédagogique.',0),(1137,50,32,'VAA60433','2013-08-29','0000-00-00 00:00:00',NULL,NULL,'Exemple de séquence pédagogique.',0),(1138,290,32,'VAA60462','2013-08-29','0000-00-00 00:00:00',NULL,NULL,'Exemple de séquence pédagogique.',0),(1139,185,32,'VAA60486','2013-09-29','0000-00-00 00:00:00',NULL,NULL,'Exemple de séquence pédagogique.',0),(1140,393,32,'VAA60499','2013-09-29','0000-00-00 00:00:00',NULL,NULL,'Exemple de séquence pédagogique.',0),(1141,41,32,'VAA60442','2013-10-29','0000-00-00 00:00:00',NULL,NULL,'Exemple de séquence pédagogique.',0),(1142,105,32,'VAA60488','2013-10-29','0000-00-00 00:00:00',NULL,NULL,'Exemple de séquence pédagogique.',0),(1143,296,32,'VAA60498','2013-11-29','0000-00-00 00:00:00',NULL,NULL,'Exemple de séquence pédagogique.',0),(1144,178,32,'VAA60421','2013-11-29','0000-00-00 00:00:00',NULL,NULL,'Exemple de séquence pédagogique.',0),(1145,363,32,'VAA60434','2013-11-29','0000-00-00 00:00:00',NULL,NULL,'Exemple de séquence pédagogique.',0),(1146,423,32,'VAA60452','2013-11-29','0000-00-00 00:00:00',NULL,NULL,'Exemple de séquence pédagogique.',0),(1147,113,32,'VAA60488','2013-12-29','0000-00-00 00:00:00',NULL,NULL,'Exemple de séquence pédagogique.',0),(1148,248,32,'VAA60483','2013-12-29','0000-00-00 00:00:00',NULL,NULL,'Exemple de séquence pédagogique.',0),(1149,68,32,'VAA60467','2013-12-29','0000-00-00 00:00:00',NULL,NULL,'Exemple de séquence pédagogique.',0),(1150,217,33,'VAA60498','2013-01-29','0000-00-00 00:00:00',NULL,NULL,'Exemple de séquence pédagogique.',0),(1151,312,33,'VAA60434','2013-01-29','0000-00-00 00:00:00',NULL,NULL,'Exemple de séquence pédagogique.',0),(1152,453,33,'VAA60491','2013-01-29','0000-00-00 00:00:00',NULL,NULL,'Exemple de séquence pédagogique.',0),(1153,345,33,'VAA60458','2013-01-29','0000-00-00 00:00:00',NULL,NULL,'Exemple de séquence pédagogique.',0),(1154,325,33,'VAA60458','0000-00-00','0000-00-00 00:00:00',NULL,NULL,'Exemple de séquence pédagogique.',0),(1155,192,33,'VAA60498','0000-00-00','0000-00-00 00:00:00',NULL,NULL,'Exemple de séquence pédagogique.',0),(1156,178,33,'VAA60421','2013-03-29','0000-00-00 00:00:00',NULL,NULL,'Exemple de séquence pédagogique.',0),(1157,177,33,'VAA60486','2013-03-29','0000-00-00 00:00:00',NULL,NULL,'Exemple de séquence pédagogique.',0),(1158,346,33,'VAA60499','2013-04-29','0000-00-00 00:00:00',NULL,NULL,'Exemple de séquence pédagogique.',0),(1159,98,33,'VAA60465','2013-04-29','0000-00-00 00:00:00',NULL,NULL,'Exemple de séquence pédagogique.',0),(1160,137,33,'VAA60442','2013-05-29','0000-00-00 00:00:00',NULL,NULL,'Exemple de séquence pédagogique.',0),(1161,415,33,'VAA60452','2013-05-29','0000-00-00 00:00:00',NULL,NULL,'Exemple de séquence pédagogique.',0),(1162,383,33,'VAA60468','2013-05-29','0000-00-00 00:00:00',NULL,NULL,'Exemple de séquence pédagogique.',0),(1163,456,33,'VAA60428','2013-05-29','0000-00-00 00:00:00',NULL,NULL,'Exemple de séquence pédagogique.',0),(1164,427,33,'VAA60491','2013-06-29','0000-00-00 00:00:00',NULL,NULL,'Exemple de séquence pédagogique.',0),(1165,53,33,'VAA60467','2013-06-29','0000-00-00 00:00:00',NULL,NULL,'Exemple de séquence pédagogique.',0),(1166,222,33,'VAA60473','2013-06-29','0000-00-00 00:00:00',NULL,NULL,'Exemple de séquence pédagogique.',0),(1167,59,33,'VAA60442','2013-06-29','0000-00-00 00:00:00',NULL,NULL,'Exemple de séquence pédagogique.',0),(1168,6,33,'VAA60474','2013-07-29','0000-00-00 00:00:00',NULL,NULL,'Exemple de séquence pédagogique.',0),(1169,43,33,'VAA60433','2013-07-29','0000-00-00 00:00:00',NULL,NULL,'Exemple de séquence pédagogique.',0),(1170,454,33,'VAA60428','2013-07-29','0000-00-00 00:00:00',NULL,NULL,'Exemple de séquence pédagogique.',0),(1171,214,33,'VAA60486','2013-07-29','0000-00-00 00:00:00',NULL,NULL,'Exemple de séquence pédagogique.',0),(1172,212,33,'VAA60486','2013-08-29','0000-00-00 00:00:00',NULL,NULL,'Exemple de séquence pédagogique.',0),(1173,301,33,'VAA60498','2013-08-29','0000-00-00 00:00:00',NULL,NULL,'Exemple de séquence pédagogique.',0),(1174,145,33,'VAA60448','2013-09-29','0000-00-00 00:00:00',NULL,NULL,'Exemple de séquence pédagogique.',0),(1175,471,33,'VAA60428','2013-09-29','0000-00-00 00:00:00',NULL,NULL,'Exemple de séquence pédagogique.',0),(1176,342,33,'VAA60499','2013-09-29','0000-00-00 00:00:00',NULL,NULL,'Exemple de séquence pédagogique.',0),(1177,285,33,'VAA60462','2013-10-29','0000-00-00 00:00:00',NULL,NULL,'Exemple de séquence pédagogique.',0),(1178,367,33,'VAA60499','2013-10-29','0000-00-00 00:00:00',NULL,NULL,'Exemple de séquence pédagogique.',0),(1179,372,33,'VAA60468','2013-10-29','0000-00-00 00:00:00',NULL,NULL,'Exemple de séquence pédagogique.',0),(1180,344,33,'VAA60434','2013-11-29','0000-00-00 00:00:00',NULL,NULL,'Exemple de séquence pédagogique.',0),(1181,150,33,'VAA60448','2013-11-29','0000-00-00 00:00:00',NULL,NULL,'Exemple de séquence pédagogique.',0),(1182,397,33,'VAA60452','2013-11-29','0000-00-00 00:00:00',NULL,NULL,'Exemple de séquence pédagogique.',0),(1183,354,33,'VAA60458','2013-11-29','0000-00-00 00:00:00',NULL,NULL,'Exemple de séquence pédagogique.',0),(1184,222,33,'VAA60473','2013-12-29','0000-00-00 00:00:00',NULL,NULL,'Exemple de séquence pédagogique.',0),(1185,299,33,'VAA60421','2013-12-29','0000-00-00 00:00:00',NULL,NULL,'Exemple de séquence pédagogique.',0),(1186,333,33,'VAA60458','2013-12-29','0000-00-00 00:00:00',NULL,NULL,'Exemple de séquence pédagogique.',0),(1187,193,33,'VAA60421','2013-12-29','0000-00-00 00:00:00',NULL,NULL,'Exemple de séquence pédagogique.',0),(1188,295,34,'VAA60498','2013-01-29','0000-00-00 00:00:00',NULL,NULL,'Exemple de séquence pédagogique.',0),(1189,427,34,'VAA60491','2013-01-29','0000-00-00 00:00:00',NULL,NULL,'Exemple de séquence pédagogique.',0),(1190,129,34,'VAA60492','0000-00-00','0000-00-00 00:00:00',NULL,NULL,'Exemple de séquence pédagogique.',0),(1191,113,34,'VAA60488','0000-00-00','0000-00-00 00:00:00',NULL,NULL,'Exemple de séquence pédagogique.',0),(1192,75,34,'VAA60465','2013-03-29','0000-00-00 00:00:00',NULL,NULL,'Exemple de séquence pédagogique.',0),(1193,428,34,'VAA60428','2013-03-29','0000-00-00 00:00:00',NULL,NULL,'Exemple de séquence pédagogique.',0),(1194,262,34,'VAA60473','2013-04-29','0000-00-00 00:00:00',NULL,NULL,'Exemple de séquence pédagogique.',0),(1195,452,34,'VAA60428','2013-04-29','0000-00-00 00:00:00',NULL,NULL,'Exemple de séquence pédagogique.',0),(1196,251,34,'VAA60421','2013-04-29','0000-00-00 00:00:00',NULL,NULL,'Exemple de séquence pédagogique.',0),(1197,361,34,'VAA60499','2013-04-29','0000-00-00 00:00:00',NULL,NULL,'Exemple de séquence pédagogique.',0),(1198,392,34,'VAA60458','2013-05-29','0000-00-00 00:00:00',NULL,NULL,'Exemple de séquence pédagogique.',0),(1199,351,34,'VAA60499','2013-05-29','0000-00-00 00:00:00',NULL,NULL,'Exemple de séquence pédagogique.',0),(1200,127,34,'VAA60492','2013-05-29','0000-00-00 00:00:00',NULL,NULL,'Exemple de séquence pédagogique.',0),(1201,240,34,'VAA60483','2013-06-29','0000-00-00 00:00:00',NULL,NULL,'Exemple de séquence pédagogique.',0),(1202,68,34,'VAA60467','2013-06-29','0000-00-00 00:00:00',NULL,NULL,'Exemple de séquence pédagogique.',0),(1203,129,34,'VAA60492','2013-06-29','0000-00-00 00:00:00',NULL,NULL,'Exemple de séquence pédagogique.',0),(1204,371,34,'VAA60499','2013-06-29','0000-00-00 00:00:00',NULL,NULL,'Exemple de séquence pédagogique.',0),(1205,90,34,'VAA60467','2013-07-29','0000-00-00 00:00:00',NULL,NULL,'Exemple de séquence pédagogique.',0),(1206,344,34,'VAA60434','2013-07-29','0000-00-00 00:00:00',NULL,NULL,'Exemple de séquence pédagogique.',0),(1207,200,34,'VAA60483','2013-07-29','0000-00-00 00:00:00',NULL,NULL,'Exemple de séquence pédagogique.',0),(1208,257,34,'VAA60473','2013-07-29','0000-00-00 00:00:00',NULL,NULL,'Exemple de séquence pédagogique.',0),(1209,4,34,'VAA60474','2013-08-29','0000-00-00 00:00:00',NULL,NULL,'Exemple de séquence pédagogique.',0),(1210,58,34,'VAA60433','2013-08-29','0000-00-00 00:00:00',NULL,NULL,'Exemple de séquence pédagogique.',0),(1211,322,34,'VAA60434','2013-08-29','0000-00-00 00:00:00',NULL,NULL,'Exemple de séquence pédagogique.',0),(1212,487,34,'VAA60428','2013-08-29','0000-00-00 00:00:00',NULL,NULL,'Exemple de séquence pédagogique.',0),(1213,178,34,'VAA60421','2013-09-29','0000-00-00 00:00:00',NULL,NULL,'Exemple de séquence pédagogique.',0),(1214,116,34,'VAA60492','2013-09-29','0000-00-00 00:00:00',NULL,NULL,'Exemple de séquence pédagogique.',0),(1215,471,34,'VAA60428','2013-09-29','0000-00-00 00:00:00',NULL,NULL,'Exemple de séquence pédagogique.',0),(1216,156,34,'VAA60448','2013-09-29','0000-00-00 00:00:00',NULL,NULL,'Exemple de séquence pédagogique.',0),(1217,244,34,'VAA60421','2013-10-29','0000-00-00 00:00:00',NULL,NULL,'Exemple de séquence pédagogique.',0),(1218,76,34,'VAA60433','2013-10-29','0000-00-00 00:00:00',NULL,NULL,'Exemple de séquence pédagogique.',0),(1219,368,34,'VAA60434','2013-11-29','0000-00-00 00:00:00',NULL,NULL,'Exemple de séquence pédagogique.',0),(1220,104,34,'VAA60488','2013-11-29','0000-00-00 00:00:00',NULL,NULL,'Exemple de séquence pédagogique.',0),(1221,389,34,'VAA60434','2013-11-29','0000-00-00 00:00:00',NULL,NULL,'Exemple de séquence pédagogique.',0),(1222,193,34,'VAA60421','2013-11-29','0000-00-00 00:00:00',NULL,NULL,'Exemple de séquence pédagogique.',0),(1223,410,34,'VAA60458','2013-12-29','0000-00-00 00:00:00',NULL,NULL,'Exemple de séquence pédagogique.',0),(1224,293,34,'VAA60462','2013-12-29','0000-00-00 00:00:00',NULL,NULL,'Exemple de séquence pédagogique.',0),(1225,476,34,'VAA60428','2013-12-29','0000-00-00 00:00:00',NULL,NULL,'Exemple de séquence pédagogique.',0),(1226,270,34,'VAA60462','2013-12-29','0000-00-00 00:00:00',NULL,NULL,'Exemple de séquence pédagogique.',0),(1227,363,35,'VAA60434','2013-01-29','0000-00-00 00:00:00',NULL,NULL,'Exemple de séquence pédagogique.',0),(1228,177,35,'VAA60486','2013-01-29','0000-00-00 00:00:00',NULL,NULL,'Exemple de séquence pédagogique.',0),(1229,164,35,'VAA60448','2013-01-29','0000-00-00 00:00:00',NULL,NULL,'Exemple de séquence pédagogique.',0),(1230,386,35,'VAA60434','0000-00-00','0000-00-00 00:00:00',NULL,NULL,'Exemple de séquence pédagogique.',0),(1231,479,35,'VAA60491','0000-00-00','0000-00-00 00:00:00',NULL,NULL,'Exemple de séquence pédagogique.',0),(1232,194,35,'VAA60473','2013-03-29','0000-00-00 00:00:00',NULL,NULL,'Exemple de séquence pédagogique.',0),(1233,504,35,'VAA60425','2013-03-29','0000-00-00 00:00:00',NULL,NULL,'Exemple de séquence pédagogique.',0),(1234,385,35,'VAA60434','2013-04-29','0000-00-00 00:00:00',NULL,NULL,'Exemple de séquence pédagogique.',0),(1235,109,35,'VAA60488','2013-04-29','0000-00-00 00:00:00',NULL,NULL,'Exemple de séquence pédagogique.',0),(1236,497,35,'VAA60433','2013-04-29','0000-00-00 00:00:00',NULL,NULL,'Exemple de séquence pédagogique.',0),(1237,82,35,'VAA60467','2013-04-29','0000-00-00 00:00:00',NULL,NULL,'Exemple de séquence pédagogique.',0),(1238,135,35,'VAA60403','2013-05-29','0000-00-00 00:00:00',NULL,NULL,'Exemple de séquence pédagogique.',0),(1239,230,35,'VAA60498','2013-05-29','0000-00-00 00:00:00',NULL,NULL,'Exemple de séquence pédagogique.',0),(1240,149,35,'VAA60448','2013-06-29','0000-00-00 00:00:00',NULL,NULL,'Exemple de séquence pédagogique.',0),(1241,81,35,'VAA60442','2013-06-29','0000-00-00 00:00:00',NULL,NULL,'Exemple de séquence pédagogique.',0),(1242,133,35,'VAA60492','2013-07-29','0000-00-00 00:00:00',NULL,NULL,'Exemple de séquence pédagogique.',0),(1243,200,35,'VAA60483','2013-07-29','0000-00-00 00:00:00',NULL,NULL,'Exemple de séquence pédagogique.',0),(1244,474,35,'VAA60428','2013-07-29','0000-00-00 00:00:00',NULL,NULL,'Exemple de séquence pédagogique.',0),(1245,87,35,'VAA60442','2013-08-29','0000-00-00 00:00:00',NULL,NULL,'Exemple de séquence pédagogique.',0),(1246,209,35,'VAA60408','2013-08-29','0000-00-00 00:00:00',NULL,NULL,'Exemple de séquence pédagogique.',0),(1247,403,35,'VAA60458','2013-09-29','0000-00-00 00:00:00',NULL,NULL,'Exemple de séquence pédagogique.',0),(1248,456,35,'VAA60428','2013-09-29','0000-00-00 00:00:00',NULL,NULL,'Exemple de séquence pédagogique.',0),(1249,101,35,'VAA60488','2013-09-29','0000-00-00 00:00:00',NULL,NULL,'Exemple de séquence pédagogique.',0),(1250,508,35,'VAA60482','2013-10-29','0000-00-00 00:00:00',NULL,NULL,'Exemple de séquence pédagogique.',0),(1251,212,35,'VAA60486','2013-10-29','0000-00-00 00:00:00',NULL,NULL,'Exemple de séquence pédagogique.',0),(1252,64,35,'VAA60467','2013-10-29','0000-00-00 00:00:00',NULL,NULL,'Exemple de séquence pédagogique.',0),(1253,101,35,'VAA60488','2013-11-29','0000-00-00 00:00:00',NULL,NULL,'Exemple de séquence pédagogique.',0),(1254,357,35,'VAA60468','2013-11-29','0000-00-00 00:00:00',NULL,NULL,'Exemple de séquence pédagogique.',0),(1255,333,35,'VAA60458','2013-11-29','0000-00-00 00:00:00',NULL,NULL,'Exemple de séquence pédagogique.',0),(1256,292,35,'VAA60462','2013-12-29','0000-00-00 00:00:00',NULL,NULL,'Exemple de séquence pédagogique.',0),(1257,348,35,'VAA60458','2013-12-29','0000-00-00 00:00:00',NULL,NULL,'Exemple de séquence pédagogique.',0),(1258,237,35,'VAA60483','2013-12-29','0000-00-00 00:00:00',NULL,NULL,'Exemple de séquence pédagogique.',0),(1259,249,35,'VAA60498','2013-12-29','0000-00-00 00:00:00',NULL,NULL,'Exemple de séquence pédagogique.',0),(1260,412,36,'VAA60458','2013-01-29','0000-00-00 00:00:00',NULL,NULL,'Exemple de séquence pédagogique.',0),(1261,109,36,'VAA60488','2013-01-29','0000-00-00 00:00:00',NULL,NULL,'Exemple de séquence pédagogique.',0),(1262,214,36,'VAA60486','2013-01-29','0000-00-00 00:00:00',NULL,NULL,'Exemple de séquence pédagogique.',0),(1263,110,36,'VAA60488','0000-00-00','0000-00-00 00:00:00',NULL,NULL,'Exemple de séquence pédagogique.',0),(1264,435,36,'VAA60491','0000-00-00','0000-00-00 00:00:00',NULL,NULL,'Exemple de séquence pédagogique.',0),(1265,289,36,'VAA60462','0000-00-00','0000-00-00 00:00:00',NULL,NULL,'Exemple de séquence pédagogique.',0),(1266,275,36,'VAA60462','2013-03-29','0000-00-00 00:00:00',NULL,NULL,'Exemple de séquence pédagogique.',0),(1267,370,36,'VAA60434','2013-03-29','0000-00-00 00:00:00',NULL,NULL,'Exemple de séquence pédagogique.',0),(1268,96,36,'VAA60465','2013-03-29','0000-00-00 00:00:00',NULL,NULL,'Exemple de séquence pédagogique.',0),(1269,341,36,'VAA60434','2013-04-29','0000-00-00 00:00:00',NULL,NULL,'Exemple de séquence pédagogique.',0),(1270,468,36,'VAA60491','2013-04-29','0000-00-00 00:00:00',NULL,NULL,'Exemple de séquence pédagogique.',0),(1271,413,36,'VAA60458','2013-05-29','0000-00-00 00:00:00',NULL,NULL,'Exemple de séquence pédagogique.',0),(1272,125,36,'VAA60492','2013-05-29','0000-00-00 00:00:00',NULL,NULL,'Exemple de séquence pédagogique.',0),(1273,387,36,'VAA60499','2013-06-29','0000-00-00 00:00:00',NULL,NULL,'Exemple de séquence pédagogique.',0),(1274,436,36,'VAA60428','2013-06-29','0000-00-00 00:00:00',NULL,NULL,'Exemple de séquence pédagogique.',0),(1275,127,36,'VAA60492','2013-07-29','0000-00-00 00:00:00',NULL,NULL,'Exemple de séquence pédagogique.',0),(1276,152,36,'VAA60448','2013-07-29','0000-00-00 00:00:00',NULL,NULL,'Exemple de séquence pédagogique.',0),(1277,116,36,'VAA60492','2013-07-29','0000-00-00 00:00:00',NULL,NULL,'Exemple de séquence pédagogique.',0),(1278,443,36,'VAA60491','2013-08-29','0000-00-00 00:00:00',NULL,NULL,'Exemple de séquence pédagogique.',0),(1279,223,36,'VAA60483','2013-08-29','0000-00-00 00:00:00',NULL,NULL,'Exemple de séquence pédagogique.',0),(1280,250,36,'VAA60421','2013-09-29','0000-00-00 00:00:00',NULL,NULL,'Exemple de séquence pédagogique.',0),(1281,475,36,'VAA60491','2013-09-29','0000-00-00 00:00:00',NULL,NULL,'Exemple de séquence pédagogique.',0),(1282,117,36,'VAA60492','2013-09-29','0000-00-00 00:00:00',NULL,NULL,'Exemple de séquence pédagogique.',0),(1283,343,36,'VAA60468','2013-10-29','0000-00-00 00:00:00',NULL,NULL,'Exemple de séquence pédagogique.',0),(1284,101,36,'VAA60488','2013-10-29','0000-00-00 00:00:00',NULL,NULL,'Exemple de séquence pédagogique.',0),(1285,364,36,'VAA60468','2013-10-29','0000-00-00 00:00:00',NULL,NULL,'Exemple de séquence pédagogique.',0),(1286,227,36,'VAA60498','2013-10-29','0000-00-00 00:00:00',NULL,NULL,'Exemple de séquence pédagogique.',0),(1287,445,36,'VAA60491','2013-11-29','0000-00-00 00:00:00',NULL,NULL,'Exemple de séquence pédagogique.',0),(1288,329,36,'VAA60434','2013-11-29','0000-00-00 00:00:00',NULL,NULL,'Exemple de séquence pédagogique.',0),(1289,363,36,'VAA60434','2013-12-29','0000-00-00 00:00:00',NULL,NULL,'Exemple de séquence pédagogique.',0),(1290,443,36,'VAA60491','2013-12-29','0000-00-00 00:00:00',NULL,NULL,'Exemple de séquence pédagogique.',0),(1291,224,36,'VAA60473','2013-12-29','0000-00-00 00:00:00',NULL,NULL,'Exemple de séquence pédagogique.',0);
/*!40000 ALTER TABLE `cours` ENABLE KEYS */;
UNLOCK TABLES;

--
-- Table structure for table `cours_ressources`
--

DROP TABLE IF EXISTS `cours_ressources`;
/*!40101 SET @saved_cs_client     = @@character_set_client */;
/*!40101 SET character_set_client = utf8 */;
CREATE TABLE `cours_ressources` (
  `cours_id` int(11) NOT NULL,
  `ressource_id` int(11) NOT NULL,
  PRIMARY KEY (`cours_id`,`ressource_id`),
  KEY `cours_ressources_ressource_id_cours_id_index` (`ressource_id`,`cours_id`),
  CONSTRAINT `cours_ressources_ibfk_1` FOREIGN KEY (`cours_id`) REFERENCES `cours` (`id`),
  CONSTRAINT `cours_ressources_ibfk_2` FOREIGN KEY (`ressource_id`) REFERENCES `ressources` (`id`)
) ENGINE=InnoDB DEFAULT CHARSET=latin1;
/*!40101 SET character_set_client = @saved_cs_client */;

--
-- Dumping data for table `cours_ressources`
--

LOCK TABLES `cours_ressources` WRITE;
/*!40000 ALTER TABLE `cours_ressources` DISABLE KEYS */;
/*!40000 ALTER TABLE `cours_ressources` ENABLE KEYS */;
UNLOCK TABLES;

--
-- Table structure for table `creneaux_emploi_du_temps`
--

DROP TABLE IF EXISTS `creneaux_emploi_du_temps`;
/*!40101 SET @saved_cs_client     = @@character_set_client */;
/*!40101 SET character_set_client = utf8 */;
CREATE TABLE `creneaux_emploi_du_temps` (
  `id` int(11) NOT NULL AUTO_INCREMENT,
  `debut` int(11) DEFAULT NULL,
  `fin` int(11) DEFAULT NULL,
  `jour_de_la_semaine` int(11) NOT NULL,
  `matiere_id` varchar(255) NOT NULL,
  `deleted` tinyint(1) DEFAULT '0',
  `date_creation` datetime NOT NULL DEFAULT '2014-09-24 15:55:04',
  `date_suppression` datetime DEFAULT NULL,
  `etablissement_id` int(11) DEFAULT NULL,
  PRIMARY KEY (`id`),
  KEY `debut` (`debut`),
  KEY `fin` (`fin`),
  KEY `creneaux_emploi_du_temps_id_index` (`id`),
  KEY `etablissement_id` (`etablissement_id`),
  CONSTRAINT `creneaux_emploi_du_temps_ibfk_1` FOREIGN KEY (`debut`) REFERENCES `plages_horaires` (`id`),
  CONSTRAINT `creneaux_emploi_du_temps_ibfk_2` FOREIGN KEY (`fin`) REFERENCES `plages_horaires` (`id`),
  CONSTRAINT `creneaux_emploi_du_temps_ibfk_3` FOREIGN KEY (`etablissement_id`) REFERENCES `etablissements` (`id`)
) ENGINE=InnoDB AUTO_INCREMENT=513 DEFAULT CHARSET=latin1;
/*!40101 SET character_set_client = @saved_cs_client */;

--
-- Dumping data for table `creneaux_emploi_du_temps`
--

LOCK TABLES `creneaux_emploi_du_temps` WRITE;
/*!40000 ALTER TABLE `creneaux_emploi_du_temps` DISABLE KEYS */;
INSERT INTO `creneaux_emploi_du_temps` VALUES (1,3,4,1,'030101',0,'2014-09-24 15:51:07',NULL,NULL),(2,5,6,1,'030101',0,'2014-09-24 15:51:07',NULL,NULL),(3,7,8,1,'030101',0,'2014-09-24 15:51:07',NULL,NULL),(4,16,17,1,'030101',0,'2014-09-24 15:51:07',NULL,NULL),(5,1,2,2,'030101',0,'2014-09-24 15:51:07',NULL,NULL),(6,3,4,2,'030101',0,'2014-09-24 15:51:07',NULL,NULL),(7,5,6,2,'030101',0,'2014-09-24 15:51:07',NULL,NULL),(8,5,6,2,'030101',0,'2014-09-24 15:51:07',NULL,NULL),(9,7,8,2,'030101',0,'2014-09-24 15:51:07',NULL,NULL),(10,7,8,3,'030101',0,'2014-09-24 15:51:07',NULL,NULL),(11,16,17,4,'030101',0,'2014-09-24 15:51:07',NULL,NULL),(12,12,13,5,'030101',0,'2014-09-24 15:51:07',NULL,NULL),(13,14,15,5,'030101',0,'2014-09-24 15:51:07',NULL,NULL),(14,16,17,5,'030101',0,'2014-09-24 15:51:07',NULL,NULL),(15,18,19,5,'030101',0,'2014-09-24 15:51:07',NULL,NULL),(16,3,4,1,'030102',0,'2014-09-24 15:51:07',NULL,NULL),(17,5,6,1,'030102',0,'2014-09-24 15:51:07',NULL,NULL),(18,7,8,1,'030102',0,'2014-09-24 15:51:07',NULL,NULL),(19,12,13,1,'030102',0,'2014-09-24 15:51:07',NULL,NULL),(20,7,8,2,'030102',0,'2014-09-24 15:51:07',NULL,NULL),(21,1,2,3,'030102',0,'2014-09-24 15:51:07',NULL,NULL),(22,5,6,3,'030102',0,'2014-09-24 15:51:07',NULL,NULL),(23,12,13,4,'030102',0,'2014-09-24 15:51:07',NULL,NULL),(24,14,15,4,'030102',0,'2014-09-24 15:51:07',NULL,NULL),(25,1,2,1,'030201',0,'2014-09-24 15:51:07',NULL,NULL),(26,1,2,1,'030201',0,'2014-09-24 15:51:07',NULL,NULL),(27,1,2,1,'030201',0,'2014-09-24 15:51:07',NULL,NULL),(28,3,4,1,'030201',0,'2014-09-24 15:51:07',NULL,NULL),(29,3,4,1,'030201',0,'2014-09-24 15:51:07',NULL,NULL),(30,5,6,1,'030201',0,'2014-09-24 15:51:07',NULL,NULL),(31,5,6,1,'030201',0,'2014-09-24 15:51:07',NULL,NULL),(32,7,8,1,'030201',0,'2014-09-24 15:51:07',NULL,NULL),(33,7,8,1,'030201',0,'2014-09-24 15:51:07',NULL,NULL),(34,12,13,1,'030201',0,'2014-09-24 15:51:07',NULL,NULL),(35,12,13,1,'030201',0,'2014-09-24 15:51:07',NULL,NULL),(36,12,13,1,'030201',0,'2014-09-24 15:51:07',NULL,NULL),(37,12,13,1,'030201',0,'2014-09-24 15:51:07',NULL,NULL),(38,14,15,1,'030201',0,'2014-09-24 15:51:07',NULL,NULL),(39,14,15,1,'030201',0,'2014-09-24 15:51:07',NULL,NULL),(40,14,15,1,'030201',0,'2014-09-24 15:51:07',NULL,NULL),(41,16,17,1,'030201',0,'2014-09-24 15:51:07',NULL,NULL),(42,16,17,1,'030201',0,'2014-09-24 15:51:07',NULL,NULL),(43,16,17,1,'030201',0,'2014-09-24 15:51:07',NULL,NULL),(44,1,2,2,'030201',0,'2014-09-24 15:51:07',NULL,NULL),(45,1,2,2,'030201',0,'2014-09-24 15:51:07',NULL,NULL),(46,1,2,2,'030201',0,'2014-09-24 15:51:07',NULL,NULL),(47,1,2,2,'030201',0,'2014-09-24 15:51:07',NULL,NULL),(48,1,2,2,'030201',0,'2014-09-24 15:51:07',NULL,NULL),(49,3,4,2,'030201',0,'2014-09-24 15:51:07',NULL,NULL),(50,3,4,2,'030201',0,'2014-09-24 15:51:07',NULL,NULL),(51,3,4,2,'030201',0,'2014-09-24 15:51:07',NULL,NULL),(52,3,4,2,'030201',0,'2014-09-24 15:51:07',NULL,NULL),(53,5,6,2,'030201',0,'2014-09-24 15:51:07',NULL,NULL),(54,5,6,2,'030201',0,'2014-09-24 15:51:07',NULL,NULL),(55,7,8,2,'030201',0,'2014-09-24 15:51:07',NULL,NULL),(56,7,8,2,'030201',0,'2014-09-24 15:51:07',NULL,NULL),(57,12,13,2,'030201',0,'2014-09-24 15:51:07',NULL,NULL),(58,12,13,2,'030201',0,'2014-09-24 15:51:07',NULL,NULL),(59,12,13,2,'030201',0,'2014-09-24 15:51:07',NULL,NULL),(60,12,13,2,'030201',0,'2014-09-24 15:51:07',NULL,NULL),(61,14,15,2,'030201',0,'2014-09-24 15:51:07',NULL,NULL),(62,14,15,2,'030201',0,'2014-09-24 15:51:07',NULL,NULL),(63,14,15,2,'030201',0,'2014-09-24 15:51:07',NULL,NULL),(64,16,17,2,'030201',0,'2014-09-24 15:51:07',NULL,NULL),(65,16,17,2,'030201',0,'2014-09-24 15:51:07',NULL,NULL),(66,1,2,3,'030201',0,'2014-09-24 15:51:07',NULL,NULL),(67,3,4,3,'030201',0,'2014-09-24 15:51:07',NULL,NULL),(68,3,4,3,'030201',0,'2014-09-24 15:51:07',NULL,NULL),(69,3,4,3,'030201',0,'2014-09-24 15:51:07',NULL,NULL),(70,5,6,3,'030201',0,'2014-09-24 15:51:07',NULL,NULL),(71,7,8,3,'030201',0,'2014-09-24 15:51:07',NULL,NULL),(72,7,8,3,'030201',0,'2014-09-24 15:51:07',NULL,NULL),(73,1,2,4,'030201',0,'2014-09-24 15:51:07',NULL,NULL),(74,14,15,4,'030201',0,'2014-09-24 15:51:07',NULL,NULL),(75,16,17,4,'030201',0,'2014-09-24 15:51:07',NULL,NULL),(76,16,17,4,'030201',0,'2014-09-24 15:51:07',NULL,NULL),(77,1,2,5,'030201',0,'2014-09-24 15:51:07',NULL,NULL),(78,1,2,5,'030201',0,'2014-09-24 15:51:07',NULL,NULL),(79,3,4,5,'030201',0,'2014-09-24 15:51:07',NULL,NULL),(80,3,4,5,'030201',0,'2014-09-24 15:51:07',NULL,NULL),(81,5,6,5,'030201',0,'2014-09-24 15:51:07',NULL,NULL),(82,5,6,5,'030201',0,'2014-09-24 15:51:07',NULL,NULL),(83,7,8,5,'030201',0,'2014-09-24 15:51:07',NULL,NULL),(84,7,8,5,'030201',0,'2014-09-24 15:51:07',NULL,NULL),(85,12,13,5,'030201',0,'2014-09-24 15:51:07',NULL,NULL),(86,12,13,5,'030201',0,'2014-09-24 15:51:07',NULL,NULL),(87,14,15,5,'030201',0,'2014-09-24 15:51:07',NULL,NULL),(88,16,17,5,'030201',0,'2014-09-24 15:51:07',NULL,NULL),(89,16,17,5,'030201',0,'2014-09-24 15:51:07',NULL,NULL),(90,18,19,5,'030201',0,'2014-09-24 15:51:07',NULL,NULL),(91,3,4,1,'030202',0,'2014-09-24 15:51:07',NULL,NULL),(92,5,6,1,'030202',0,'2014-09-24 15:51:07',NULL,NULL),(93,7,8,1,'030202',0,'2014-09-24 15:51:07',NULL,NULL),(94,12,13,1,'030202',0,'2014-09-24 15:51:07',NULL,NULL),(95,7,8,2,'030202',0,'2014-09-24 15:51:07',NULL,NULL),(96,1,2,3,'030202',0,'2014-09-24 15:51:07',NULL,NULL),(97,5,6,3,'030202',0,'2014-09-24 15:51:07',NULL,NULL),(98,12,13,4,'030202',0,'2014-09-24 15:51:07',NULL,NULL),(99,14,15,4,'030202',0,'2014-09-24 15:51:07',NULL,NULL),(100,1,2,3,'090100',0,'2014-09-24 15:51:07',NULL,NULL),(101,3,4,3,'090100',0,'2014-09-24 15:51:07',NULL,NULL),(102,5,6,3,'090100',0,'2014-09-24 15:51:07',NULL,NULL),(103,7,8,3,'090100',0,'2014-09-24 15:51:07',NULL,NULL),(104,5,6,4,'090100',0,'2014-09-24 15:51:07',NULL,NULL),(105,7,8,4,'090100',0,'2014-09-24 15:51:07',NULL,NULL),(106,12,13,4,'090100',0,'2014-09-24 15:51:07',NULL,NULL),(107,14,15,4,'090100',0,'2014-09-24 15:51:07',NULL,NULL),(108,16,17,4,'090100',0,'2014-09-24 15:51:07',NULL,NULL),(109,1,2,5,'090100',0,'2014-09-24 15:51:07',NULL,NULL),(110,3,4,5,'090100',0,'2014-09-24 15:51:07',NULL,NULL),(111,5,6,5,'090100',0,'2014-09-24 15:51:07',NULL,NULL),(112,7,8,5,'090100',0,'2014-09-24 15:51:07',NULL,NULL),(113,12,13,5,'090100',0,'2014-09-24 15:51:07',NULL,NULL),(114,14,15,5,'090100',0,'2014-09-24 15:51:07',NULL,NULL),(115,16,17,5,'090100',0,'2014-09-24 15:51:07',NULL,NULL),(116,3,4,1,'041400',0,'2014-09-24 15:51:07',NULL,NULL),(117,5,6,1,'041400',0,'2014-09-24 15:51:07',NULL,NULL),(118,5,6,1,'041400',0,'2014-09-24 15:51:07',NULL,NULL),(119,7,8,1,'041400',0,'2014-09-24 15:51:07',NULL,NULL),(120,7,8,1,'041400',0,'2014-09-24 15:51:07',NULL,NULL),(121,12,13,1,'041400',0,'2014-09-24 15:51:07',NULL,NULL),(122,12,13,1,'041400',0,'2014-09-24 15:51:07',NULL,NULL),(123,16,17,1,'041400',0,'2014-09-24 15:51:07',NULL,NULL),(124,1,2,2,'041400',0,'2014-09-24 15:51:07',NULL,NULL),(125,3,4,2,'041400',0,'2014-09-24 15:51:07',NULL,NULL),(126,5,6,2,'041400',0,'2014-09-24 15:51:07',NULL,NULL),(127,7,8,2,'041400',0,'2014-09-24 15:51:07',NULL,NULL),(128,12,13,2,'041400',0,'2014-09-24 15:51:07',NULL,NULL),(129,14,15,2,'041400',0,'2014-09-24 15:51:07',NULL,NULL),(130,16,17,2,'041400',0,'2014-09-24 15:51:07',NULL,NULL),(131,16,17,2,'041400',0,'2014-09-24 15:51:07',NULL,NULL),(132,1,2,4,'041400',0,'2014-09-24 15:51:07',NULL,NULL),(133,3,4,4,'041400',0,'2014-09-24 15:51:07',NULL,NULL),(134,7,8,4,'041400',0,'2014-09-24 15:51:07',NULL,NULL),(135,12,13,4,'041400',0,'2014-09-24 15:51:07',NULL,NULL),(136,14,15,4,'041400',0,'2014-09-24 15:51:07',NULL,NULL),(137,14,15,4,'041400',0,'2014-09-24 15:51:07',NULL,NULL),(138,1,2,5,'041400',0,'2014-09-24 15:51:07',NULL,NULL),(139,5,6,5,'041400',0,'2014-09-24 15:51:07',NULL,NULL),(140,14,15,5,'041400',0,'2014-09-24 15:51:07',NULL,NULL),(141,14,15,5,'041400',0,'2014-09-24 15:51:07',NULL,NULL),(142,16,17,5,'041400',0,'2014-09-24 15:51:07',NULL,NULL),(143,1,2,1,'081300',0,'2014-09-24 15:51:07',NULL,NULL),(144,3,4,1,'081300',0,'2014-09-24 15:51:07',NULL,NULL),(145,3,4,1,'081300',0,'2014-09-24 15:51:07',NULL,NULL),(146,12,13,1,'081300',0,'2014-09-24 15:51:07',NULL,NULL),(147,14,15,1,'081300',0,'2014-09-24 15:51:07',NULL,NULL),(148,14,15,1,'081300',0,'2014-09-24 15:51:07',NULL,NULL),(149,16,17,1,'081300',0,'2014-09-24 15:51:07',NULL,NULL),(150,1,2,2,'081300',0,'2014-09-24 15:51:07',NULL,NULL),(151,3,4,2,'081300',0,'2014-09-24 15:51:07',NULL,NULL),(152,5,6,2,'081300',0,'2014-09-24 15:51:07',NULL,NULL),(153,12,13,2,'081300',0,'2014-09-24 15:51:07',NULL,NULL),(154,14,15,2,'081300',0,'2014-09-24 15:51:07',NULL,NULL),(155,16,17,2,'081300',0,'2014-09-24 15:51:07',NULL,NULL),(156,3,4,3,'081300',0,'2014-09-24 15:51:07',NULL,NULL),(157,5,6,3,'081300',0,'2014-09-24 15:51:07',NULL,NULL),(158,7,8,3,'081300',0,'2014-09-24 15:51:07',NULL,NULL),(159,1,2,4,'081300',0,'2014-09-24 15:51:07',NULL,NULL),(160,3,4,4,'081300',0,'2014-09-24 15:51:07',NULL,NULL),(161,5,6,4,'081300',0,'2014-09-24 15:51:07',NULL,NULL),(162,12,13,4,'081300',0,'2014-09-24 15:51:07',NULL,NULL),(163,14,15,4,'081300',0,'2014-09-24 15:51:07',NULL,NULL),(164,16,17,4,'081300',0,'2014-09-24 15:51:07',NULL,NULL),(165,18,19,4,'081300',0,'2014-09-24 15:51:07',NULL,NULL),(166,12,13,5,'081300',0,'2014-09-24 15:51:07',NULL,NULL),(167,16,17,5,'081300',0,'2014-09-24 15:51:07',NULL,NULL),(168,1,4,1,'020700',0,'2014-09-24 15:51:07',NULL,NULL),(169,1,2,1,'020700',0,'2014-09-24 15:51:07',NULL,NULL),(170,1,2,1,'020700',0,'2014-09-24 15:51:07',NULL,NULL),(171,3,4,1,'020700',0,'2014-09-24 15:51:07',NULL,NULL),(172,3,4,1,'020700',0,'2014-09-24 15:51:07',NULL,NULL),(173,3,4,1,'020700',0,'2014-09-24 15:51:07',NULL,NULL),(174,3,4,1,'020700',0,'2014-09-24 15:51:07',NULL,NULL),(175,3,4,1,'020700',0,'2014-09-24 15:51:07',NULL,NULL),(176,5,6,1,'020700',0,'2014-09-24 15:51:07',NULL,NULL),(177,5,6,1,'020700',0,'2014-09-24 15:51:07',NULL,NULL),(178,5,6,1,'020700',0,'2014-09-24 15:51:07',NULL,NULL),(179,5,6,1,'020700',0,'2014-09-24 15:51:07',NULL,NULL),(180,5,6,1,'020700',0,'2014-09-24 15:51:07',NULL,NULL),(181,7,8,1,'020700',0,'2014-09-24 15:51:07',NULL,NULL),(182,7,8,1,'020700',0,'2014-09-24 15:51:07',NULL,NULL),(183,7,8,1,'020700',0,'2014-09-24 15:51:07',NULL,NULL),(184,7,8,1,'020700',0,'2014-09-24 15:51:07',NULL,NULL),(185,7,8,1,'020700',0,'2014-09-24 15:51:07',NULL,NULL),(186,12,13,1,'020700',0,'2014-09-24 15:51:07',NULL,NULL),(187,12,13,1,'020700',0,'2014-09-24 15:51:07',NULL,NULL),(188,14,15,1,'020700',0,'2014-09-24 15:51:07',NULL,NULL),(189,14,15,1,'020700',0,'2014-09-24 15:51:07',NULL,NULL),(190,14,15,1,'020700',0,'2014-09-24 15:51:07',NULL,NULL),(191,16,17,1,'020700',0,'2014-09-24 15:51:07',NULL,NULL),(192,16,17,1,'020700',0,'2014-09-24 15:51:07',NULL,NULL),(193,1,2,2,'020700',0,'2014-09-24 15:51:07',NULL,NULL),(194,1,2,2,'020700',0,'2014-09-24 15:51:07',NULL,NULL),(195,1,2,2,'020700',0,'2014-09-24 15:51:07',NULL,NULL),(196,1,2,2,'020700',0,'2014-09-24 15:51:07',NULL,NULL),(197,1,4,2,'020700',0,'2014-09-24 15:51:07',NULL,NULL),(198,1,2,2,'020700',0,'2014-09-24 15:51:07',NULL,NULL),(199,3,4,2,'020700',0,'2014-09-24 15:51:07',NULL,NULL),(200,3,4,2,'020700',0,'2014-09-24 15:51:07',NULL,NULL),(201,3,4,2,'020700',0,'2014-09-24 15:51:07',NULL,NULL),(202,3,4,2,'020700',0,'2014-09-24 15:51:07',NULL,NULL),(203,3,4,2,'020700',0,'2014-09-24 15:51:07',NULL,NULL),(204,5,6,2,'020700',0,'2014-09-24 15:51:07',NULL,NULL),(205,5,6,2,'020700',0,'2014-09-24 15:51:07',NULL,NULL),(206,5,6,2,'020700',0,'2014-09-24 15:51:07',NULL,NULL),(207,5,8,2,'020700',0,'2014-09-24 15:51:07',NULL,NULL),(208,5,6,2,'020700',0,'2014-09-24 15:51:07',NULL,NULL),(209,7,8,2,'020700',0,'2014-09-24 15:51:07',NULL,NULL),(210,7,8,2,'020700',0,'2014-09-24 15:51:07',NULL,NULL),(211,7,8,2,'020700',0,'2014-09-24 15:51:07',NULL,NULL),(212,7,8,2,'020700',0,'2014-09-24 15:51:07',NULL,NULL),(213,7,8,2,'020700',0,'2014-09-24 15:51:07',NULL,NULL),(214,7,8,2,'020700',0,'2014-09-24 15:51:07',NULL,NULL),(215,12,13,2,'020700',0,'2014-09-24 15:51:07',NULL,NULL),(216,12,13,2,'020700',0,'2014-09-24 15:51:07',NULL,NULL),(217,12,13,2,'020700',0,'2014-09-24 15:51:07',NULL,NULL),(218,12,13,2,'020700',0,'2014-09-24 15:51:07',NULL,NULL),(219,12,13,2,'020700',0,'2014-09-24 15:51:07',NULL,NULL),(220,14,15,2,'020700',0,'2014-09-24 15:51:07',NULL,NULL),(221,14,15,2,'020700',0,'2014-09-24 15:51:07',NULL,NULL),(222,14,15,2,'020700',0,'2014-09-24 15:51:07',NULL,NULL),(223,16,17,2,'020700',0,'2014-09-24 15:51:07',NULL,NULL),(224,16,17,2,'020700',0,'2014-09-24 15:51:07',NULL,NULL),(225,16,17,2,'020700',0,'2014-09-24 15:51:07',NULL,NULL),(226,16,17,2,'020700',0,'2014-09-24 15:51:07',NULL,NULL),(227,18,19,2,'020700',0,'2014-09-24 15:51:07',NULL,NULL),(228,18,19,2,'020700',0,'2014-09-24 15:51:07',NULL,NULL),(229,1,2,3,'020700',0,'2014-09-24 15:51:07',NULL,NULL),(230,1,2,3,'020700',0,'2014-09-24 15:51:07',NULL,NULL),(231,5,6,3,'020700',0,'2014-09-24 15:51:07',NULL,NULL),(232,5,6,3,'020700',0,'2014-09-24 15:51:07',NULL,NULL),(233,5,6,3,'020700',0,'2014-09-24 15:51:07',NULL,NULL),(234,5,6,3,'020700',0,'2014-09-24 15:51:07',NULL,NULL),(235,7,8,3,'020700',0,'2014-09-24 15:51:07',NULL,NULL),(236,7,8,3,'020700',0,'2014-09-24 15:51:07',NULL,NULL),(237,1,2,4,'020700',0,'2014-09-24 15:51:07',NULL,NULL),(238,1,2,4,'020700',0,'2014-09-24 15:51:07',NULL,NULL),(239,3,4,4,'020700',0,'2014-09-24 15:51:07',NULL,NULL),(240,3,4,4,'020700',0,'2014-09-24 15:51:07',NULL,NULL),(241,3,4,4,'020700',0,'2014-09-24 15:51:07',NULL,NULL),(242,5,6,4,'020700',0,'2014-09-24 15:51:07',NULL,NULL),(243,5,6,4,'020700',0,'2014-09-24 15:51:07',NULL,NULL),(244,5,6,4,'020700',0,'2014-09-24 15:51:07',NULL,NULL),(245,5,6,4,'020700',0,'2014-09-24 15:51:07',NULL,NULL),(246,7,8,4,'020700',0,'2014-09-24 15:51:07',NULL,NULL),(247,7,8,4,'020700',0,'2014-09-24 15:51:07',NULL,NULL),(248,7,8,4,'020700',0,'2014-09-24 15:51:07',NULL,NULL),(249,7,8,4,'020700',0,'2014-09-24 15:51:07',NULL,NULL),(250,14,15,4,'020700',0,'2014-09-24 15:51:07',NULL,NULL),(251,16,17,4,'020700',0,'2014-09-24 15:51:07',NULL,NULL),(252,1,4,5,'020700',0,'2014-09-24 15:51:07',NULL,NULL),(253,1,2,5,'020700',0,'2014-09-24 15:51:07',NULL,NULL),(254,1,2,5,'020700',0,'2014-09-24 15:51:07',NULL,NULL),(255,3,4,5,'020700',0,'2014-09-24 15:51:07',NULL,NULL),(256,3,4,5,'020700',0,'2014-09-24 15:51:07',NULL,NULL),(257,5,8,5,'020700',0,'2014-09-24 15:51:07',NULL,NULL),(258,5,6,5,'020700',0,'2014-09-24 15:51:07',NULL,NULL),(259,5,6,5,'020700',0,'2014-09-24 15:51:07',NULL,NULL),(260,7,8,5,'020700',0,'2014-09-24 15:51:07',NULL,NULL),(261,7,8,5,'020700',0,'2014-09-24 15:51:07',NULL,NULL),(262,12,13,5,'020700',0,'2014-09-24 15:51:07',NULL,NULL),(263,14,15,5,'020700',0,'2014-09-24 15:51:07',NULL,NULL),(264,16,17,5,'020700',0,'2014-09-24 15:51:07',NULL,NULL),(265,18,19,5,'020700',0,'2014-09-24 15:51:07',NULL,NULL),(266,9,10,1,'020200',0,'2014-09-24 15:51:07',NULL,NULL),(267,14,15,2,'020200',0,'2014-09-24 15:51:07',NULL,NULL),(268,1,2,1,'030902',0,'2014-09-24 15:51:07',NULL,NULL),(269,3,4,1,'030902',0,'2014-09-24 15:51:07',NULL,NULL),(270,3,4,1,'030902',0,'2014-09-24 15:51:07',NULL,NULL),(271,5,6,1,'030902',0,'2014-09-24 15:51:07',NULL,NULL),(272,5,6,1,'030902',0,'2014-09-24 15:51:07',NULL,NULL),(273,7,8,1,'030902',0,'2014-09-24 15:51:07',NULL,NULL),(274,12,13,1,'030902',0,'2014-09-24 15:51:07',NULL,NULL),(275,12,13,1,'030902',0,'2014-09-24 15:51:07',NULL,NULL),(276,14,15,1,'030902',0,'2014-09-24 15:51:07',NULL,NULL),(277,16,17,1,'030902',0,'2014-09-24 15:51:07',NULL,NULL),(278,5,6,2,'030902',0,'2014-09-24 15:51:07',NULL,NULL),(279,7,8,2,'030902',0,'2014-09-24 15:51:07',NULL,NULL),(280,12,13,2,'030902',0,'2014-09-24 15:51:07',NULL,NULL),(281,14,15,2,'030902',0,'2014-09-24 15:51:07',NULL,NULL),(282,14,15,2,'030902',0,'2014-09-24 15:51:07',NULL,NULL),(283,16,17,2,'030902',0,'2014-09-24 15:51:07',NULL,NULL),(284,1,2,3,'030902',0,'2014-09-24 15:51:07',NULL,NULL),(285,5,6,3,'030902',0,'2014-09-24 15:51:07',NULL,NULL),(286,7,8,3,'030902',0,'2014-09-24 15:51:07',NULL,NULL),(287,1,2,4,'030902',0,'2014-09-24 15:51:07',NULL,NULL),(288,5,6,4,'030902',0,'2014-09-24 15:51:07',NULL,NULL),(289,7,8,4,'030902',0,'2014-09-24 15:51:07',NULL,NULL),(290,12,13,4,'030902',0,'2014-09-24 15:51:07',NULL,NULL),(291,14,15,4,'030902',0,'2014-09-24 15:51:07',NULL,NULL),(292,16,17,4,'030902',0,'2014-09-24 15:51:07',NULL,NULL),(293,18,19,4,'030902',0,'2014-09-24 15:51:07',NULL,NULL),(294,1,2,1,'020100',0,'2014-09-24 15:51:07',NULL,NULL),(295,12,13,1,'020100',0,'2014-09-24 15:51:07',NULL,NULL),(296,14,15,1,'020100',0,'2014-09-24 15:51:07',NULL,NULL),(297,16,17,1,'020100',0,'2014-09-24 15:51:07',NULL,NULL),(298,18,19,1,'020100',0,'2014-09-24 15:51:07',NULL,NULL),(299,1,2,2,'020100',0,'2014-09-24 15:51:07',NULL,NULL),(300,9,10,2,'020100',0,'2014-09-24 15:51:07',NULL,NULL),(301,12,13,2,'020100',0,'2014-09-24 15:51:07',NULL,NULL),(302,3,4,3,'020100',0,'2014-09-24 15:51:07',NULL,NULL),(303,1,2,4,'020100',0,'2014-09-24 15:51:07',NULL,NULL),(304,12,13,4,'020100',0,'2014-09-24 15:51:07',NULL,NULL),(305,1,2,1,'061300',0,'2014-09-24 15:51:07',NULL,NULL),(306,1,2,1,'061300',0,'2014-09-24 15:51:07',NULL,NULL),(307,1,2,1,'061300',0,'2014-09-24 15:51:07',NULL,NULL),(308,3,4,1,'061300',0,'2014-09-24 15:51:07',NULL,NULL),(309,3,4,1,'061300',0,'2014-09-24 15:51:07',NULL,NULL),(310,3,4,1,'061300',0,'2014-09-24 15:51:07',NULL,NULL),(311,3,4,1,'061300',0,'2014-09-24 15:51:07',NULL,NULL),(312,3,4,1,'061300',0,'2014-09-24 15:51:07',NULL,NULL),(313,3,4,1,'061300',0,'2014-09-24 15:51:07',NULL,NULL),(314,5,6,1,'061300',0,'2014-09-24 15:51:07',NULL,NULL),(315,5,6,1,'061300',0,'2014-09-24 15:51:07',NULL,NULL),(316,5,6,1,'061300',0,'2014-09-24 15:51:07',NULL,NULL),(317,5,6,1,'061300',0,'2014-09-24 15:51:07',NULL,NULL),(318,5,6,1,'061300',0,'2014-09-24 15:51:07',NULL,NULL),(319,7,8,1,'061300',0,'2014-09-24 15:51:07',NULL,NULL),(320,7,8,1,'061300',0,'2014-09-24 15:51:07',NULL,NULL),(321,7,8,1,'061300',0,'2014-09-24 15:51:07',NULL,NULL),(322,7,8,1,'061300',0,'2014-09-24 15:51:07',NULL,NULL),(323,7,8,1,'061300',0,'2014-09-24 15:51:07',NULL,NULL),(324,12,13,1,'061300',0,'2014-09-24 15:51:07',NULL,NULL),(325,12,13,1,'061300',0,'2014-09-24 15:51:07',NULL,NULL),(326,12,13,1,'061300',0,'2014-09-24 15:51:07',NULL,NULL),(327,14,15,1,'061300',0,'2014-09-24 15:51:07',NULL,NULL),(328,14,15,1,'061300',0,'2014-09-24 15:51:07',NULL,NULL),(329,14,15,1,'061300',0,'2014-09-24 15:51:07',NULL,NULL),(330,16,17,1,'061300',0,'2014-09-24 15:51:07',NULL,NULL),(331,16,17,1,'061300',0,'2014-09-24 15:51:07',NULL,NULL),(332,16,17,1,'061300',0,'2014-09-24 15:51:07',NULL,NULL),(333,16,17,1,'061300',0,'2014-09-24 15:51:07',NULL,NULL),(334,18,19,1,'061300',0,'2014-09-24 15:51:07',NULL,NULL),(335,18,19,1,'061300',0,'2014-09-24 15:51:07',NULL,NULL),(336,1,2,2,'061300',0,'2014-09-24 15:51:07',NULL,NULL),(337,1,2,2,'061300',0,'2014-09-24 15:51:07',NULL,NULL),(338,1,2,2,'061300',0,'2014-09-24 15:51:07',NULL,NULL),(339,3,4,2,'061300',0,'2014-09-24 15:51:07',NULL,NULL),(340,3,4,2,'061300',0,'2014-09-24 15:51:07',NULL,NULL),(341,3,4,2,'061300',0,'2014-09-24 15:51:07',NULL,NULL),(342,5,6,2,'061300',0,'2014-09-24 15:51:07',NULL,NULL),(343,5,6,2,'061300',0,'2014-09-24 15:51:07',NULL,NULL),(344,5,6,2,'061300',0,'2014-09-24 15:51:07',NULL,NULL),(345,5,6,2,'061300',0,'2014-09-24 15:51:07',NULL,NULL),(346,7,8,2,'061300',0,'2014-09-24 15:51:07',NULL,NULL),(347,7,8,2,'061300',0,'2014-09-24 15:51:07',NULL,NULL),(348,7,8,2,'061300',0,'2014-09-24 15:51:07',NULL,NULL),(349,7,8,2,'061300',0,'2014-09-24 15:51:07',NULL,NULL),(350,7,8,2,'061300',0,'2014-09-24 15:51:07',NULL,NULL),(351,12,13,2,'061300',0,'2014-09-24 15:51:07',NULL,NULL),(352,12,13,2,'061300',0,'2014-09-24 15:51:07',NULL,NULL),(353,14,15,2,'061300',0,'2014-09-24 15:51:07',NULL,NULL),(354,16,17,2,'061300',0,'2014-09-24 15:51:07',NULL,NULL),(355,1,2,3,'061300',0,'2014-09-24 15:51:07',NULL,NULL),(356,1,2,3,'061300',0,'2014-09-24 15:51:07',NULL,NULL),(357,1,2,3,'061300',0,'2014-09-24 15:51:07',NULL,NULL),(358,3,4,3,'061300',0,'2014-09-24 15:51:07',NULL,NULL),(359,3,4,3,'061300',0,'2014-09-24 15:51:07',NULL,NULL),(360,3,4,3,'061300',0,'2014-09-24 15:51:07',NULL,NULL),(361,5,6,3,'061300',0,'2014-09-24 15:51:07',NULL,NULL),(362,7,8,3,'061300',0,'2014-09-24 15:51:07',NULL,NULL),(363,7,8,3,'061300',0,'2014-09-24 15:51:07',NULL,NULL),(364,7,8,3,'061300',0,'2014-09-24 15:51:07',NULL,NULL),(365,1,2,4,'061300',0,'2014-09-24 15:51:07',NULL,NULL),(366,1,2,4,'061300',0,'2014-09-24 15:51:07',NULL,NULL),(367,3,4,4,'061300',0,'2014-09-24 15:51:07',NULL,NULL),(368,3,4,4,'061300',0,'2014-09-24 15:51:07',NULL,NULL),(369,3,4,4,'061300',0,'2014-09-24 15:51:07',NULL,NULL),(370,5,6,4,'061300',0,'2014-09-24 15:51:07',NULL,NULL),(371,5,6,4,'061300',0,'2014-09-24 15:51:07',NULL,NULL),(372,5,6,4,'061300',0,'2014-09-24 15:51:07',NULL,NULL),(373,5,6,4,'061300',0,'2014-09-24 15:51:07',NULL,NULL),(374,7,8,4,'061300',0,'2014-09-24 15:51:07',NULL,NULL),(375,7,8,4,'061300',0,'2014-09-24 15:51:07',NULL,NULL),(376,7,8,4,'061300',0,'2014-09-24 15:51:07',NULL,NULL),(377,12,13,4,'061300',0,'2014-09-24 15:51:07',NULL,NULL),(378,12,13,4,'061300',0,'2014-09-24 15:51:07',NULL,NULL),(379,12,13,4,'061300',0,'2014-09-24 15:51:07',NULL,NULL),(380,14,15,4,'061300',0,'2014-09-24 15:51:07',NULL,NULL),(381,16,17,4,'061300',0,'2014-09-24 15:51:07',NULL,NULL),(382,16,17,4,'061300',0,'2014-09-24 15:51:07',NULL,NULL),(383,18,19,4,'061300',0,'2014-09-24 15:51:07',NULL,NULL),(384,1,2,5,'061300',0,'2014-09-24 15:51:07',NULL,NULL),(385,1,2,5,'061300',0,'2014-09-24 15:51:07',NULL,NULL),(386,1,2,5,'061300',0,'2014-09-24 15:51:07',NULL,NULL),(387,3,4,5,'061300',0,'2014-09-24 15:51:07',NULL,NULL),(388,3,4,5,'061300',0,'2014-09-24 15:51:07',NULL,NULL),(389,5,6,5,'061300',0,'2014-09-24 15:51:07',NULL,NULL),(390,5,6,5,'061300',0,'2014-09-24 15:51:07',NULL,NULL),(391,7,8,5,'061300',0,'2014-09-24 15:51:07',NULL,NULL),(392,7,8,5,'061300',0,'2014-09-24 15:51:07',NULL,NULL),(393,12,13,5,'061300',0,'2014-09-24 15:51:07',NULL,NULL),(394,14,15,5,'061300',0,'2014-09-24 15:51:07',NULL,NULL),(395,16,17,5,'061300',0,'2014-09-24 15:51:07',NULL,NULL),(396,1,2,1,'062300',0,'2014-09-24 15:51:07',NULL,NULL),(397,3,4,1,'062300',0,'2014-09-24 15:51:07',NULL,NULL),(398,5,6,1,'062300',0,'2014-09-24 15:51:07',NULL,NULL),(399,7,8,1,'062300',0,'2014-09-24 15:51:07',NULL,NULL),(400,12,13,1,'062300',0,'2014-09-24 15:51:07',NULL,NULL),(401,14,15,1,'062300',0,'2014-09-24 15:51:07',NULL,NULL),(402,14,15,1,'062300',0,'2014-09-24 15:51:07',NULL,NULL),(403,14,15,1,'062300',0,'2014-09-24 15:51:07',NULL,NULL),(404,16,17,1,'062300',0,'2014-09-24 15:51:07',NULL,NULL),(405,16,17,1,'062300',0,'2014-09-24 15:51:07',NULL,NULL),(406,1,2,2,'062300',0,'2014-09-24 15:51:07',NULL,NULL),(407,3,4,2,'062300',0,'2014-09-24 15:51:07',NULL,NULL),(408,5,6,2,'062300',0,'2014-09-24 15:51:07',NULL,NULL),(409,12,13,2,'062300',0,'2014-09-24 15:51:07',NULL,NULL),(410,14,15,2,'062300',0,'2014-09-24 15:51:07',NULL,NULL),(411,14,15,2,'062300',0,'2014-09-24 15:51:07',NULL,NULL),(412,1,2,4,'062300',0,'2014-09-24 15:51:07',NULL,NULL),(413,3,4,4,'062300',0,'2014-09-24 15:51:07',NULL,NULL),(414,5,6,4,'062300',0,'2014-09-24 15:51:07',NULL,NULL),(415,7,8,4,'062300',0,'2014-09-24 15:51:07',NULL,NULL),(416,14,15,4,'062300',0,'2014-09-24 15:51:07',NULL,NULL),(417,1,2,5,'062300',0,'2014-09-24 15:51:07',NULL,NULL),(418,1,2,5,'062300',0,'2014-09-24 15:51:07',NULL,NULL),(419,3,4,5,'062300',0,'2014-09-24 15:51:07',NULL,NULL),(420,5,6,5,'062300',0,'2014-09-24 15:51:07',NULL,NULL),(421,7,8,5,'062300',0,'2014-09-24 15:51:07',NULL,NULL),(422,12,13,5,'062300',0,'2014-09-24 15:51:07',NULL,NULL),(423,14,15,5,'062300',0,'2014-09-24 15:51:07',NULL,NULL),(424,16,17,5,'062300',0,'2014-09-24 15:51:07',NULL,NULL),(425,1,2,1,'070800',0,'2014-09-24 15:51:07',NULL,NULL),(426,1,2,1,'070800',0,'2014-09-24 15:51:07',NULL,NULL),(427,3,4,1,'070800',0,'2014-09-24 15:51:07',NULL,NULL),(428,3,4,1,'070800',0,'2014-09-24 15:51:07',NULL,NULL),(429,5,6,1,'070800',0,'2014-09-24 15:51:07',NULL,NULL),(430,5,6,1,'070800',0,'2014-09-24 15:51:07',NULL,NULL),(431,5,6,1,'070800',0,'2014-09-24 15:51:07',NULL,NULL),(432,7,8,1,'070800',0,'2014-09-24 15:51:07',NULL,NULL),(433,7,8,1,'070800',0,'2014-09-24 15:51:07',NULL,NULL),(434,7,8,1,'070800',0,'2014-09-24 15:51:07',NULL,NULL),(435,7,8,1,'070800',0,'2014-09-24 15:51:07',NULL,NULL),(436,7,8,1,'070800',0,'2014-09-24 15:51:07',NULL,NULL),(437,7,8,1,'070800',0,'2014-09-24 15:51:07',NULL,NULL),(438,7,8,1,'070800',0,'2014-09-24 15:51:07',NULL,NULL),(439,7,8,1,'070800',0,'2014-09-24 15:51:07',NULL,NULL),(440,12,13,1,'070800',0,'2014-09-24 15:51:07',NULL,NULL),(441,12,13,1,'070800',0,'2014-09-24 15:51:07',NULL,NULL),(442,12,13,1,'070800',0,'2014-09-24 15:51:07',NULL,NULL),(443,12,13,1,'070800',0,'2014-09-24 15:51:07',NULL,NULL),(444,12,13,1,'070800',0,'2014-09-24 15:51:07',NULL,NULL),(445,12,13,1,'070800',0,'2014-09-24 15:51:07',NULL,NULL),(446,14,15,1,'070800',0,'2014-09-24 15:51:07',NULL,NULL),(447,14,15,1,'070800',0,'2014-09-24 15:51:07',NULL,NULL),(448,14,15,1,'070800',0,'2014-09-24 15:51:07',NULL,NULL),(449,16,17,1,'070800',0,'2014-09-24 15:51:07',NULL,NULL),(450,16,17,1,'070800',0,'2014-09-24 15:51:07',NULL,NULL),(451,16,17,1,'070800',0,'2014-09-24 15:51:07',NULL,NULL),(452,16,17,1,'070800',0,'2014-09-24 15:51:07',NULL,NULL),(453,16,17,1,'070800',0,'2014-09-24 15:51:07',NULL,NULL),(454,1,2,2,'070800',0,'2014-09-24 15:51:07',NULL,NULL),(455,1,2,2,'070800',0,'2014-09-24 15:51:07',NULL,NULL),(456,1,2,2,'070800',0,'2014-09-24 15:51:07',NULL,NULL),(457,1,2,2,'070800',0,'2014-09-24 15:51:07',NULL,NULL),(458,3,4,2,'070800',0,'2014-09-24 15:51:07',NULL,NULL),(459,3,4,2,'070800',0,'2014-09-24 15:51:07',NULL,NULL),(460,3,4,2,'070800',0,'2014-09-24 15:51:07',NULL,NULL),(461,3,4,2,'070800',0,'2014-09-24 15:51:07',NULL,NULL),(462,5,6,2,'070800',0,'2014-09-24 15:51:07',NULL,NULL),(463,5,6,2,'070800',0,'2014-09-24 15:51:07',NULL,NULL),(464,5,6,2,'070800',0,'2014-09-24 15:51:07',NULL,NULL),(465,7,8,2,'070800',0,'2014-09-24 15:51:07',NULL,NULL),(466,7,8,2,'070800',0,'2014-09-24 15:51:07',NULL,NULL),(467,7,8,2,'070800',0,'2014-09-24 15:51:07',NULL,NULL),(468,7,8,2,'070800',0,'2014-09-24 15:51:07',NULL,NULL),(469,7,8,2,'070800',0,'2014-09-24 15:51:07',NULL,NULL),(470,7,8,2,'070800',0,'2014-09-24 15:51:07',NULL,NULL),(471,7,8,2,'070800',0,'2014-09-24 15:51:07',NULL,NULL),(472,12,13,2,'070800',0,'2014-09-24 15:51:07',NULL,NULL),(473,12,13,2,'070800',0,'2014-09-24 15:51:07',NULL,NULL),(474,12,13,2,'070800',0,'2014-09-24 15:51:07',NULL,NULL),(475,12,13,2,'070800',0,'2014-09-24 15:51:07',NULL,NULL),(476,12,13,2,'070800',0,'2014-09-24 15:51:07',NULL,NULL),(477,14,15,2,'070800',0,'2014-09-24 15:51:07',NULL,NULL),(478,14,15,2,'070800',0,'2014-09-24 15:51:07',NULL,NULL),(479,14,15,2,'070800',0,'2014-09-24 15:51:07',NULL,NULL),(480,14,15,2,'070800',0,'2014-09-24 15:51:07',NULL,NULL),(481,16,17,2,'070800',0,'2014-09-24 15:51:07',NULL,NULL),(482,16,17,2,'070800',0,'2014-09-24 15:51:07',NULL,NULL),(483,16,17,2,'070800',0,'2014-09-24 15:51:07',NULL,NULL),(484,16,17,2,'070800',0,'2014-09-24 15:51:07',NULL,NULL),(485,16,17,2,'070800',0,'2014-09-24 15:51:07',NULL,NULL),(486,1,2,3,'070800',0,'2014-09-24 15:51:07',NULL,NULL),(487,1,2,3,'070800',0,'2014-09-24 15:51:07',NULL,NULL),(488,1,2,3,'070800',0,'2014-09-24 15:51:07',NULL,NULL),(489,3,4,3,'070800',0,'2014-09-24 15:51:07',NULL,NULL),(490,3,4,3,'070800',0,'2014-09-24 15:51:07',NULL,NULL),(491,5,6,3,'070800',0,'2014-09-24 15:51:07',NULL,NULL),(492,5,6,3,'070800',0,'2014-09-24 15:51:07',NULL,NULL),(493,14,15,4,'070800',0,'2014-09-24 15:51:07',NULL,NULL),(494,16,17,4,'070800',0,'2014-09-24 15:51:07',NULL,NULL),(495,1,2,5,'070800',0,'2014-09-24 15:51:07',NULL,NULL),(496,3,4,1,'008400',0,'2014-09-24 15:51:07',NULL,NULL),(497,5,6,1,'008400',0,'2014-09-24 15:51:07',NULL,NULL),(498,5,6,1,'008400',0,'2014-09-24 15:51:07',NULL,NULL),(499,12,13,1,'008400',0,'2014-09-24 15:51:07',NULL,NULL),(500,14,15,1,'008400',0,'2014-09-24 15:51:07',NULL,NULL),(501,16,17,1,'008400',0,'2014-09-24 15:51:07',NULL,NULL),(502,5,6,3,'008400',0,'2014-09-24 15:51:07',NULL,NULL),(503,1,2,4,'008400',0,'2014-09-24 15:51:07',NULL,NULL),(504,3,4,4,'008400',0,'2014-09-24 15:51:07',NULL,NULL),(505,12,13,4,'008400',0,'2014-09-24 15:51:07',NULL,NULL),(506,12,13,4,'008400',0,'2014-09-24 15:51:07',NULL,NULL),(507,16,17,4,'008400',0,'2014-09-24 15:51:07',NULL,NULL),(508,16,17,4,'008400',0,'2014-09-24 15:51:07',NULL,NULL),(509,12,13,5,'008400',0,'2014-09-24 15:51:07',NULL,NULL),(510,14,15,5,'008400',0,'2014-09-24 15:51:07',NULL,NULL),(511,16,17,5,'008400',0,'2014-09-24 15:51:07',NULL,NULL),(512,14,15,1,'005400',0,'2014-09-24 15:51:07',NULL,NULL);
/*!40000 ALTER TABLE `creneaux_emploi_du_temps` ENABLE KEYS */;
UNLOCK TABLES;

--
-- Table structure for table `creneaux_emploi_du_temps_enseignants`
--

DROP TABLE IF EXISTS `creneaux_emploi_du_temps_enseignants`;
/*!40101 SET @saved_cs_client     = @@character_set_client */;
/*!40101 SET character_set_client = utf8 */;
CREATE TABLE `creneaux_emploi_du_temps_enseignants` (
  `creneau_emploi_du_temps_id` int(11) NOT NULL,
  `enseignant_id` varchar(255) NOT NULL,
  `semaines_de_presence` bigint(20) NOT NULL DEFAULT '9007199254740991',
  PRIMARY KEY (`creneau_emploi_du_temps_id`,`enseignant_id`),
  CONSTRAINT `creneaux_emploi_du_temps_enseignants_ibfk_1` FOREIGN KEY (`creneau_emploi_du_temps_id`) REFERENCES `creneaux_emploi_du_temps` (`id`)
) ENGINE=InnoDB DEFAULT CHARSET=latin1;
/*!40101 SET character_set_client = @saved_cs_client */;

--
-- Dumping data for table `creneaux_emploi_du_temps_enseignants`
--

LOCK TABLES `creneaux_emploi_du_temps_enseignants` WRITE;
/*!40000 ALTER TABLE `creneaux_emploi_du_temps_enseignants` DISABLE KEYS */;
INSERT INTO `creneaux_emploi_du_temps_enseignants` VALUES (1,'VAA60474',17302225026556),(2,'VAA60474',17302225026556),(4,'VAA60474',17302225026556),(5,'VAA60474',17579250417148),(6,'VAA60474',35171436461566),(7,'VAA60474',2),(8,'VAA60474',17579250417148),(9,'VAA60474',17579250417148),(10,'VAA60474',35068357246462),(11,'VAA60474',35102716984830),(12,'VAA60474',35171436461566),(13,'VAA60474',35171436461566),(14,'VAA60474',35171436461566),(15,'VAA60474',35171436461566),(18,'VAA60474',17302225026556),(19,'VAA60474',17302225026556),(20,'VAA60474',2),(21,'VAA60474',35068357246462),(22,'VAA60474',35068357246462),(23,'VAA60474',35102716984822),(24,'VAA60474',35102716984830),(26,'VAA60433',17302225026556),(27,'VAA60467',17302225026556),(29,'VAA60433',17302225026556),(31,'VAA60467',17302225026556),(33,'VAA60467',17302225026556),(37,'VAA60442',17302225026556),(39,'VAA60465',34894411070972),(40,'VAA60442',17302225026556),(41,'VAA60442',17302225026556),(42,'VAA60465',17302225026556),(43,'VAA60433',17302225026556),(44,'VAA60467',2),(45,'VAA60465',2),(46,'VAA60442',17579250417144),(47,'VAA60433',17579250417148),(48,'VAA60467',17579250417148),(49,'VAA60467',2),(50,'VAA60433',35171436461566),(51,'VAA60442',17579250417144),(52,'VAA60467',17579250417148),(53,'VAA60467',2),(54,'VAA60467',17579250417148),(55,'VAA60467',17579250417148),(56,'VAA60442',17579250417148),(57,'VAA60433',2),(58,'VAA60433',17579250417148),(59,'VAA60442',17579250417148),(60,'VAA60465',17579250417148),(61,'VAA60433',2),(62,'VAA60467',17579250417148),(63,'VAA60442',17579250417148),(64,'VAA60467',17579250417148),(65,'VAA60433',17579250417148),(66,'VAA60442',35068357246462),(67,'VAA60442',35068357246462),(68,'VAA60467',35068357246406),(69,'VAA60465',35068357246462),(70,'VAA60467',35068357246406),(71,'VAA60442',35068357246462),(72,'VAA60467',35068357246406),(73,'VAA60465',35102716984830),(74,'VAA60433',35102716984830),(75,'VAA60465',35102716984830),(76,'VAA60433',35102716984830),(77,'VAA60442',35171436461566),(78,'VAA60433',35171436461566),(79,'VAA60442',35171436461566),(80,'VAA60467',35171436461566),(81,'VAA60442',35171436461566),(82,'VAA60467',35171436461566),(83,'VAA60467',35171436461566),(84,'VAA60433',35171436461566),(85,'VAA60467',35171436461566),(86,'VAA60442',35171436461566),(87,'VAA60442',35171436461566),(88,'VAA60442',35171436461566),(89,'VAA60467',35171436461566),(90,'VAA60467',35171436461566),(93,'VAA60465',17302225026556),(94,'VAA60465',17302225026556),(95,'VAA60465',2),(96,'VAA60465',35068357246462),(97,'VAA60465',35068357246462),(98,'VAA60465',35102716984830),(99,'VAA60465',35102716984830),(100,'VAA60488',35068357246462),(101,'VAA60488',35068357246462),(102,'VAA60488',35068357246462),(103,'VAA60488',35068357246462),(104,'VAA60488',35102716984830),(105,'VAA60488',35102716984822),(106,'VAA60488',35102716984830),(107,'VAA60488',35102716984830),(108,'VAA60488',35102716984830),(109,'VAA60488',35171436461566),(110,'VAA60488',35171436461566),(111,'VAA60488',35171436461566),(112,'VAA60488',35171436461566),(113,'VAA60488',35171436461566),(114,'VAA60488',35171436461566),(115,'VAA60488',35171436461566),(116,'VAA60492',17302225026556),(117,'VAA60492',17302225026556),(118,'VAA60403',17302225026556),(124,'VAA60492',17579250417148),(125,'VAA60492',2),(126,'VAA60403',2),(127,'VAA60492',17579250417148),(128,'VAA60473',2),(129,'VAA60492',2),(130,'VAA60492',2),(131,'VAA60473',2),(132,'VAA60442',35102716984830),(133,'VAA60492',35102716984830),(134,'VAA60442',35102716984830),(135,'VAA60403',35102716984826),(136,'VAA60403',35102716984826),(137,'VAA60442',35102716984830),(138,'VAA60442',35171436461566),(139,'VAA60403',35171436461546),(140,'VAA60492',35171436461566),(141,'VAA60403',35171436461546),(142,'VAA60403',35171436461546),(143,'VAA60448',17302225026428),(145,'VAA60448',17302225026556),(148,'VAA60448',17302225026524),(149,'VAA60448',17302225026524),(150,'VAA60448',2),(151,'VAA60448',2),(152,'VAA60448',2),(153,'VAA60448',2),(154,'VAA60448',2),(155,'VAA60448',2),(156,'VAA60448',35068357246462),(157,'VAA60448',35068357246462),(158,'VAA60448',35068357246462),(159,'VAA60448',35102716984822),(160,'VAA60448',35102716984822),(161,'VAA60448',35102716984822),(162,'VAA60448',35102716984822),(163,'VAA60448',35102716984822),(164,'VAA60448',35102716984822),(165,'VAA60448',35102716984822),(166,'VAA60448',35171436461566),(167,'VAA60448',35171436461566),(169,'VAA60486',17302225026556),(170,'VAA60483',17302225026556),(173,'VAA60483',17302225026556),(174,'VAA60421',17302225026556),(175,'VAA60473',17302225026556),(177,'VAA60486',34894411070972),(178,'VAA60421',17302225026556),(179,'VAA60483',17302225026556),(180,'VAA60498',17302225026556),(182,'VAA60498',34894411070972),(184,'VAA60483',17302225026556),(185,'VAA60486',17302225026556),(190,'VAA60421',17302225026556),(192,'VAA60498',5584872101204),(193,'VAA60421',2),(194,'VAA60473',2),(195,'VAA60408',2),(196,'VAA60498',2),(197,'VAA60483',17579250417148),(198,'VAA60486',17579250417148),(199,'VAA60486',2),(200,'VAA60408',2),(200,'VAA60483',2),(201,'VAA60473',2),(202,'VAA60421',17579250417148),(203,'VAA60486',17579250417148),(204,'VAA60421',2),(205,'VAA60486',35171436461566),(206,'VAA60498',2),(207,'VAA60483',17579250417148),(208,'VAA60421',17579250417148),(209,'VAA60408',2),(209,'VAA60483',2),(210,'VAA60421',2),(211,'VAA60498',2),(212,'VAA60486',2),(213,'VAA60421',17579250417148),(214,'VAA60486',17579250417148),(215,'VAA60408',2),(216,'VAA60473',2),(217,'VAA60498',2),(218,'VAA60473',17579250417148),(219,'VAA60483',17579250417148),(220,'VAA60473',2),(221,'VAA60408',2),(222,'VAA60473',17579250417148),(223,'VAA60408',2),(223,'VAA60483',2),(224,'VAA60473',17579250417148),(225,'VAA60483',17579250417148),(226,'VAA60498',17579250417148),(227,'VAA60498',17579250417148),(228,'VAA60473',17579250417148),(229,'VAA60473',35068357246462),(230,'VAA60498',35068357246462),(231,'VAA60483',35068357246462),(232,'VAA60421',35068357246462),(233,'VAA60498',35068357246462),(234,'VAA60473',11685140670634),(235,'VAA60483',35068357246462),(236,'VAA60421',35068357246462),(237,'VAA60483',35102716984830),(238,'VAA60473',35102716984822),(239,'VAA60473',35102716984830),(240,'VAA60483',35102716984830),(241,'VAA60498',35102716984830),(242,'VAA60483',35102716984830),(243,'VAA60473',35102716984822),(244,'VAA60421',35102716984830),(245,'VAA60498',35102716984830),(246,'VAA60473',35102716984830),(247,'VAA60421',35102716984830),(248,'VAA60483',35102716984830),(249,'VAA60498',35102716984830),(250,'VAA60421',35102716984830),(251,'VAA60421',35102716984830),(252,'VAA60473',35171436461534),(253,'VAA60498',5859750008148),(254,'VAA60486',5859750008148),(255,'VAA60486',35171436461566),(256,'VAA60498',35171436461566),(257,'VAA60473',35171436461534),(258,'VAA60483',35171436461566),(259,'VAA60498',35171436461566),(260,'VAA60483',35171436461566),(261,'VAA60498',35171436461566),(262,'VAA60473',35171436461566),(263,'VAA60473',35171436461566),(264,'VAA60473',35171436461566),(265,'VAA60473',35171436461566),(267,'VAA60498',17579250417148),(268,'VAA60462',17302225026556),(270,'VAA60462',17302225026556),(272,'VAA60462',17302225026556),(273,'VAA60462',17302225026556),(275,'VAA60462',17302225026556),(276,'VAA60462',34894411070972),(278,'VAA60462',2),(279,'VAA60462',2),(280,'VAA60462',2),(281,'VAA60462',2),(282,'VAA60462',17579250417148),(283,'VAA60462',17579250417148),(284,'VAA60462',35068357246462),(285,'VAA60462',35068357246462),(286,'VAA60462',35068357246462),(287,'VAA60462',35102716984830),(288,'VAA60462',35102716984830),(289,'VAA60462',35102716984830),(290,'VAA60462',35102716984822),(291,'VAA60462',35102716984830),(292,'VAA60462',35102716984830),(293,'VAA60462',35102716984830),(294,'VAA60421',17302225026556),(295,'VAA60498',17302225026556),(296,'VAA60498',17302225026556),(299,'VAA60421',17579250417148),(300,'VAA60498',2),(301,'VAA60498',17579250417148),(302,'VAA60498',35068357246462),(303,'VAA60498',35102716984830),(304,'VAA60421',35102716984830),(307,'VAA60468',17302225026556),(312,'VAA60434',5584872101204),(313,'VAA60468',17302225026540),(318,'VAA60434',17302225026556),(322,'VAA60434',17302225026556),(323,'VAA60468',11717352925352),(325,'VAA60458',17302225026556),(326,'VAA60468',17302225026556),(329,'VAA60434',17302225026556),(331,'VAA60499',17302225026556),(332,'VAA60434',17302225026556),(333,'VAA60458',17302225026556),(334,'VAA60468',17302225026556),(335,'VAA60458',17302225026556),(336,'VAA60434',17579250417144),(337,'VAA60468',17579250417148),(338,'VAA60458',17579250417148),(339,'VAA60499',2),(340,'VAA60458',2),(341,'VAA60434',17579250417144),(342,'VAA60499',2),(343,'VAA60468',2),(344,'VAA60434',17579250417144),(345,'VAA60458',17579250417148),(346,'VAA60499',2),(347,'VAA60468',2),(348,'VAA60458',2),(349,'VAA60434',5859750008144),(350,'VAA60458',11719500409000),(351,'VAA60499',2),(352,'VAA60468',2),(353,'VAA60468',2),(354,'VAA60458',17579250417148),(355,'VAA60499',35068357246462),(356,'VAA60434',35068357246462),(357,'VAA60468',35068357246462),(358,'VAA60499',35068357246462),(359,'VAA60468',11685140670634),(360,'VAA60468',5791030531412),(361,'VAA60499',35068357246462),(362,'VAA60499',35068357246462),(363,'VAA60434',35068357246462),(364,'VAA60468',35068357246462),(365,'VAA60499',35102716984830),(366,'VAA60434',35102716984830),(367,'VAA60499',35102716984830),(368,'VAA60434',35102716984830),(369,'VAA60468',35102716984830),(370,'VAA60434',35102716984830),(371,'VAA60499',35102716984830),(372,'VAA60468',35102716984830),(373,'VAA60458',35102716984830),(374,'VAA60499',35102716984830),(375,'VAA60434',35102716984830),(376,'VAA60458',35102716984830),(377,'VAA60499',35102716984830),(378,'VAA60468',35102716984830),(379,'VAA60458',35102716984830),(380,'VAA60468',35102716984830),(381,'VAA60499',35102716984830),(382,'VAA60468',35102716984830),(383,'VAA60468',35102716984830),(384,'VAA60499',35171436461566),(385,'VAA60434',11719500409002),(386,'VAA60434',5859750008148),(387,'VAA60499',35171436461566),(388,'VAA60434',35171436461566),(389,'VAA60434',35171436461566),(390,'VAA60458',35171436461566),(391,'VAA60434',35171436461566),(392,'VAA60458',35171436461566),(393,'VAA60499',35171436461566),(394,'VAA60499',35171436461566),(395,'VAA60499',35171436461566),(396,'VAA60452',17302225026556),(397,'VAA60452',17302225026556),(398,'VAA60452',17302225026556),(399,'VAA60452',17302225026556),(402,'VAA60452',17302225026556),(403,'VAA60458',17302225026556),(405,'VAA60452',5584872101204),(406,'VAA60458',2),(407,'VAA60458',17579250417148),(408,'VAA60458',2),(409,'VAA60458',17579250417148),(410,'VAA60458',11719500409000),(411,'VAA60458',5859750008148),(412,'VAA60458',5791030531412),(413,'VAA60458',35102716984830),(414,'VAA60452',35102716984830),(415,'VAA60452',5791030531412),(416,'VAA60452',35102716984822),(417,'VAA60458',11719500409002),(418,'VAA60458',5859750008148),(419,'VAA60458',35171436461566),(420,'VAA60452',35171436461566),(421,'VAA60452',35171436461566),(422,'VAA60452',11719500409002),(423,'VAA60452',35171436461566),(424,'VAA60452',35171436461566),(425,'VAA60491',17302225026500),(426,'VAA60428',17302225026556),(427,'VAA60491',34894411070916),(428,'VAA60428',17302225026556),(430,'VAA60491',17302225026556),(431,'VAA60428',17302225026556),(435,'VAA60491',11717352925352),(436,'VAA60428',11717352925352),(437,'VAA60491',5584872101204),(438,'VAA60428',5584872101204),(439,'VAA60491',5584872101204),(443,'VAA60491',17302225026556),(444,'VAA60428',17302225026556),(445,'VAA60491',17302225026556),(448,'VAA60491',17302225026556),(451,'VAA60491',17302225026556),(452,'VAA60428',17302225026556),(453,'VAA60491',17302225026556),(454,'VAA60428',2),(455,'VAA60491',5859750008150),(456,'VAA60428',17579250417148),(457,'VAA60491',11719500409000),(458,'VAA60428',2),(459,'VAA60491',17579250417148),(460,'VAA60428',17579250417148),(461,'VAA60491',17579250417148),(462,'VAA60491',35171436461566),(463,'VAA60428',35171436461566),(464,'VAA60491',35171436461566),(465,'VAA60491',2),(466,'VAA60428',2),(467,'VAA60491',2),(468,'VAA60491',11719500409000),(469,'VAA60428',11719500409000),(470,'VAA60491',5859750008148),(471,'VAA60428',5859750008148),(472,'VAA60428',2),(473,'VAA60491',11719500409000),(474,'VAA60428',11719500409000),(475,'VAA60491',5859750008148),(476,'VAA60428',5859750008148),(477,'VAA60491',2),(478,'VAA60428',2),(479,'VAA60491',2),(480,'VAA60491',17579250417148),(481,'VAA60491',2),(482,'VAA60428',2),(483,'VAA60491',2),(484,'VAA60491',17579250417148),(485,'VAA60428',17579250417148),(486,'VAA60491',35068357246462),(487,'VAA60428',35068357246462),(488,'VAA60491',35068357246462),(489,'VAA60491',35068357246462),(490,'VAA60428',35068357246462),(491,'VAA60491',35068357246462),(492,'VAA60428',35068357246462),(493,'VAA60428',5791030531412),(494,'VAA60428',5791030531412),(495,'VAA60491',11719500409002),(496,'VAA60486',17302225026556),(497,'VAA60433',11717352925352),(498,'VAA60448',17302225026556),(499,'VAA60499',17302225026556),(500,'VAA60474',17302225026556),(501,'VAA60468',5584872101204),(502,'VAA60491',5791030531412),(503,'VAA60488',35102716984830),(504,'VAA60425',11719500409002),(505,'VAA60452',35102716984830),(506,'VAA60492',11719500409002),(507,'VAA60458',35102716984830),(508,'VAA60482',35102716984830),(509,'VAA60403',5859750008128),(510,'VAA60467',35171436461566),(511,'VAA60429',35171436461566);
/*!40000 ALTER TABLE `creneaux_emploi_du_temps_enseignants` ENABLE KEYS */;
UNLOCK TABLES;

--
-- Table structure for table `creneaux_emploi_du_temps_regroupements`
--

DROP TABLE IF EXISTS `creneaux_emploi_du_temps_regroupements`;
/*!40101 SET @saved_cs_client     = @@character_set_client */;
/*!40101 SET character_set_client = utf8 */;
CREATE TABLE `creneaux_emploi_du_temps_regroupements` (
  `creneau_emploi_du_temps_id` int(11) NOT NULL,
  `regroupement_id` varchar(255) NOT NULL,
  `semaines_de_presence` bigint(20) NOT NULL DEFAULT '9007199254740991',
  PRIMARY KEY (`creneau_emploi_du_temps_id`,`regroupement_id`),
  CONSTRAINT `creneaux_emploi_du_temps_regroupements_ibfk_1` FOREIGN KEY (`creneau_emploi_du_temps_id`) REFERENCES `creneaux_emploi_du_temps` (`id`)
) ENGINE=InnoDB DEFAULT CHARSET=latin1;
/*!40101 SET character_set_client = @saved_cs_client */;

--
-- Dumping data for table `creneaux_emploi_du_temps_regroupements`
--

LOCK TABLES `creneaux_emploi_du_temps_regroupements` WRITE;
/*!40000 ALTER TABLE `creneaux_emploi_du_temps_regroupements` DISABLE KEYS */;
INSERT INTO `creneaux_emploi_du_temps_regroupements` VALUES (1,'23',17302225026556),(2,'24',17302225026556),(4,'23',17302225026556),(5,'24',17579250417148),(6,'23',35171436461566),(7,'24',2),(8,'49',17579250417148),(9,'54',17579250417148),(10,'24',35068357246462),(11,'23',35102716984830),(12,'54',35171436461566),(13,'54',35171436461566),(14,'49',35171436461566),(15,'49',35171436461566),(18,'22',17302225026556),(19,'29',17302225026556),(20,'22',2),(21,'22',35068357246462),(22,'29',35068357246462),(23,'22',35102716984822),(24,'29',35102716984830),(26,'47',17302225026556),(27,'18',17302225026556),(29,'1',17302225026556),(31,'6',17302225026556),(33,'23',17302225026556),(37,'59',17302225026556),(39,'7',34894411070972),(40,'51',17302225026556),(41,'37',17302225026556),(42,'7',17302225026556),(43,'1',17302225026556),(44,'45',2),(45,'7',2),(46,'37',17579250417144),(47,'33',17579250417148),(48,'6',17579250417148),(49,'20',2),(50,'1',35171436461566),(51,'37',17579250417144),(52,'45',17579250417148),(53,'6',2),(54,'31',17579250417148),(55,'23',17579250417148),(56,'11',17579250417148),(57,'33',2),(58,'47',17579250417148),(59,'56',17579250417148),(60,'7',17579250417148),(61,'47',2),(62,'45',17579250417148),(63,'59',17579250417148),(64,'18',17579250417148),(65,'33',17579250417148),(66,'51',35068357246462),(67,'51',35068357246462),(68,'20',35068357246406),(69,'7',35068357246462),(70,'20',35068357246406),(71,'37',35068357246462),(72,'6',35068357246406),(73,'7',35102716984830),(74,'47',35102716984830),(75,'7',35102716984830),(76,'1',35102716984830),(77,'56',35171436461566),(78,'47',35171436461566),(79,'56',35171436461566),(80,'20',35171436461566),(81,'51',35171436461566),(82,'45',35171436461566),(83,'18',35171436461566),(84,'33',35171436461566),(85,'23',35171436461566),(86,'11',35171436461566),(87,'11',35171436461566),(88,'59',35171436461566),(89,'31',35171436461566),(90,'31',35171436461566),(93,'22',17302225026556),(94,'7',17302225026556),(95,'22',2),(96,'22',35068357246462),(97,'7',35068357246462),(98,'22',35102716984830),(99,'7',35102716984830),(100,'37',35068357246462),(101,'13',35068357246462),(102,'18',35068357246462),(103,'56',35068357246462),(104,'20',35102716984830),(105,'47',35102716984822),(106,'7',35102716984830),(107,'9',35102716984830),(108,'51',35102716984830),(109,'39',35171436461566),(110,'7',35171436461566),(111,'23',35171436461566),(112,'45',35171436461566),(113,'33',35171436461566),(114,'59',35171436461566),(115,'30',35171436461566),(116,'59',17302225026556),(117,'37',17302225026556),(118,'45',17302225026556),(124,'30',17579250417148),(125,'47',2),(126,'18',2),(127,'47',17579250417148),(128,'7',2),(129,'51',2),(130,'59',2),(131,'39',2),(132,'56',35102716984830),(133,'13',35102716984830),(134,'7',35102716984830),(135,'23',35102716984826),(136,'18',35102716984826),(137,'39',35102716984830),(138,'20',35171436461566),(139,'9',35171436461546),(140,'51',35171436461566),(141,'7',35171436461546),(142,'33',35171436461546),(143,'7',17302225026428),(145,'56',17302225026556),(148,'9',17302225026524),(149,'13',17302225026524),(150,'51',2),(151,'37',2),(152,'20',2),(153,'59',2),(154,'56',2),(155,'18',2),(156,'30',35068357246462),(157,'59',35068357246462),(158,'20',35068357246462),(159,'23',35102716984822),(160,'47',35102716984822),(161,'18',35102716984822),(162,'51',35102716984822),(163,'7',35102716984822),(164,'33',35102716984822),(165,'39',35102716984822),(166,'37',35171436461566),(167,'45',35171436461566),(169,'59',17302225026556),(170,'20',17302225026556),(173,'51',17302225026556),(174,'23',17302225026556),(175,'33',17302225026556),(177,'7',34894411070972),(178,'23',17302225026556),(179,'13',17302225026556),(180,'7',17302225026556),(182,'56',34894411070972),(184,'20',17302225026556),(185,'7',17302225026556),(190,'45',17302225026556),(192,'39',5584872101204),(193,'9',2),(194,'18',2),(195,'20',2),(196,'39',2),(197,'51',17579250417148),(198,'7',17579250417148),(199,'59',2),(200,'13',2),(201,'33',2),(202,'9',17579250417148),(203,'7',17579250417148),(204,'23',2),(205,'59',35171436461566),(206,'56',2),(207,'30',17579250417148),(208,'23',17579250417148),(209,'30',2),(210,'45',2),(211,'7',2),(212,'7',2),(213,'45',17579250417148),(214,'59',17579250417148),(215,'51',2),(216,'47',2),(217,'39',2),(218,'18',17579250417148),(219,'20',17579250417148),(220,'37',2),(221,'20',2),(222,'37',17579250417148),(223,'13',2),(224,'37',17579250417148),(225,'13',17579250417148),(226,'7',17579250417148),(227,'39',17579250417148),(228,'33',17579250417148),(229,'47',35068357246462),(230,'56',35068357246462),(231,'30',35068357246462),(232,'9',35068357246462),(233,'7',35068357246462),(234,'33',11685140670634),(235,'51',35068357246462),(236,'45',35068357246462),(237,'51',35102716984830),(238,'47',35102716984822),(239,'18',35102716984830),(240,'20',35102716984830),(241,'7',35102716984830),(242,'30',35102716984830),(243,'47',35102716984822),(244,'9',35102716984830),(245,'39',35102716984830),(246,'37',35102716984830),(247,'45',35102716984830),(248,'13',35102716984830),(249,'56',35102716984830),(250,'23',35102716984830),(251,'9',35102716984830),(252,'37',35171436461534),(253,'7',5859750008148),(254,'7',5859750008148),(255,'59',35171436461566),(256,'39',35171436461566),(257,'47',35171436461534),(258,'13',35171436461566),(259,'56',35171436461566),(260,'30',35171436461566),(261,'39',35171436461566),(262,'18',35171436461566),(263,'33',35171436461566),(264,'18',35171436461566),(265,'33',35171436461566),(267,'20',17579250417148),(268,'7',17302225026556),(270,'20',17302225026556),(272,'59',17302225026556),(273,'5',17302225026556),(275,'40',17302225026556),(276,'7',34894411070972),(278,'7',2),(279,'5',2),(280,'20',2),(281,'59',2),(282,'20',17579250417148),(283,'7',17579250417148),(284,'5',35068357246462),(285,'40',35068357246462),(286,'7',35068357246462),(287,'7',35102716984830),(288,'59',35102716984830),(289,'20',35102716984830),(290,'5',35102716984822),(291,'40',35102716984830),(292,'59',35102716984830),(293,'7',35102716984830),(294,'13',17302225026556),(295,'25',17302225026556),(296,'16',17302225026556),(299,'13',17579250417148),(300,'16',2),(301,'16',17579250417148),(302,'16',35068357246462),(303,'25',35102716984830),(304,'13',35102716984830),(307,'56',17302225026556),(312,'18',5584872101204),(313,'13',17302225026540),(318,'33',17302225026556),(322,'45',17302225026556),(323,'13',11717352925352),(325,'20',17302225026556),(326,'7',17302225026556),(329,'23',17302225026556),(331,'51',17302225026556),(332,'18',17302225026556),(333,'20',17302225026556),(334,'56',17302225026556),(335,'39',17302225026556),(336,'18',17579250417144),(337,'59',17579250417148),(338,'7',17579250417148),(339,'51',2),(340,'39',2),(341,'33',17579250417144),(342,'30',2),(343,'45',2),(344,'45',17579250417144),(345,'7',17579250417148),(346,'47',2),(347,'18',2),(348,'20',2),(349,'9',5859750008144),(350,'20',11719500409000),(351,'37',2),(352,'23',2),(353,'9',2),(354,'39',17579250417148),(355,'30',35068357246462),(356,'23',35068357246462),(357,'7',35068357246462),(358,'47',35068357246462),(359,'59',11685140670634),(360,'56',5791030531412),(361,'37',35068357246462),(362,'30',35068357246462),(363,'23',35068357246462),(364,'13',35068357246462),(365,'37',35102716984830),(366,'33',35102716984830),(367,'51',35102716984830),(368,'9',35102716984830),(369,'7',35102716984830),(370,'33',35102716984830),(371,'37',35102716984830),(372,'56',35102716984830),(373,'7',35102716984830),(374,'30',35102716984830),(375,'9',35102716984830),(376,'39',35102716984830),(377,'47',35102716984830),(378,'59',35102716984830),(379,'20',35102716984830),(380,'59',35102716984830),(381,'47',35102716984830),(382,'13',35102716984830),(383,'7',35102716984830),(384,'51',35171436461566),(385,'23',11719500409002),(386,'45',5859750008148),(387,'51',35171436461566),(388,'45',35171436461566),(389,'18',35171436461566),(390,'39',35171436461566),(391,'9',35171436461566),(392,'7',35171436461566),(393,'30',35171436461566),(394,'37',35171436461566),(395,'47',35171436461566),(396,'45',17302225026556),(397,'39',17302225026556),(398,'39',17302225026556),(399,'7',17302225026556),(402,'18',17302225026556),(403,'56',17302225026556),(405,'23',5584872101204),(406,'59',2),(407,'20',17579250417148),(408,'13',2),(409,'9',17579250417148),(410,'9',11719500409000),(411,'56',5859750008148),(412,'20',5791030531412),(413,'59',35102716984830),(414,'7',35102716984830),(415,'18',5791030531412),(416,'33',35102716984822),(417,'59',11719500409002),(418,'13',5859750008148),(419,'13',35171436461566),(420,'33',35171436461566),(421,'23',35171436461566),(422,'45',11719500409002),(423,'7',35171436461566),(424,'7',35171436461566),(425,'30',17302225026500),(426,'40',17302225026556),(427,'23',34894411070916),(428,'25',17302225026556),(430,'59',17302225026556),(431,'13',17302225026556),(435,'6',11717352925352),(436,'30',11717352925352),(437,'22',5584872101204),(438,'44',5584872101204),(439,'38',5584872101204),(443,'40',17302225026556),(444,'20',17302225026556),(445,'26',17302225026556),(448,'46',17302225026556),(451,'29',17302225026556),(452,'10',17302225026556),(453,'30',17302225026556),(454,'25',2),(455,'23',5859750008150),(456,'25',17579250417148),(457,'46',11719500409000),(458,'25',2),(459,'40',17579250417148),(460,'20',17579250417148),(461,'26',17579250417148),(462,'29',35171436461566),(463,'10',35171436461566),(464,'30',35171436461566),(465,'22',2),(466,'44',2),(467,'38',2),(468,'10',11719500409000),(469,'3',11719500409000),(470,'59',5859750008148),(471,'13',5859750008148),(472,'25',2),(473,'42',11719500409000),(474,'33',11719500409000),(475,'30',5859750008148),(476,'40',5859750008148),(477,'40',2),(478,'20',2),(479,'26',2),(480,'52',17579250417148),(481,'29',2),(482,'10',2),(483,'30',2),(484,'6',17579250417148),(485,'30',17579250417148),(486,'22',35068357246462),(487,'44',35068357246462),(488,'38',35068357246462),(489,'10',35068357246462),(490,'3',35068357246462),(491,'42',35068357246462),(492,'33',35068357246462),(493,'25',5791030531412),(494,'25',5791030531412),(495,'52',11719500409002),(496,'7',17302225026556),(497,'47',11717352925352),(498,'51',17302225026556),(499,'30',17302225026556),(500,'13',17302225026556),(501,'59',5584872101204),(502,'33',5791030531412),(503,'39',35102716984830),(504,'56',11719500409002),(505,'18',35102716984830),(506,'9',11719500409002),(507,'7',35102716984830),(508,'20',35102716984830),(509,'45',5859750008128),(510,'23',35171436461566),(511,'37',35171436461566);
/*!40000 ALTER TABLE `creneaux_emploi_du_temps_regroupements` ENABLE KEYS */;
UNLOCK TABLES;

--
-- Table structure for table `creneaux_emploi_du_temps_salles`
--

DROP TABLE IF EXISTS `creneaux_emploi_du_temps_salles`;
/*!40101 SET @saved_cs_client     = @@character_set_client */;
/*!40101 SET character_set_client = utf8 */;
CREATE TABLE `creneaux_emploi_du_temps_salles` (
  `creneau_emploi_du_temps_id` int(11) NOT NULL,
  `salle_id` int(11) NOT NULL,
  `semaines_de_presence` bigint(20) NOT NULL DEFAULT '9007199254740991',
  PRIMARY KEY (`creneau_emploi_du_temps_id`,`salle_id`),
  KEY `salle_id` (`salle_id`),
  CONSTRAINT `creneaux_emploi_du_temps_salles_ibfk_1` FOREIGN KEY (`creneau_emploi_du_temps_id`) REFERENCES `creneaux_emploi_du_temps` (`id`),
  CONSTRAINT `creneaux_emploi_du_temps_salles_ibfk_2` FOREIGN KEY (`salle_id`) REFERENCES `salles` (`id`)
) ENGINE=InnoDB DEFAULT CHARSET=latin1;
/*!40101 SET character_set_client = @saved_cs_client */;

--
-- Dumping data for table `creneaux_emploi_du_temps_salles`
--

LOCK TABLES `creneaux_emploi_du_temps_salles` WRITE;
/*!40000 ALTER TABLE `creneaux_emploi_du_temps_salles` DISABLE KEYS */;
INSERT INTO `creneaux_emploi_du_temps_salles` VALUES (1,8,17302225026556),(2,8,17302225026556),(4,8,17302225026556),(5,8,17579250417148),(6,8,35171436461566),(7,8,2),(8,8,17579250417148),(9,8,17579250417148),(10,8,35068357246462),(11,8,35102716984830),(12,8,35171436461566),(13,8,35171436461566),(14,8,35171436461566),(15,8,35171436461566),(18,8,17302225026556),(19,8,17302225026556),(20,8,2),(21,8,35068357246462),(22,8,35068357246462),(23,8,35102716984822),(24,8,35102716984830),(26,19,17302225026556),(27,14,17302225026556),(29,19,17302225026556),(31,19,17302225026556),(33,19,17302225026556),(37,14,17302225026556),(39,17,34894411070972),(40,14,17302225026556),(41,14,17302225026556),(42,17,17302225026556),(43,19,17302225026556),(44,19,2),(45,17,2),(46,14,17579250417144),(47,19,17579250417148),(48,18,17579250417148),(49,19,2),(50,17,35171436461566),(51,14,17579250417144),(52,19,17579250417148),(53,19,2),(54,19,17579250417148),(55,19,17579250417148),(56,14,17579250417148),(57,19,2),(58,19,17579250417148),(59,14,17579250417148),(60,17,17579250417148),(61,19,2),(62,19,17579250417148),(63,14,17579250417148),(64,14,17579250417148),(65,19,17579250417148),(66,14,35068357246462),(67,14,35068357246462),(68,19,35068357246406),(69,17,35068357246462),(70,19,35068357246406),(71,14,35068357246462),(73,17,35102716984830),(74,19,35102716984830),(75,17,35102716984830),(76,19,35102716984830),(77,14,35171436461566),(78,19,35171436461566),(79,14,35171436461566),(80,19,35171436461566),(81,14,35171436461566),(82,19,35171436461566),(83,17,35171436461566),(84,19,35171436461566),(85,19,35171436461566),(86,14,35171436461566),(87,14,35171436461566),(88,14,35171436461566),(89,17,35171436461566),(90,19,35171436461566),(93,17,17302225026556),(94,7,17302225026556),(95,17,2),(96,17,35068357246462),(97,17,35068357246462),(98,17,35102716984830),(99,17,35102716984830),(100,4,35068357246462),(101,4,35068357246462),(102,4,35068357246462),(103,4,35068357246462),(104,4,35102716984830),(105,4,35102716984822),(106,4,35102716984830),(107,4,35102716984830),(108,4,35102716984830),(109,4,35171436461566),(110,4,35171436461566),(111,4,35171436461566),(112,4,35171436461566),(113,4,35171436461566),(114,4,35171436461566),(115,4,35171436461566),(116,13,17302225026556),(117,13,17302225026556),(118,11,17302225026556),(124,13,17579250417148),(125,13,2),(126,11,2),(127,13,17579250417148),(128,12,2),(129,13,2),(130,13,2),(131,12,2),(132,12,35102716984830),(133,13,35102716984830),(134,12,35102716984830),(135,11,35102716984826),(136,11,35102716984826),(137,12,35102716984830),(138,12,35171436461566),(139,11,35171436461546),(140,13,35171436461566),(141,11,35171436461546),(142,11,35171436461546),(143,1,17302225026428),(145,1,17302225026556),(148,1,17302225026524),(149,1,17302225026524),(150,1,2),(151,1,2),(152,1,2),(153,1,2),(154,1,2),(155,1,2),(156,1,35068357246462),(157,1,35068357246462),(158,1,35068357246462),(159,1,35102716984822),(160,1,35102716984822),(161,1,35102716984822),(162,1,35102716984822),(163,1,35102716984822),(164,1,35102716984822),(165,1,35102716984822),(166,1,35171436461566),(167,1,35171436461566),(169,2,17302225026556),(170,6,17302225026556),(173,6,17302225026556),(174,14,17302225026556),(175,2,17302225026556),(177,2,34894411070972),(178,14,17302225026556),(179,6,17302225026556),(180,3,17302225026556),(182,3,34894411070972),(184,6,17302225026556),(185,2,17302225026556),(190,12,17302225026556),(192,3,5584872101204),(193,14,2),(194,6,2),(195,10,2),(196,3,2),(197,6,17579250417148),(198,2,17579250417148),(199,2,2),(200,10,2),(201,6,2),(202,3,17579250417148),(203,2,17579250417148),(204,14,2),(205,2,35171436461566),(206,3,2),(207,9,17579250417148),(208,3,17579250417148),(209,6,2),(210,13,2),(211,3,2),(212,2,2),(213,3,17579250417148),(214,2,17579250417148),(215,6,2),(216,2,2),(217,3,2),(218,6,17579250417148),(219,18,17579250417148),(220,2,2),(221,6,2),(222,6,17579250417148),(223,6,2),(224,2,17579250417148),(225,6,17579250417148),(226,3,17579250417148),(227,3,17579250417148),(228,6,17579250417148),(229,6,35068357246462),(230,3,35068357246462),(231,6,35068357246462),(232,13,35068357246462),(233,3,35068357246462),(234,2,11685140670634),(235,6,35068357246462),(236,13,35068357246462),(237,11,35102716984830),(238,6,35102716984822),(239,2,35102716984830),(240,6,35102716984830),(241,3,35102716984830),(242,6,35102716984830),(243,2,35102716984822),(244,14,35102716984830),(245,3,35102716984830),(246,2,35102716984830),(247,13,35102716984830),(248,6,35102716984830),(249,3,35102716984830),(250,13,35102716984830),(251,3,35102716984830),(252,6,35171436461534),(253,3,5859750008148),(254,2,5859750008148),(255,2,35171436461566),(256,3,35171436461566),(257,6,35171436461534),(258,18,35171436461566),(259,3,35171436461566),(260,11,35171436461566),(261,3,35171436461566),(262,6,35171436461566),(263,6,35171436461566),(264,6,35171436461566),(265,6,35171436461566),(267,3,17579250417148),(268,18,17302225026556),(270,18,17302225026556),(272,18,17302225026556),(273,18,17302225026556),(275,18,17302225026556),(276,18,34894411070972),(278,18,2),(279,18,2),(280,18,2),(281,18,2),(282,18,17579250417148),(283,18,17579250417148),(284,18,35068357246462),(285,18,35068357246462),(286,18,35068357246462),(287,18,35102716984830),(288,18,35102716984830),(289,18,35102716984830),(290,18,35102716984822),(291,18,35102716984830),(292,18,35102716984830),(293,18,35102716984830),(294,3,17302225026556),(295,3,17302225026556),(296,22,17302225026556),(299,3,17579250417148),(301,22,17579250417148),(302,22,35068357246462),(303,3,35102716984830),(304,13,35102716984830),(307,10,17302225026556),(312,10,5584872101204),(313,15,17302225026540),(318,15,17302225026556),(322,10,17302225026556),(323,15,11717352925352),(325,21,17302225026556),(326,15,17302225026556),(329,10,17302225026556),(331,9,17302225026556),(332,10,17302225026556),(333,15,17302225026556),(334,10,17302225026556),(335,15,17302225026556),(336,10,17579250417144),(337,15,17579250417148),(338,16,17579250417148),(339,9,2),(340,15,2),(341,15,17579250417144),(342,9,2),(343,10,2),(344,10,17579250417144),(345,16,17579250417148),(346,9,2),(347,10,2),(348,15,2),(349,10,5859750008144),(350,21,11719500409000),(351,9,2),(352,10,2),(353,10,2),(354,15,17579250417148),(355,9,35068357246462),(356,10,35068357246462),(357,15,35068357246462),(358,9,35068357246462),(359,15,11685140670634),(360,10,5791030531412),(361,9,35068357246462),(362,9,35068357246462),(363,10,35068357246462),(364,15,35068357246462),(365,9,35102716984830),(366,15,35102716984830),(367,9,35102716984830),(368,10,35102716984830),(369,15,35102716984830),(370,15,35102716984830),(371,9,35102716984830),(372,10,35102716984830),(373,21,35102716984830),(374,9,35102716984830),(375,10,35102716984830),(376,21,35102716984830),(377,9,35102716984830),(378,15,35102716984830),(379,16,35102716984830),(380,15,35102716984830),(381,9,35102716984830),(382,15,35102716984830),(383,15,35102716984830),(384,9,35171436461566),(385,10,11719500409002),(386,10,5859750008148),(387,9,35171436461566),(388,10,35171436461566),(389,10,35171436461566),(390,15,35171436461566),(391,10,35171436461566),(392,21,35171436461566),(393,9,35171436461566),(394,9,35171436461566),(395,9,35171436461566),(396,16,17302225026556),(397,16,17302225026556),(398,16,17302225026556),(399,16,17302225026556),(402,16,17302225026556),(403,21,17302225026556),(405,16,5584872101204),(406,16,2),(407,16,17579250417148),(408,16,2),(409,16,17579250417148),(410,16,11719500409000),(411,21,5859750008148),(412,16,5791030531412),(413,16,35102716984830),(414,16,35102716984830),(415,16,5791030531412),(416,16,35102716984822),(417,16,11719500409002),(418,21,5859750008148),(419,16,35171436461566),(420,16,35171436461566),(421,16,35171436461566),(422,16,11719500409002),(423,16,35171436461566),(424,16,35171436461566),(425,23,17302225026500),(426,24,17302225026556),(427,23,34894411070916),(428,24,17302225026556),(430,23,17302225026556),(431,24,17302225026556),(435,23,11717352925352),(436,24,11717352925352),(437,22,5584872101204),(438,23,5584872101204),(439,24,5584872101204),(443,22,17302225026556),(444,23,17302225026556),(445,24,17302225026556),(448,23,17302225026556),(454,24,2),(455,23,5859750008150),(456,24,17579250417148),(457,23,11719500409000),(458,24,2),(459,22,17579250417148),(460,23,17579250417148),(461,24,17579250417148),(468,23,11719500409000),(469,24,11719500409000),(470,23,5859750008148),(471,24,5859750008148),(472,24,2),(473,23,11719500409000),(474,24,11719500409000),(475,23,5859750008148),(476,24,5859750008148),(480,23,17579250417148),(484,23,17579250417148),(485,24,17579250417148),(486,22,35068357246462),(487,23,35068357246462),(488,24,35068357246462),(489,23,35068357246462),(490,24,35068357246462),(491,23,35068357246462),(492,24,35068357246462),(493,24,5791030531412),(494,24,5791030531412),(495,23,11719500409002),(497,10,11717352925352),(510,19,35171436461566);
/*!40000 ALTER TABLE `creneaux_emploi_du_temps_salles` ENABLE KEYS */;
UNLOCK TABLES;

--
-- Table structure for table `devoir_todo_items`
--

DROP TABLE IF EXISTS `devoir_todo_items`;
/*!40101 SET @saved_cs_client     = @@character_set_client */;
/*!40101 SET character_set_client = utf8 */;
CREATE TABLE `devoir_todo_items` (
  `id` int(11) NOT NULL AUTO_INCREMENT,
  `devoir_id` int(11) NOT NULL,
  `eleve_id` varchar(255) NOT NULL,
  `date_fait` datetime NOT NULL,
  PRIMARY KEY (`id`),
  KEY `devoir_id` (`devoir_id`),
  KEY `devoir_todo_items_id_index` (`id`),
  KEY `devoir_todo_items_eleve_id_index` (`eleve_id`),
  CONSTRAINT `devoir_todo_items_ibfk_1` FOREIGN KEY (`devoir_id`) REFERENCES `devoirs` (`id`)
) ENGINE=InnoDB DEFAULT CHARSET=latin1;
/*!40101 SET character_set_client = @saved_cs_client */;

--
-- Dumping data for table `devoir_todo_items`
--

LOCK TABLES `devoir_todo_items` WRITE;
/*!40000 ALTER TABLE `devoir_todo_items` DISABLE KEYS */;
/*!40000 ALTER TABLE `devoir_todo_items` ENABLE KEYS */;
UNLOCK TABLES;

--
-- Table structure for table `devoirs`
--

DROP TABLE IF EXISTS `devoirs`;
/*!40101 SET @saved_cs_client     = @@character_set_client */;
/*!40101 SET character_set_client = utf8 */;
CREATE TABLE `devoirs` (
  `id` int(11) NOT NULL AUTO_INCREMENT,
  `cours_id` int(11) DEFAULT NULL,
  `creneau_emploi_du_temps_id` int(11) NOT NULL,
  `type_devoir_id` int(11) NOT NULL,
  `contenu` varchar(4096) DEFAULT NULL,
  `date_creation` datetime NOT NULL,
  `date_modification` datetime DEFAULT NULL,
  `date_validation` datetime DEFAULT NULL,
  `date_due` date NOT NULL,
  `temps_estime` int(11) DEFAULT NULL,
  `deleted` tinyint(1) DEFAULT '0',
  PRIMARY KEY (`id`),
  KEY `cours_id` (`cours_id`),
  KEY `creneau_emploi_du_temps_id` (`creneau_emploi_du_temps_id`),
  KEY `type_devoir_id` (`type_devoir_id`),
  KEY `devoirs_id_index` (`id`),
  CONSTRAINT `devoirs_ibfk_1` FOREIGN KEY (`cours_id`) REFERENCES `cours` (`id`),
  CONSTRAINT `devoirs_ibfk_2` FOREIGN KEY (`creneau_emploi_du_temps_id`) REFERENCES `creneaux_emploi_du_temps` (`id`),
  CONSTRAINT `devoirs_ibfk_3` FOREIGN KEY (`type_devoir_id`) REFERENCES `types_devoir` (`id`)
) ENGINE=InnoDB AUTO_INCREMENT=775 DEFAULT CHARSET=latin1;
/*!40101 SET character_set_client = @saved_cs_client */;

--
-- Dumping data for table `devoirs`
--

LOCK TABLES `devoirs` WRITE;
/*!40000 ALTER TABLE `devoirs` DISABLE KEYS */;
INSERT INTO `devoirs` VALUES (2,3,11,10,'Exemple de devoir.','0000-00-00 00:00:00',NULL,NULL,'2013-11-14',74,0),(3,4,412,7,'Exemple de devoir.','0000-00-00 00:00:00',NULL,NULL,'2013-11-14',17,0),(4,5,104,6,'Exemple de devoir.','0000-00-00 00:00:00',NULL,NULL,'2013-11-14',37,0),(5,6,366,6,'Exemple de devoir.','0000-00-00 00:00:00',NULL,NULL,'2013-11-14',93,0),(6,8,493,5,'Exemple de devoir.','0000-00-00 00:00:00',NULL,NULL,'2013-11-14',36,0),(7,9,159,11,'Exemple de devoir.','0000-00-00 00:00:00',NULL,NULL,'2013-11-14',43,0),(8,11,23,4,'Exemple de devoir.','0000-00-00 00:00:00',NULL,NULL,'2013-11-14',85,0),(9,12,244,9,'Exemple de devoir.','0000-00-00 00:00:00',NULL,NULL,'2013-11-14',10,0),(10,15,369,12,'Exemple de devoir.','0000-00-00 00:00:00',NULL,NULL,'2013-11-14',120,0),(11,16,493,1,'Exemple de devoir.','0000-00-00 00:00:00',NULL,NULL,'2013-11-14',5,0),(12,17,237,15,'Exemple de devoir.','0000-00-00 00:00:00',NULL,NULL,'2013-11-14',64,0),(13,18,241,14,'Exemple de devoir.','0000-00-00 00:00:00',NULL,NULL,'2013-11-14',87,0),(14,21,366,1,'Exemple de devoir.','0000-00-00 00:00:00',NULL,NULL,'2013-11-14',107,0),(15,22,74,15,'Exemple de devoir.','0000-00-00 00:00:00',NULL,NULL,'2013-11-14',23,0),(16,23,11,15,'Exemple de devoir.','0000-00-00 00:00:00',NULL,NULL,'2013-11-14',17,0),(17,26,369,5,'Exemple de devoir.','0000-00-00 00:00:00',NULL,NULL,'2013-11-14',108,0),(18,27,11,7,'Exemple de devoir.','0000-00-00 00:00:00',NULL,NULL,'2013-11-14',6,0),(19,28,287,18,'Exemple de devoir.','0000-00-00 00:00:00',NULL,NULL,'2013-11-14',2,0),(20,29,98,17,'Exemple de devoir.','0000-00-00 00:00:00',NULL,NULL,'2013-11-14',19,0),(21,30,493,6,'Exemple de devoir.','0000-00-00 00:00:00',NULL,NULL,'2013-11-14',119,0),(22,32,159,7,'Exemple de devoir.','0000-00-00 00:00:00',NULL,NULL,'2013-11-14',30,0),(23,34,365,11,'Exemple de devoir.','0000-00-00 00:00:00',NULL,NULL,'2013-11-14',16,0),(24,36,237,18,'Exemple de devoir.','0000-00-00 00:00:00',NULL,NULL,'2013-11-14',3,0),(25,37,23,13,'Exemple de devoir.','0000-00-00 00:00:00',NULL,NULL,'2013-11-14',97,0),(26,38,241,15,'Exemple de devoir.','0000-00-00 00:00:00',NULL,NULL,'2013-11-14',46,0),(27,39,412,17,'Exemple de devoir.','0000-00-00 00:00:00',NULL,NULL,'2013-11-14',50,0),(28,40,493,10,'Exemple de devoir.','0000-00-00 00:00:00',NULL,NULL,'2013-11-14',98,0),(29,41,287,17,'Exemple de devoir.','0000-00-00 00:00:00',NULL,NULL,'2013-11-14',24,0),(30,44,287,4,'Exemple de devoir.','0000-00-00 00:00:00',NULL,NULL,'2013-11-14',91,0),(31,45,304,1,'Exemple de devoir.','0000-00-00 00:00:00',NULL,NULL,'2013-11-14',97,0),(32,47,414,17,'Exemple de devoir.','0000-00-00 00:00:00',NULL,NULL,'2013-11-14',43,0),(33,48,244,16,'Exemple de devoir.','0000-00-00 00:00:00',NULL,NULL,'2013-11-14',36,0),(34,49,74,2,'Exemple de devoir.','0000-00-00 00:00:00',NULL,NULL,'2013-11-14',69,0),(35,54,237,13,'Exemple de devoir.','0000-00-00 00:00:00',NULL,NULL,'2013-11-14',110,0),(36,56,241,2,'Exemple de devoir.','0000-00-00 00:00:00',NULL,NULL,'2013-11-14',55,0),(37,59,493,3,'Exemple de devoir.','0000-00-00 00:00:00',NULL,NULL,'2013-11-14',119,0),(38,60,366,13,'Exemple de devoir.','0000-00-00 00:00:00',NULL,NULL,'2013-11-14',39,0),(39,62,414,2,'Exemple de devoir.','0000-00-00 00:00:00',NULL,NULL,'2013-11-14',46,0),(40,63,241,17,'Exemple de devoir.','0000-00-00 00:00:00',NULL,NULL,'2013-11-14',48,0),(41,64,241,2,'Exemple de devoir.','0000-00-00 00:00:00',NULL,NULL,'2013-11-14',40,0),(42,65,11,3,'Exemple de devoir.','0000-00-00 00:00:00',NULL,NULL,'2013-11-14',38,0),(43,68,244,18,'Exemple de devoir.','0000-00-00 00:00:00',NULL,NULL,'2013-11-14',87,0),(44,69,237,9,'Exemple de devoir.','0000-00-00 00:00:00',NULL,NULL,'2013-11-14',105,0),(45,71,159,6,'Exemple de devoir.','0000-00-00 00:00:00',NULL,NULL,'2013-11-14',69,0),(46,73,104,15,'Exemple de devoir.','0000-00-00 00:00:00',NULL,NULL,'2013-11-14',7,0),(47,74,237,16,'Exemple de devoir.','0000-00-00 00:00:00',NULL,NULL,'2013-11-14',39,0),(48,75,365,15,'Exemple de devoir.','0000-00-00 00:00:00',NULL,NULL,'2013-11-14',90,0),(49,76,237,16,'Exemple de devoir.','0000-00-00 00:00:00',NULL,NULL,'2013-11-14',36,0),(50,77,373,12,'Exemple de devoir.','0000-00-00 00:00:00',NULL,NULL,'2013-11-14',77,0),(51,82,366,2,'Exemple de devoir.','0000-00-00 00:00:00',NULL,NULL,'2013-11-14',94,0),(52,83,237,5,'Exemple de devoir.','0000-00-00 00:00:00',NULL,NULL,'2013-11-14',111,0),(53,84,304,2,'Exemple de devoir.','0000-00-00 00:00:00',NULL,NULL,'2013-11-14',101,0),(54,85,238,6,'Exemple de devoir.','0000-00-00 00:00:00',NULL,NULL,'2013-11-14',10,0),(55,87,238,1,'Exemple de devoir.','0000-00-00 00:00:00',NULL,NULL,'2013-11-14',33,0),(56,89,23,3,'Exemple de devoir.','0000-00-00 00:00:00',NULL,NULL,'2013-11-14',97,0),(57,90,369,11,'Exemple de devoir.','0000-00-00 00:00:00',NULL,NULL,'2013-11-14',120,0),(58,91,237,10,'Exemple de devoir.','0000-00-00 00:00:00',NULL,NULL,'2013-11-14',50,0),(59,92,365,14,'Exemple de devoir.','0000-00-00 00:00:00',NULL,NULL,'2013-11-14',9,0),(60,93,23,2,'Exemple de devoir.','0000-00-00 00:00:00',NULL,NULL,'2013-11-14',95,0),(61,94,237,18,'Exemple de devoir.','0000-00-00 00:00:00',NULL,NULL,'2013-11-14',24,0),(62,95,159,6,'Exemple de devoir.','0000-00-00 00:00:00',NULL,NULL,'2013-11-14',32,0),(63,103,104,9,'Exemple de devoir.','0000-00-00 00:00:00',NULL,NULL,'2013-11-14',116,0),(64,105,159,13,'Exemple de devoir.','0000-00-00 00:00:00',NULL,NULL,'2013-11-14',18,0),(65,108,133,13,'Exemple de devoir.','0000-00-00 00:00:00',NULL,NULL,'2013-11-14',41,0),(66,109,507,4,'Exemple de devoir.','0000-00-00 00:00:00',NULL,NULL,'2013-11-14',104,0),(67,111,159,13,'Exemple de devoir.','0000-00-00 00:00:00',NULL,NULL,'2013-11-14',56,0),(68,114,11,3,'Exemple de devoir.','0000-00-00 00:00:00',NULL,NULL,'2013-11-14',59,0),(69,115,74,12,'Exemple de devoir.','0000-00-00 00:00:00',NULL,NULL,'2013-11-14',54,0),(70,116,507,17,'Exemple de devoir.','0000-00-00 00:00:00',NULL,NULL,'2013-11-14',54,0),(71,118,365,7,'Exemple de devoir.','0000-00-00 00:00:00',NULL,NULL,'2013-11-14',114,0),(72,120,373,6,'Exemple de devoir.','0000-00-00 00:00:00',NULL,NULL,'2013-11-14',85,0),(73,122,493,5,'Exemple de devoir.','0000-00-00 00:00:00',NULL,NULL,'2013-11-14',85,0),(74,126,11,10,'Exemple de devoir.','0000-00-00 00:00:00',NULL,NULL,'2013-11-14',66,0),(75,127,104,10,'Exemple de devoir.','0000-00-00 00:00:00',NULL,NULL,'2013-11-14',75,0),(76,128,133,14,'Exemple de devoir.','0000-00-00 00:00:00',NULL,NULL,'2013-11-14',83,0),(77,131,412,16,'Exemple de devoir.','0000-00-00 00:00:00',NULL,NULL,'2013-11-14',0,0),(78,132,287,7,'Exemple de devoir.','0000-00-00 00:00:00',NULL,NULL,'2013-11-14',26,0),(79,133,23,3,'Exemple de devoir.','0000-00-00 00:00:00',NULL,NULL,'2013-11-14',95,0),(80,134,159,16,'Exemple de devoir.','0000-00-00 00:00:00',NULL,NULL,'2013-11-14',21,0),(81,135,159,9,'Exemple de devoir.','0000-00-00 00:00:00',NULL,NULL,'2013-11-14',62,0),(82,136,369,12,'Exemple de devoir.','0000-00-00 00:00:00',NULL,NULL,'2013-11-14',92,0),(83,138,287,9,'Exemple de devoir.','0000-00-00 00:00:00',NULL,NULL,'2013-11-14',3,0),(84,140,238,17,'Exemple de devoir.','0000-00-00 00:00:00',NULL,NULL,'2013-11-14',41,0),(85,142,369,6,'Exemple de devoir.','0000-00-00 00:00:00',NULL,NULL,'2013-11-14',22,0),(86,146,369,17,'Exemple de devoir.','0000-00-00 00:00:00',NULL,NULL,'2013-11-14',88,0),(87,147,414,13,'Exemple de devoir.','0000-00-00 00:00:00',NULL,NULL,'2013-11-14',116,0),(88,148,414,5,'Exemple de devoir.','0000-00-00 00:00:00',NULL,NULL,'2013-11-14',9,0),(89,150,237,11,'Exemple de devoir.','0000-00-00 00:00:00',NULL,NULL,'2013-11-14',84,0),(90,153,412,15,'Exemple de devoir.','0000-00-00 00:00:00',NULL,NULL,'2013-11-14',15,0),(91,154,98,13,'Exemple de devoir.','0000-00-00 00:00:00',NULL,NULL,'2013-11-14',64,0),(92,155,74,8,'Exemple de devoir.','0000-00-00 00:00:00',NULL,NULL,'2013-11-14',21,0),(93,156,237,7,'Exemple de devoir.','0000-00-00 00:00:00',NULL,NULL,'2013-11-14',7,0),(94,157,11,2,'Exemple de devoir.','0000-00-00 00:00:00',NULL,NULL,'2013-11-14',92,0),(95,158,493,18,'Exemple de devoir.','0000-00-00 00:00:00',NULL,NULL,'2013-11-14',101,0),(96,159,98,18,'Exemple de devoir.','0000-00-00 00:00:00',NULL,NULL,'2013-11-14',28,0),(97,160,412,8,'Exemple de devoir.','0000-00-00 00:00:00',NULL,NULL,'2013-11-14',20,0),(98,162,373,14,'Exemple de devoir.','0000-00-00 00:00:00',NULL,NULL,'2013-11-14',53,0),(99,164,369,4,'Exemple de devoir.','0000-00-00 00:00:00',NULL,NULL,'2013-11-14',89,0),(100,165,373,16,'Exemple de devoir.','0000-00-00 00:00:00',NULL,NULL,'2013-11-14',19,0),(101,167,414,11,'Exemple de devoir.','0000-00-00 00:00:00',NULL,NULL,'2013-11-14',22,0),(102,169,369,11,'Exemple de devoir.','0000-00-00 00:00:00',NULL,NULL,'2013-11-14',2,0),(103,170,159,18,'Exemple de devoir.','0000-00-00 00:00:00',NULL,NULL,'2013-11-14',73,0),(104,171,238,15,'Exemple de devoir.','0000-00-00 00:00:00',NULL,NULL,'2013-11-14',28,0),(105,172,23,10,'Exemple de devoir.','0000-00-00 00:00:00',NULL,NULL,'2013-11-14',20,0),(106,173,244,18,'Exemple de devoir.','0000-00-00 00:00:00',NULL,NULL,'2013-11-14',107,0),(107,174,493,14,'Exemple de devoir.','0000-00-00 00:00:00',NULL,NULL,'2013-11-14',101,0),(108,175,238,9,'Exemple de devoir.','0000-00-00 00:00:00',NULL,NULL,'2013-11-14',71,0),(109,176,237,13,'Exemple de devoir.','0000-00-00 00:00:00',NULL,NULL,'2013-11-14',42,0),(110,177,493,13,'Exemple de devoir.','0000-00-00 00:00:00',NULL,NULL,'2013-11-14',20,0),(111,178,493,16,'Exemple de devoir.','0000-00-00 00:00:00',NULL,NULL,'2013-11-14',42,0),(112,179,493,14,'Exemple de devoir.','0000-00-00 00:00:00',NULL,NULL,'2013-11-14',68,0),(113,180,493,4,'Exemple de devoir.','0000-00-00 00:00:00',NULL,NULL,'2013-11-14',56,0),(114,181,237,2,'Exemple de devoir.','0000-00-00 00:00:00',NULL,NULL,'2013-11-14',59,0),(115,182,133,3,'Exemple de devoir.','0000-00-00 00:00:00',NULL,NULL,'2013-11-14',6,0),(116,183,241,17,'Exemple de devoir.','0000-00-00 00:00:00',NULL,NULL,'2013-11-14',5,0),(117,186,104,16,'Exemple de devoir.','0000-00-00 00:00:00',NULL,NULL,'2013-11-14',97,0),(118,187,366,7,'Exemple de devoir.','0000-00-00 00:00:00',NULL,NULL,'2013-11-14',22,0),(119,188,104,14,'Exemple de devoir.','0000-00-00 00:00:00',NULL,NULL,'2013-11-14',74,0),(120,190,241,12,'Exemple de devoir.','0000-00-00 00:00:00',NULL,NULL,'2013-11-14',3,0),(121,192,133,13,'Exemple de devoir.','0000-00-00 00:00:00',NULL,NULL,'2013-11-14',35,0),(122,193,412,16,'Exemple de devoir.','0000-00-00 00:00:00',NULL,NULL,'2013-11-14',114,0),(123,196,133,5,'Exemple de devoir.','0000-00-00 00:00:00',NULL,NULL,'2013-11-14',36,0),(124,199,159,3,'Exemple de devoir.','0000-00-00 00:00:00',NULL,NULL,'2013-11-14',84,0),(125,201,237,14,'Exemple de devoir.','0000-00-00 00:00:00',NULL,NULL,'2013-11-14',89,0),(126,202,23,3,'Exemple de devoir.','0000-00-00 00:00:00',NULL,NULL,'2013-11-14',14,0),(127,203,304,17,'Exemple de devoir.','0000-00-00 00:00:00',NULL,NULL,'2013-11-14',29,0),(128,204,237,15,'Exemple de devoir.','0000-00-00 00:00:00',NULL,NULL,'2013-11-14',5,0),(129,205,373,3,'Exemple de devoir.','0000-00-00 00:00:00',NULL,NULL,'2013-11-14',81,0),(130,207,133,4,'Exemple de devoir.','0000-00-00 00:00:00',NULL,NULL,'2013-11-14',104,0),(131,209,369,17,'Exemple de devoir.','0000-00-00 00:00:00',NULL,NULL,'2013-11-14',48,0),(132,210,369,13,'Exemple de devoir.','0000-00-00 00:00:00',NULL,NULL,'2013-11-14',47,0),(133,211,241,3,'Exemple de devoir.','0000-00-00 00:00:00',NULL,NULL,'2013-11-14',11,0),(134,212,493,14,'Exemple de devoir.','0000-00-00 00:00:00',NULL,NULL,'2013-11-14',3,0),(135,214,133,4,'Exemple de devoir.','0000-00-00 00:00:00',NULL,NULL,'2013-11-14',54,0),(136,215,23,10,'Exemple de devoir.','0000-00-00 00:00:00',NULL,NULL,'2013-11-14',104,0),(137,216,414,14,'Exemple de devoir.','0000-00-00 00:00:00',NULL,NULL,'2013-11-14',29,0),(138,218,365,4,'Exemple de devoir.','0000-00-00 00:00:00',NULL,NULL,'2013-11-14',76,0),(139,220,237,18,'Exemple de devoir.','0000-00-00 00:00:00',NULL,NULL,'2013-11-14',46,0),(140,222,237,13,'Exemple de devoir.','0000-00-00 00:00:00',NULL,NULL,'2013-11-14',29,0),(141,228,493,13,'Exemple de devoir.','0000-00-00 00:00:00',NULL,NULL,'2013-11-14',41,0),(142,231,159,5,'Exemple de devoir.','0000-00-00 00:00:00',NULL,NULL,'2013-11-14',27,0),(143,233,414,7,'Exemple de devoir.','0000-00-00 00:00:00',NULL,NULL,'2013-11-14',116,0),(144,234,304,16,'Exemple de devoir.','0000-00-00 00:00:00',NULL,NULL,'2013-11-14',88,0),(145,237,414,8,'Exemple de devoir.','0000-00-00 00:00:00',NULL,NULL,'2013-11-14',118,0),(146,239,73,8,'Exemple de devoir.','0000-00-00 00:00:00',NULL,NULL,'2013-11-14',37,0),(147,241,493,14,'Exemple de devoir.','0000-00-00 00:00:00',NULL,NULL,'2013-11-14',60,0),(148,243,241,10,'Exemple de devoir.','0000-00-00 00:00:00',NULL,NULL,'2013-11-14',68,0),(149,244,366,16,'Exemple de devoir.','0000-00-00 00:00:00',NULL,NULL,'2013-11-14',39,0),(150,246,104,4,'Exemple de devoir.','0000-00-00 00:00:00',NULL,NULL,'2013-11-14',0,0),(151,247,74,13,'Exemple de devoir.','0000-00-00 00:00:00',NULL,NULL,'2013-11-14',76,0),(152,249,369,12,'Exemple de devoir.','0000-00-00 00:00:00',NULL,NULL,'2013-11-14',98,0),(153,250,74,10,'Exemple de devoir.','0000-00-00 00:00:00',NULL,NULL,'2013-11-14',14,0),(154,251,366,3,'Exemple de devoir.','0000-00-00 00:00:00',NULL,NULL,'2013-11-14',71,0),(155,252,373,17,'Exemple de devoir.','0000-00-00 00:00:00',NULL,NULL,'2013-11-14',99,0),(156,253,241,3,'Exemple de devoir.','0000-00-00 00:00:00',NULL,NULL,'2013-11-14',1,0),(157,254,287,5,'Exemple de devoir.','0000-00-00 00:00:00',NULL,NULL,'2013-11-14',101,0),(158,256,132,11,'Exemple de devoir.','0000-00-00 00:00:00',NULL,NULL,'2013-11-14',82,0),(159,258,366,14,'Exemple de devoir.','0000-00-00 00:00:00',NULL,NULL,'2013-11-14',45,0),(160,259,238,6,'Exemple de devoir.','0000-00-00 00:00:00',NULL,NULL,'2013-11-14',12,0),(161,260,369,6,'Exemple de devoir.','0000-00-00 00:00:00',NULL,NULL,'2013-11-14',93,0),(162,261,98,3,'Exemple de devoir.','0000-00-00 00:00:00',NULL,NULL,'2013-11-14',116,0),(163,262,244,18,'Exemple de devoir.','0000-00-00 00:00:00',NULL,NULL,'2013-11-14',23,0),(164,263,98,12,'Exemple de devoir.','0000-00-00 00:00:00',NULL,NULL,'2013-11-14',30,0),(165,265,104,6,'Exemple de devoir.','0000-00-00 00:00:00',NULL,NULL,'2013-11-14',91,0),(166,268,414,12,'Exemple de devoir.','0000-00-00 00:00:00',NULL,NULL,'2013-11-14',100,0),(167,269,366,5,'Exemple de devoir.','0000-00-00 00:00:00',NULL,NULL,'2013-11-14',8,0),(168,270,369,8,'Exemple de devoir.','0000-00-00 00:00:00',NULL,NULL,'2013-11-14',95,0),(169,271,11,9,'Exemple de devoir.','0000-00-00 00:00:00',NULL,NULL,'2013-11-14',24,0),(170,272,412,3,'Exemple de devoir.','0000-00-00 00:00:00',NULL,NULL,'2013-11-14',13,0),(171,273,238,10,'Exemple de devoir.','0000-00-00 00:00:00',NULL,NULL,'2013-11-14',35,0),(172,275,159,4,'Exemple de devoir.','0000-00-00 00:00:00',NULL,NULL,'2013-11-14',74,0),(173,277,493,4,'Exemple de devoir.','0000-00-00 00:00:00',NULL,NULL,'2013-11-14',3,0),(174,278,237,14,'Exemple de devoir.','0000-00-00 00:00:00',NULL,NULL,'2013-11-14',40,0),(175,279,365,11,'Exemple de devoir.','0000-00-00 00:00:00',NULL,NULL,'2013-11-14',25,0),(176,280,244,7,'Exemple de devoir.','0000-00-00 00:00:00',NULL,NULL,'2013-11-14',104,0),(177,283,369,7,'Exemple de devoir.','0000-00-00 00:00:00',NULL,NULL,'2013-11-14',104,0),(178,284,287,12,'Exemple de devoir.','0000-00-00 00:00:00',NULL,NULL,'2013-11-14',13,0),(179,286,414,15,'Exemple de devoir.','0000-00-00 00:00:00',NULL,NULL,'2013-11-14',19,0),(180,287,11,7,'Exemple de devoir.','0000-00-00 00:00:00',NULL,NULL,'2013-11-14',95,0),(181,289,73,10,'Exemple de devoir.','0000-00-00 00:00:00',NULL,NULL,'2013-11-14',105,0),(182,291,369,11,'Exemple de devoir.','0000-00-00 00:00:00',NULL,NULL,'2013-11-14',85,0),(183,292,159,10,'Exemple de devoir.','0000-00-00 00:00:00',NULL,NULL,'2013-11-14',63,0),(184,293,241,14,'Exemple de devoir.','0000-00-00 00:00:00',NULL,NULL,'2013-11-14',103,0),(185,294,373,14,'Exemple de devoir.','0000-00-00 00:00:00',NULL,NULL,'2013-11-14',72,0),(186,296,373,15,'Exemple de devoir.','0000-00-00 00:00:00',NULL,NULL,'2013-11-14',46,0),(187,297,505,2,'Exemple de devoir.','0000-00-00 00:00:00',NULL,NULL,'2013-11-14',50,0),(188,298,11,1,'Exemple de devoir.','0000-00-00 00:00:00',NULL,NULL,'2013-11-14',47,0),(189,300,135,8,'Exemple de devoir.','0000-00-00 00:00:00',NULL,NULL,'2013-11-14',101,0),(190,301,104,11,'Exemple de devoir.','0000-00-00 00:00:00',NULL,NULL,'2013-11-14',111,0),(191,302,373,3,'Exemple de devoir.','0000-00-00 00:00:00',NULL,NULL,'2013-11-14',49,0),(192,303,74,8,'Exemple de devoir.','0000-00-00 00:00:00',NULL,NULL,'2013-11-14',20,0),(193,305,237,18,'Exemple de devoir.','0000-00-00 00:00:00',NULL,NULL,'2013-11-14',96,0),(194,306,414,14,'Exemple de devoir.','0000-00-00 00:00:00',NULL,NULL,'2013-11-14',37,0),(195,308,287,14,'Exemple de devoir.','0000-00-00 00:00:00',NULL,NULL,'2013-11-14',8,0),(196,311,412,8,'Exemple de devoir.','0000-00-00 00:00:00',NULL,NULL,'2013-11-14',83,0),(197,312,369,12,'Exemple de devoir.','0000-00-00 00:00:00',NULL,NULL,'2013-11-14',74,0),(198,313,365,13,'Exemple de devoir.','0000-00-00 00:00:00',NULL,NULL,'2013-11-14',19,0),(199,317,412,9,'Exemple de devoir.','0000-00-00 00:00:00',NULL,NULL,'2013-11-14',28,0),(200,318,133,15,'Exemple de devoir.','0000-00-00 00:00:00',NULL,NULL,'2013-11-14',114,0),(201,319,244,15,'Exemple de devoir.','0000-00-00 00:00:00',NULL,NULL,'2013-11-14',73,0),(202,320,135,11,'Exemple de devoir.','0000-00-00 00:00:00',NULL,NULL,'2013-11-14',27,0),(203,321,238,5,'Exemple de devoir.','0000-00-00 00:00:00',NULL,NULL,'2013-11-14',78,0),(204,322,414,15,'Exemple de devoir.','0000-00-00 00:00:00',NULL,NULL,'2013-11-14',102,0),(205,324,74,7,'Exemple de devoir.','0000-00-00 00:00:00',NULL,NULL,'2013-11-14',48,0),(206,325,414,17,'Exemple de devoir.','0000-00-00 00:00:00',NULL,NULL,'2013-11-14',36,0),(207,326,238,9,'Exemple de devoir.','0000-00-00 00:00:00',NULL,NULL,'2013-11-14',60,0),(208,327,369,9,'Exemple de devoir.','0000-00-00 00:00:00',NULL,NULL,'2013-11-14',85,0),(209,331,237,8,'Exemple de devoir.','0000-00-00 00:00:00',NULL,NULL,'2013-11-14',23,0),(210,334,412,16,'Exemple de devoir.','0000-00-00 00:00:00',NULL,NULL,'2013-11-14',88,0),(211,336,159,16,'Exemple de devoir.','0000-00-00 00:00:00',NULL,NULL,'2013-11-14',6,0),(212,337,414,11,'Exemple de devoir.','0000-00-00 00:00:00',NULL,NULL,'2013-11-14',25,0),(213,338,159,2,'Exemple de devoir.','0000-00-00 00:00:00',NULL,NULL,'2013-11-14',90,0),(214,339,104,6,'Exemple de devoir.','0000-00-00 00:00:00',NULL,NULL,'2013-11-14',78,0),(215,342,366,18,'Exemple de devoir.','0000-00-00 00:00:00',NULL,NULL,'2013-11-14',34,0),(216,347,104,14,'Exemple de devoir.','0000-00-00 00:00:00',NULL,NULL,'2013-11-14',57,0),(217,348,159,13,'Exemple de devoir.','0000-00-00 00:00:00',NULL,NULL,'2013-11-14',83,0),(218,349,159,8,'Exemple de devoir.','0000-00-00 00:00:00',NULL,NULL,'2013-11-14',0,0),(219,350,135,10,'Exemple de devoir.','0000-00-00 00:00:00',NULL,NULL,'2013-11-14',97,0),(220,351,241,13,'Exemple de devoir.','0000-00-00 00:00:00',NULL,NULL,'2013-11-14',66,0),(221,354,238,5,'Exemple de devoir.','0000-00-00 00:00:00',NULL,NULL,'2013-11-14',86,0),(222,356,23,17,'Exemple de devoir.','0000-00-00 00:00:00',NULL,NULL,'2013-11-14',77,0),(223,358,159,8,'Exemple de devoir.','0000-00-00 00:00:00',NULL,NULL,'2013-11-14',22,0),(224,359,493,8,'Exemple de devoir.','0000-00-00 00:00:00',NULL,NULL,'2013-11-14',40,0),(225,360,238,1,'Exemple de devoir.','0000-00-00 00:00:00',NULL,NULL,'2013-11-14',111,0),(226,362,369,18,'Exemple de devoir.','0000-00-00 00:00:00',NULL,NULL,'2013-11-14',102,0),(227,364,373,9,'Exemple de devoir.','0000-00-00 00:00:00',NULL,NULL,'2013-11-14',67,0),(228,367,414,7,'Exemple de devoir.','0000-00-00 00:00:00',NULL,NULL,'2013-11-14',111,0),(229,370,287,4,'Exemple de devoir.','0000-00-00 00:00:00',NULL,NULL,'2013-11-14',21,0),(230,371,11,9,'Exemple de devoir.','0000-00-00 00:00:00',NULL,NULL,'2013-11-14',55,0),(231,372,73,12,'Exemple de devoir.','0000-00-00 00:00:00',NULL,NULL,'2013-11-14',48,0),(232,373,287,10,'Exemple de devoir.','0000-00-00 00:00:00',NULL,NULL,'2013-11-14',16,0),(233,374,73,4,'Exemple de devoir.','0000-00-00 00:00:00',NULL,NULL,'2013-11-14',50,0),(234,376,244,13,'Exemple de devoir.','0000-00-00 00:00:00',NULL,NULL,'2013-11-14',65,0),(235,377,98,10,'Exemple de devoir.','0000-00-00 00:00:00',NULL,NULL,'2013-11-14',76,0),(236,379,135,16,'Exemple de devoir.','0000-00-00 00:00:00',NULL,NULL,'2013-11-14',10,0),(237,380,304,8,'Exemple de devoir.','0000-00-00 00:00:00',NULL,NULL,'2013-11-14',111,0),(238,384,74,18,'Exemple de devoir.','0000-00-00 00:00:00',NULL,NULL,'2013-11-14',15,0),(239,386,241,3,'Exemple de devoir.','0000-00-00 00:00:00',NULL,NULL,'2013-11-14',59,0),(240,387,133,3,'Exemple de devoir.','0000-00-00 00:00:00',NULL,NULL,'2013-11-14',119,0),(241,389,238,4,'Exemple de devoir.','0000-00-00 00:00:00',NULL,NULL,'2013-11-14',5,0),(242,390,287,18,'Exemple de devoir.','0000-00-00 00:00:00',NULL,NULL,'2013-11-14',58,0),(243,391,366,3,'Exemple de devoir.','0000-00-00 00:00:00',NULL,NULL,'2013-11-14',82,0),(244,394,366,11,'Exemple de devoir.','0000-00-00 00:00:00',NULL,NULL,'2013-11-14',1,0),(245,395,73,7,'Exemple de devoir.','0000-00-00 00:00:00',NULL,NULL,'2013-11-14',20,0),(246,397,369,5,'Exemple de devoir.','0000-00-00 00:00:00',NULL,NULL,'2013-11-14',0,0),(247,398,241,16,'Exemple de devoir.','0000-00-00 00:00:00',NULL,NULL,'2013-11-14',112,0),(248,400,303,10,'Exemple de devoir.','0000-00-00 00:00:00',NULL,NULL,'2013-11-14',15,0),(249,402,365,17,'Exemple de devoir.','0000-00-00 00:00:00',NULL,NULL,'2013-11-14',87,0),(250,403,159,3,'Exemple de devoir.','0000-00-00 00:00:00',NULL,NULL,'2013-11-14',0,0),(251,405,73,7,'Exemple de devoir.','0000-00-00 00:00:00',NULL,NULL,'2013-11-14',78,0),(252,407,369,15,'Exemple de devoir.','0000-00-00 00:00:00',NULL,NULL,'2013-11-14',12,0),(253,408,74,11,'Exemple de devoir.','0000-00-00 00:00:00',NULL,NULL,'2013-11-14',0,0),(254,411,241,4,'Exemple de devoir.','0000-00-00 00:00:00',NULL,NULL,'2013-11-14',25,0),(255,412,373,13,'Exemple de devoir.','0000-00-00 00:00:00',NULL,NULL,'2013-11-14',6,0),(256,413,373,4,'Exemple de devoir.','0000-00-00 00:00:00',NULL,NULL,'2013-11-14',89,0),(257,414,159,12,'Exemple de devoir.','0000-00-00 00:00:00',NULL,NULL,'2013-11-14',44,0),(258,416,11,13,'Exemple de devoir.','0000-00-00 00:00:00',NULL,NULL,'2013-11-14',53,0),(259,417,287,6,'Exemple de devoir.','0000-00-00 00:00:00',NULL,NULL,'2013-11-14',63,0),(260,418,493,14,'Exemple de devoir.','0000-00-00 00:00:00',NULL,NULL,'2013-11-14',67,0),(261,420,493,12,'Exemple de devoir.','0000-00-00 00:00:00',NULL,NULL,'2013-11-14',81,0),(262,421,133,6,'Exemple de devoir.','0000-00-00 00:00:00',NULL,NULL,'2013-11-14',68,0),(263,422,237,17,'Exemple de devoir.','0000-00-00 00:00:00',NULL,NULL,'2013-11-14',113,0),(264,423,412,18,'Exemple de devoir.','0000-00-00 00:00:00',NULL,NULL,'2013-11-14',37,0),(265,425,104,16,'Exemple de devoir.','0000-00-00 00:00:00',NULL,NULL,'2013-11-14',41,0),(266,426,414,8,'Exemple de devoir.','0000-00-00 00:00:00',NULL,NULL,'2013-11-14',110,0),(267,428,287,10,'Exemple de devoir.','0000-00-00 00:00:00',NULL,NULL,'2013-11-14',105,0),(268,429,11,18,'Exemple de devoir.','0000-00-00 00:00:00',NULL,NULL,'2013-11-14',90,0),(269,430,244,14,'Exemple de devoir.','0000-00-00 00:00:00',NULL,NULL,'2013-11-14',48,0),(270,431,244,15,'Exemple de devoir.','0000-00-00 00:00:00',NULL,NULL,'2013-11-14',18,0),(271,432,159,9,'Exemple de devoir.','0000-00-00 00:00:00',NULL,NULL,'2013-11-14',97,0),(272,433,414,10,'Exemple de devoir.','0000-00-00 00:00:00',NULL,NULL,'2013-11-14',52,0),(273,434,244,10,'Exemple de devoir.','0000-00-00 00:00:00',NULL,NULL,'2013-11-14',47,0),(274,435,159,5,'Exemple de devoir.','0000-00-00 00:00:00',NULL,NULL,'2013-11-14',12,0),(275,436,237,7,'Exemple de devoir.','0000-00-00 00:00:00',NULL,NULL,'2013-11-14',51,0),(276,437,241,12,'Exemple de devoir.','0000-00-00 00:00:00',NULL,NULL,'2013-11-14',26,0),(277,439,159,8,'Exemple de devoir.','0000-00-00 00:00:00',NULL,NULL,'2013-11-14',97,0),(278,441,373,5,'Exemple de devoir.','0000-00-00 00:00:00',NULL,NULL,'2013-11-14',70,0),(279,442,366,18,'Exemple de devoir.','0000-00-00 00:00:00',NULL,NULL,'2013-11-14',52,0),(280,443,73,14,'Exemple de devoir.','0000-00-00 00:00:00',NULL,NULL,'2013-11-14',95,0),(281,444,135,12,'Exemple de devoir.','0000-00-00 00:00:00',NULL,NULL,'2013-11-14',14,0),(282,445,237,1,'Exemple de devoir.','0000-00-00 00:00:00',NULL,NULL,'2013-11-14',75,0),(283,446,237,18,'Exemple de devoir.','0000-00-00 00:00:00',NULL,NULL,'2013-11-14',39,0),(284,447,493,9,'Exemple de devoir.','0000-00-00 00:00:00',NULL,NULL,'2013-11-14',87,0),(285,448,133,16,'Exemple de devoir.','0000-00-00 00:00:00',NULL,NULL,'2013-11-14',74,0),(286,449,237,6,'Exemple de devoir.','0000-00-00 00:00:00',NULL,NULL,'2013-11-14',50,0),(287,450,238,13,'Exemple de devoir.','0000-00-00 00:00:00',NULL,NULL,'2013-11-14',82,0),(288,451,505,16,'Exemple de devoir.','0000-00-00 00:00:00',NULL,NULL,'2013-11-14',69,0),(289,452,159,8,'Exemple de devoir.','0000-00-00 00:00:00',NULL,NULL,'2013-11-14',51,0),(290,455,365,14,'Exemple de devoir.','0000-00-00 00:00:00',NULL,NULL,'2013-11-14',82,0),(291,457,244,14,'Exemple de devoir.','0000-00-00 00:00:00',NULL,NULL,'2013-11-14',26,0),(292,461,369,4,'Exemple de devoir.','0000-00-00 00:00:00',NULL,NULL,'2013-11-14',103,0),(293,463,412,5,'Exemple de devoir.','0000-00-00 00:00:00',NULL,NULL,'2013-11-14',60,0),(294,464,133,11,'Exemple de devoir.','0000-00-00 00:00:00',NULL,NULL,'2013-11-14',0,0),(295,465,287,15,'Exemple de devoir.','0000-00-00 00:00:00',NULL,NULL,'2013-11-14',47,0),(296,467,159,16,'Exemple de devoir.','0000-00-00 00:00:00',NULL,NULL,'2013-11-14',24,0),(297,468,303,17,'Exemple de devoir.','0000-00-00 00:00:00',NULL,NULL,'2013-11-14',16,0),(298,469,104,1,'Exemple de devoir.','0000-00-00 00:00:00',NULL,NULL,'2013-11-14',59,0),(299,470,135,1,'Exemple de devoir.','0000-00-00 00:00:00',NULL,NULL,'2013-11-14',95,0),(300,471,238,5,'Exemple de devoir.','0000-00-00 00:00:00',NULL,NULL,'2013-11-14',32,0),(301,472,287,18,'Exemple de devoir.','0000-00-00 00:00:00',NULL,NULL,'2013-11-14',16,0),(302,473,287,14,'Exemple de devoir.','0000-00-00 00:00:00',NULL,NULL,'2013-11-14',80,0),(303,474,159,13,'Exemple de devoir.','0000-00-00 00:00:00',NULL,NULL,'2013-11-14',29,0),(304,477,98,6,'Exemple de devoir.','0000-00-00 00:00:00',NULL,NULL,'2013-11-14',44,0),(305,478,287,1,'Exemple de devoir.','0000-00-00 00:00:00',NULL,NULL,'2013-11-14',61,0),(306,479,237,11,'Exemple de devoir.','0000-00-00 00:00:00',NULL,NULL,'2013-11-14',72,0),(307,484,11,2,'Exemple de devoir.','0000-00-00 00:00:00',NULL,NULL,'2013-11-14',52,0),(308,489,237,4,'Exemple de devoir.','0000-00-00 00:00:00',NULL,NULL,'2013-11-14',106,0),(309,490,493,15,'Exemple de devoir.','0000-00-00 00:00:00',NULL,NULL,'2013-11-14',34,0),(310,492,412,1,'Exemple de devoir.','0000-00-00 00:00:00',NULL,NULL,'2013-11-14',60,0),(311,494,241,12,'Exemple de devoir.','0000-00-00 00:00:00',NULL,NULL,'2013-11-14',92,0),(312,496,373,6,'Exemple de devoir.','0000-00-00 00:00:00',NULL,NULL,'2013-11-14',57,0),(313,497,135,17,'Exemple de devoir.','0000-00-00 00:00:00',NULL,NULL,'2013-11-14',47,0),(314,498,74,17,'Exemple de devoir.','0000-00-00 00:00:00',NULL,NULL,'2013-11-14',60,0),(315,500,365,16,'Exemple de devoir.','0000-00-00 00:00:00',NULL,NULL,'2013-11-14',27,0),(316,502,304,11,'Exemple de devoir.','0000-00-00 00:00:00',NULL,NULL,'2013-11-14',116,0),(317,507,287,3,'Exemple de devoir.','0000-00-00 00:00:00',NULL,NULL,'2013-11-14',75,0),(318,508,414,4,'Exemple de devoir.','0000-00-00 00:00:00',NULL,NULL,'2013-11-14',83,0),(319,510,237,12,'Exemple de devoir.','0000-00-00 00:00:00',NULL,NULL,'2013-11-14',90,0),(320,511,135,8,'Exemple de devoir.','0000-00-00 00:00:00',NULL,NULL,'2013-11-14',115,0),(321,513,104,2,'Exemple de devoir.','0000-00-00 00:00:00',NULL,NULL,'2013-11-14',85,0),(322,516,365,13,'Exemple de devoir.','0000-00-00 00:00:00',NULL,NULL,'2013-11-14',50,0),(323,517,237,2,'Exemple de devoir.','0000-00-00 00:00:00',NULL,NULL,'2013-11-14',18,0),(324,518,241,10,'Exemple de devoir.','0000-00-00 00:00:00',NULL,NULL,'2013-11-14',97,0),(325,523,369,7,'Exemple de devoir.','0000-00-00 00:00:00',NULL,NULL,'2013-11-14',85,0),(326,524,287,8,'Exemple de devoir.','0000-00-00 00:00:00',NULL,NULL,'2013-11-14',36,0),(327,525,365,1,'Exemple de devoir.','0000-00-00 00:00:00',NULL,NULL,'2013-11-14',34,0),(328,526,414,9,'Exemple de devoir.','0000-00-00 00:00:00',NULL,NULL,'2013-11-14',64,0),(329,528,237,5,'Exemple de devoir.','0000-00-00 00:00:00',NULL,NULL,'2013-11-14',107,0),(330,531,104,3,'Exemple de devoir.','0000-00-00 00:00:00',NULL,NULL,'2013-11-14',61,0),(331,532,74,17,'Exemple de devoir.','0000-00-00 00:00:00',NULL,NULL,'2013-11-14',3,0),(332,533,365,2,'Exemple de devoir.','0000-00-00 00:00:00',NULL,NULL,'2013-11-14',36,0),(333,534,241,3,'Exemple de devoir.','0000-00-00 00:00:00',NULL,NULL,'2013-11-14',38,0),(334,535,414,17,'Exemple de devoir.','0000-00-00 00:00:00',NULL,NULL,'2013-11-14',111,0),(335,537,366,3,'Exemple de devoir.','0000-00-00 00:00:00',NULL,NULL,'2013-11-14',108,0),(336,538,365,5,'Exemple de devoir.','0000-00-00 00:00:00',NULL,NULL,'2013-11-14',118,0),(337,540,98,3,'Exemple de devoir.','0000-00-00 00:00:00',NULL,NULL,'2013-11-14',56,0),(338,543,11,1,'Exemple de devoir.','0000-00-00 00:00:00',NULL,NULL,'2013-11-14',72,0),(339,546,159,8,'Exemple de devoir.','0000-00-00 00:00:00',NULL,NULL,'2013-11-14',106,0),(340,547,159,4,'Exemple de devoir.','0000-00-00 00:00:00',NULL,NULL,'2013-11-14',23,0),(341,549,373,18,'Exemple de devoir.','0000-00-00 00:00:00',NULL,NULL,'2013-11-14',84,0),(342,550,23,5,'Exemple de devoir.','0000-00-00 00:00:00',NULL,NULL,'2013-11-14',30,0),(343,551,365,8,'Exemple de devoir.','0000-00-00 00:00:00',NULL,NULL,'2013-11-14',3,0),(344,552,104,18,'Exemple de devoir.','0000-00-00 00:00:00',NULL,NULL,'2013-11-14',44,0),(345,555,104,18,'Exemple de devoir.','0000-00-00 00:00:00',NULL,NULL,'2013-11-14',118,0),(346,557,104,3,'Exemple de devoir.','0000-00-00 00:00:00',NULL,NULL,'2013-11-14',62,0),(347,559,241,3,'Exemple de devoir.','0000-00-00 00:00:00',NULL,NULL,'2013-11-14',40,0),(348,560,98,15,'Exemple de devoir.','0000-00-00 00:00:00',NULL,NULL,'2013-11-14',74,0),(349,561,493,10,'Exemple de devoir.','0000-00-00 00:00:00',NULL,NULL,'2013-11-14',84,0),(350,562,73,17,'Exemple de devoir.','0000-00-00 00:00:00',NULL,NULL,'2013-11-14',113,0),(351,564,365,17,'Exemple de devoir.','0000-00-00 00:00:00',NULL,NULL,'2013-11-14',55,0),(352,567,412,2,'Exemple de devoir.','0000-00-00 00:00:00',NULL,NULL,'2013-11-14',19,0),(353,569,365,10,'Exemple de devoir.','0000-00-00 00:00:00',NULL,NULL,'2013-11-14',68,0),(354,570,104,13,'Exemple de devoir.','0000-00-00 00:00:00',NULL,NULL,'2013-11-14',45,0),(355,572,287,17,'Exemple de devoir.','0000-00-00 00:00:00',NULL,NULL,'2013-11-14',115,0),(356,574,366,8,'Exemple de devoir.','0000-00-00 00:00:00',NULL,NULL,'2013-11-14',65,0),(357,575,287,4,'Exemple de devoir.','0000-00-00 00:00:00',NULL,NULL,'2013-11-14',102,0),(358,576,74,10,'Exemple de devoir.','0000-00-00 00:00:00',NULL,NULL,'2013-11-14',88,0),(359,578,287,17,'Exemple de devoir.','0000-00-00 00:00:00',NULL,NULL,'2013-11-14',51,0),(360,579,238,13,'Exemple de devoir.','0000-00-00 00:00:00',NULL,NULL,'2013-11-14',9,0),(361,584,135,16,'Exemple de devoir.','0000-00-00 00:00:00',NULL,NULL,'2013-11-14',93,0),(362,587,159,8,'Exemple de devoir.','0000-00-00 00:00:00',NULL,NULL,'2013-11-14',1,0),(363,588,159,14,'Exemple de devoir.','0000-00-00 00:00:00',NULL,NULL,'2013-11-14',52,0),(364,589,241,5,'Exemple de devoir.','0000-00-00 00:00:00',NULL,NULL,'2013-11-14',75,0),(365,592,11,6,'Exemple de devoir.','0000-00-00 00:00:00',NULL,NULL,'2013-11-14',62,0),(366,593,159,2,'Exemple de devoir.','0000-00-00 00:00:00',NULL,NULL,'2013-11-14',13,0),(367,594,238,8,'Exemple de devoir.','0000-00-00 00:00:00',NULL,NULL,'2013-11-14',35,0),(368,596,373,17,'Exemple de devoir.','0000-00-00 00:00:00',NULL,NULL,'2013-11-14',74,0),(369,597,366,15,'Exemple de devoir.','0000-00-00 00:00:00',NULL,NULL,'2013-11-14',60,0),(370,600,159,3,'Exemple de devoir.','0000-00-00 00:00:00',NULL,NULL,'2013-11-14',116,0),(371,602,133,13,'Exemple de devoir.','0000-00-00 00:00:00',NULL,NULL,'2013-11-14',95,0),(372,603,414,6,'Exemple de devoir.','0000-00-00 00:00:00',NULL,NULL,'2013-11-14',21,0),(373,604,287,1,'Exemple de devoir.','0000-00-00 00:00:00',NULL,NULL,'2013-11-14',44,0),(374,605,414,12,'Exemple de devoir.','0000-00-00 00:00:00',NULL,NULL,'2013-11-14',50,0),(375,606,132,12,'Exemple de devoir.','0000-00-00 00:00:00',NULL,NULL,'2013-11-14',105,0),(376,607,493,11,'Exemple de devoir.','0000-00-00 00:00:00',NULL,NULL,'2013-11-14',88,0),(377,608,244,13,'Exemple de devoir.','0000-00-00 00:00:00',NULL,NULL,'2013-11-14',86,0),(378,610,414,1,'Exemple de devoir.','0000-00-00 00:00:00',NULL,NULL,'2013-11-14',1,0),(379,613,493,7,'Exemple de devoir.','0000-00-00 00:00:00',NULL,NULL,'2013-11-14',120,0),(380,615,159,15,'Exemple de devoir.','0000-00-00 00:00:00',NULL,NULL,'2013-11-14',103,0),(381,616,238,6,'Exemple de devoir.','0000-00-00 00:00:00',NULL,NULL,'2013-11-14',82,0),(382,618,493,16,'Exemple de devoir.','0000-00-00 00:00:00',NULL,NULL,'2013-11-14',49,0),(383,620,366,3,'Exemple de devoir.','0000-00-00 00:00:00',NULL,NULL,'2013-11-14',41,0),(384,622,98,12,'Exemple de devoir.','0000-00-00 00:00:00',NULL,NULL,'2013-11-14',119,0),(385,624,237,4,'Exemple de devoir.','0000-00-00 00:00:00',NULL,NULL,'2013-11-14',65,0),(386,625,369,11,'Exemple de devoir.','0000-00-00 00:00:00',NULL,NULL,'2013-11-14',64,0),(387,626,493,12,'Exemple de devoir.','0000-00-00 00:00:00',NULL,NULL,'2013-11-14',87,0),(388,628,369,10,'Exemple de devoir.','0000-00-00 00:00:00',NULL,NULL,'2013-11-14',7,0),(389,629,493,17,'Exemple de devoir.','0000-00-00 00:00:00',NULL,NULL,'2013-11-14',27,0),(390,631,287,13,'Exemple de devoir.','0000-00-00 00:00:00',NULL,NULL,'2013-11-14',91,0),(391,636,287,2,'Exemple de devoir.','0000-00-00 00:00:00',NULL,NULL,'2013-11-14',15,0),(392,637,104,8,'Exemple de devoir.','0000-00-00 00:00:00',NULL,NULL,'2013-11-14',104,0),(393,639,74,3,'Exemple de devoir.','0000-00-00 00:00:00',NULL,NULL,'2013-11-14',37,0),(394,640,238,18,'Exemple de devoir.','0000-00-00 00:00:00',NULL,NULL,'2013-11-14',53,0),(395,641,74,2,'Exemple de devoir.','0000-00-00 00:00:00',NULL,NULL,'2013-11-14',22,0),(396,643,373,6,'Exemple de devoir.','0000-00-00 00:00:00',NULL,NULL,'2013-11-14',79,0),(397,644,493,18,'Exemple de devoir.','0000-00-00 00:00:00',NULL,NULL,'2013-11-14',29,0),(398,649,241,1,'Exemple de devoir.','0000-00-00 00:00:00',NULL,NULL,'2013-11-14',49,0),(399,654,414,1,'Exemple de devoir.','0000-00-00 00:00:00',NULL,NULL,'2013-11-14',15,0),(400,655,369,4,'Exemple de devoir.','0000-00-00 00:00:00',NULL,NULL,'2013-11-14',70,0),(401,656,287,18,'Exemple de devoir.','0000-00-00 00:00:00',NULL,NULL,'2013-11-14',2,0),(402,659,493,3,'Exemple de devoir.','0000-00-00 00:00:00',NULL,NULL,'2013-11-14',40,0),(403,660,244,10,'Exemple de devoir.','0000-00-00 00:00:00',NULL,NULL,'2013-11-14',4,0),(404,664,414,11,'Exemple de devoir.','0000-00-00 00:00:00',NULL,NULL,'2013-11-14',54,0),(405,666,365,7,'Exemple de devoir.','0000-00-00 00:00:00',NULL,NULL,'2013-11-14',110,0),(406,667,133,7,'Exemple de devoir.','0000-00-00 00:00:00',NULL,NULL,'2013-11-14',18,0),(407,668,104,12,'Exemple de devoir.','0000-00-00 00:00:00',NULL,NULL,'2013-11-14',48,0),(408,669,287,5,'Exemple de devoir.','0000-00-00 00:00:00',NULL,NULL,'2013-11-14',38,0),(409,670,507,6,'Exemple de devoir.','0000-00-00 00:00:00',NULL,NULL,'2013-11-14',58,0),(410,671,238,16,'Exemple de devoir.','0000-00-00 00:00:00',NULL,NULL,'2013-11-14',22,0),(411,672,365,15,'Exemple de devoir.','0000-00-00 00:00:00',NULL,NULL,'2013-11-14',78,0),(412,673,237,15,'Exemple de devoir.','0000-00-00 00:00:00',NULL,NULL,'2013-11-14',47,0),(413,675,412,5,'Exemple de devoir.','0000-00-00 00:00:00',NULL,NULL,'2013-11-14',20,0),(414,677,11,14,'Exemple de devoir.','0000-00-00 00:00:00',NULL,NULL,'2013-11-14',29,0),(415,678,104,2,'Exemple de devoir.','0000-00-00 00:00:00',NULL,NULL,'2013-11-14',19,0),(416,679,493,5,'Exemple de devoir.','0000-00-00 00:00:00',NULL,NULL,'2013-11-14',50,0),(417,680,11,12,'Exemple de devoir.','0000-00-00 00:00:00',NULL,NULL,'2013-11-14',96,0),(418,683,238,5,'Exemple de devoir.','0000-00-00 00:00:00',NULL,NULL,'2013-11-14',15,0),(419,685,493,1,'Exemple de devoir.','0000-00-00 00:00:00',NULL,NULL,'2013-11-14',90,0),(420,686,98,18,'Exemple de devoir.','0000-00-00 00:00:00',NULL,NULL,'2013-11-14',108,0),(421,687,159,14,'Exemple de devoir.','0000-00-00 00:00:00',NULL,NULL,'2013-11-14',36,0),(422,689,11,1,'Exemple de devoir.','0000-00-00 00:00:00',NULL,NULL,'2013-11-14',105,0),(423,690,238,9,'Exemple de devoir.','0000-00-00 00:00:00',NULL,NULL,'2013-11-14',71,0),(424,694,104,13,'Exemple de devoir.','0000-00-00 00:00:00',NULL,NULL,'2013-11-14',94,0),(425,699,73,4,'Exemple de devoir.','0000-00-00 00:00:00',NULL,NULL,'2013-11-14',17,0),(426,701,159,9,'Exemple de devoir.','0000-00-00 00:00:00',NULL,NULL,'2013-11-14',1,0),(427,702,369,4,'Exemple de devoir.','0000-00-00 00:00:00',NULL,NULL,'2013-11-14',43,0),(428,704,244,7,'Exemple de devoir.','0000-00-00 00:00:00',NULL,NULL,'2013-11-14',29,0),(429,706,366,15,'Exemple de devoir.','0000-00-00 00:00:00',NULL,NULL,'2013-11-14',33,0),(430,708,238,6,'Exemple de devoir.','0000-00-00 00:00:00',NULL,NULL,'2013-11-14',47,0),(431,712,104,3,'Exemple de devoir.','0000-00-00 00:00:00',NULL,NULL,'2013-11-14',21,0),(432,720,508,6,'Exemple de devoir.','0000-00-00 00:00:00',NULL,NULL,'2013-11-14',101,0),(433,722,74,13,'Exemple de devoir.','0000-00-00 00:00:00',NULL,NULL,'2013-11-14',94,0),(434,724,366,13,'Exemple de devoir.','0000-00-00 00:00:00',NULL,NULL,'2013-11-14',7,0),(435,727,365,3,'Exemple de devoir.','0000-00-00 00:00:00',NULL,NULL,'2013-11-14',37,0),(436,728,412,18,'Exemple de devoir.','0000-00-00 00:00:00',NULL,NULL,'2013-11-14',60,0),(437,729,287,6,'Exemple de devoir.','0000-00-00 00:00:00',NULL,NULL,'2013-11-14',67,0),(438,732,493,1,'Exemple de devoir.','0000-00-00 00:00:00',NULL,NULL,'2013-11-14',69,0),(439,734,104,5,'Exemple de devoir.','0000-00-00 00:00:00',NULL,NULL,'2013-11-14',104,0),(440,735,133,16,'Exemple de devoir.','0000-00-00 00:00:00',NULL,NULL,'2013-11-14',109,0),(441,737,159,10,'Exemple de devoir.','0000-00-00 00:00:00',NULL,NULL,'2013-11-14',82,0),(442,740,74,13,'Exemple de devoir.','0000-00-00 00:00:00',NULL,NULL,'2013-11-14',2,0),(443,742,414,17,'Exemple de devoir.','0000-00-00 00:00:00',NULL,NULL,'2013-11-14',42,0),(444,743,365,3,'Exemple de devoir.','0000-00-00 00:00:00',NULL,NULL,'2013-11-14',11,0),(445,745,159,14,'Exemple de devoir.','0000-00-00 00:00:00',NULL,NULL,'2013-11-14',72,0),(446,746,412,10,'Exemple de devoir.','0000-00-00 00:00:00',NULL,NULL,'2013-11-14',115,0),(447,749,287,13,'Exemple de devoir.','0000-00-00 00:00:00',NULL,NULL,'2013-11-14',98,0),(448,751,241,18,'Exemple de devoir.','0000-00-00 00:00:00',NULL,NULL,'2013-11-14',70,0),(449,752,73,12,'Exemple de devoir.','0000-00-00 00:00:00',NULL,NULL,'2013-11-14',27,0),(450,754,133,2,'Exemple de devoir.','0000-00-00 00:00:00',NULL,NULL,'2013-11-14',33,0),(451,759,414,5,'Exemple de devoir.','0000-00-00 00:00:00',NULL,NULL,'2013-11-14',42,0),(452,760,414,6,'Exemple de devoir.','0000-00-00 00:00:00',NULL,NULL,'2013-11-14',120,0),(453,761,373,13,'Exemple de devoir.','0000-00-00 00:00:00',NULL,NULL,'2013-11-14',97,0),(454,763,73,4,'Exemple de devoir.','0000-00-00 00:00:00',NULL,NULL,'2013-11-14',83,0),(455,766,238,8,'Exemple de devoir.','0000-00-00 00:00:00',NULL,NULL,'2013-11-14',88,0),(456,767,369,5,'Exemple de devoir.','0000-00-00 00:00:00',NULL,NULL,'2013-11-14',44,0),(457,769,493,8,'Exemple de devoir.','0000-00-00 00:00:00',NULL,NULL,'2013-11-14',69,0),(458,771,369,18,'Exemple de devoir.','0000-00-00 00:00:00',NULL,NULL,'2013-11-14',31,0),(459,772,287,16,'Exemple de devoir.','0000-00-00 00:00:00',NULL,NULL,'2013-11-14',12,0),(460,777,369,10,'Exemple de devoir.','0000-00-00 00:00:00',NULL,NULL,'2013-11-14',110,0),(461,780,287,4,'Exemple de devoir.','0000-00-00 00:00:00',NULL,NULL,'2013-11-14',89,0),(462,782,11,17,'Exemple de devoir.','0000-00-00 00:00:00',NULL,NULL,'2013-11-14',65,0),(463,783,287,8,'Exemple de devoir.','0000-00-00 00:00:00',NULL,NULL,'2013-11-14',87,0),(464,784,241,8,'Exemple de devoir.','0000-00-00 00:00:00',NULL,NULL,'2013-11-14',44,0),(465,785,238,10,'Exemple de devoir.','0000-00-00 00:00:00',NULL,NULL,'2013-11-14',12,0),(466,786,104,6,'Exemple de devoir.','0000-00-00 00:00:00',NULL,NULL,'2013-11-14',33,0),(467,788,287,15,'Exemple de devoir.','0000-00-00 00:00:00',NULL,NULL,'2013-11-14',27,0),(468,790,287,14,'Exemple de devoir.','0000-00-00 00:00:00',NULL,NULL,'2013-11-14',11,0),(469,791,241,16,'Exemple de devoir.','0000-00-00 00:00:00',NULL,NULL,'2013-11-14',78,0),(470,792,369,2,'Exemple de devoir.','0000-00-00 00:00:00',NULL,NULL,'2013-11-14',39,0),(471,794,237,5,'Exemple de devoir.','0000-00-00 00:00:00',NULL,NULL,'2013-11-14',29,0),(472,795,365,16,'Exemple de devoir.','0000-00-00 00:00:00',NULL,NULL,'2013-11-14',117,0),(473,800,238,9,'Exemple de devoir.','0000-00-00 00:00:00',NULL,NULL,'2013-11-14',106,0),(474,802,159,5,'Exemple de devoir.','0000-00-00 00:00:00',NULL,NULL,'2013-11-14',105,0),(475,803,287,9,'Exemple de devoir.','0000-00-00 00:00:00',NULL,NULL,'2013-11-14',19,0),(476,804,104,13,'Exemple de devoir.','0000-00-00 00:00:00',NULL,NULL,'2013-11-14',46,0),(477,808,365,16,'Exemple de devoir.','0000-00-00 00:00:00',NULL,NULL,'2013-11-14',25,0),(478,813,159,7,'Exemple de devoir.','0000-00-00 00:00:00',NULL,NULL,'2013-11-14',105,0),(479,814,287,17,'Exemple de devoir.','0000-00-00 00:00:00',NULL,NULL,'2013-11-14',28,0),(480,817,241,13,'Exemple de devoir.','0000-00-00 00:00:00',NULL,NULL,'2013-11-14',118,0),(481,818,241,7,'Exemple de devoir.','0000-00-00 00:00:00',NULL,NULL,'2013-11-14',107,0),(482,819,493,4,'Exemple de devoir.','0000-00-00 00:00:00',NULL,NULL,'2013-11-14',72,0),(483,821,132,15,'Exemple de devoir.','0000-00-00 00:00:00',NULL,NULL,'2013-11-14',56,0),(484,822,104,1,'Exemple de devoir.','0000-00-00 00:00:00',NULL,NULL,'2013-11-14',102,0),(485,823,287,18,'Exemple de devoir.','0000-00-00 00:00:00',NULL,NULL,'2013-11-14',43,0),(486,824,414,11,'Exemple de devoir.','0000-00-00 00:00:00',NULL,NULL,'2013-11-14',89,0),(487,825,414,8,'Exemple de devoir.','0000-00-00 00:00:00',NULL,NULL,'2013-11-14',57,0),(488,826,366,16,'Exemple de devoir.','0000-00-00 00:00:00',NULL,NULL,'2013-11-14',95,0),(489,827,237,3,'Exemple de devoir.','0000-00-00 00:00:00',NULL,NULL,'2013-11-14',118,0),(490,828,366,1,'Exemple de devoir.','0000-00-00 00:00:00',NULL,NULL,'2013-11-14',23,0),(491,831,104,13,'Exemple de devoir.','0000-00-00 00:00:00',NULL,NULL,'2013-11-14',113,0),(492,832,287,9,'Exemple de devoir.','0000-00-00 00:00:00',NULL,NULL,'2013-11-14',61,0),(493,835,241,15,'Exemple de devoir.','0000-00-00 00:00:00',NULL,NULL,'2013-11-14',88,0),(494,836,135,13,'Exemple de devoir.','0000-00-00 00:00:00',NULL,NULL,'2013-11-14',45,0),(495,838,303,7,'Exemple de devoir.','0000-00-00 00:00:00',NULL,NULL,'2013-11-14',13,0),(496,839,412,17,'Exemple de devoir.','0000-00-00 00:00:00',NULL,NULL,'2013-11-14',49,0),(497,840,23,11,'Exemple de devoir.','0000-00-00 00:00:00',NULL,NULL,'2013-11-14',79,0),(498,841,373,3,'Exemple de devoir.','0000-00-00 00:00:00',NULL,NULL,'2013-11-14',58,0),(499,842,373,2,'Exemple de devoir.','0000-00-00 00:00:00',NULL,NULL,'2013-11-14',113,0),(500,843,503,11,'Exemple de devoir.','0000-00-00 00:00:00',NULL,NULL,'2013-11-14',36,0),(501,844,11,13,'Exemple de devoir.','0000-00-00 00:00:00',NULL,NULL,'2013-11-14',117,0),(502,845,23,7,'Exemple de devoir.','0000-00-00 00:00:00',NULL,NULL,'2013-11-14',106,0),(503,846,412,17,'Exemple de devoir.','0000-00-00 00:00:00',NULL,NULL,'2013-11-14',92,0),(504,847,493,3,'Exemple de devoir.','0000-00-00 00:00:00',NULL,NULL,'2013-11-14',25,0),(505,848,238,3,'Exemple de devoir.','0000-00-00 00:00:00',NULL,NULL,'2013-11-14',1,0),(506,850,287,10,'Exemple de devoir.','0000-00-00 00:00:00',NULL,NULL,'2013-11-14',102,0),(507,851,369,14,'Exemple de devoir.','0000-00-00 00:00:00',NULL,NULL,'2013-11-14',93,0),(508,852,74,2,'Exemple de devoir.','0000-00-00 00:00:00',NULL,NULL,'2013-11-14',20,0),(509,854,414,17,'Exemple de devoir.','0000-00-00 00:00:00',NULL,NULL,'2013-11-14',84,0),(510,856,238,9,'Exemple de devoir.','0000-00-00 00:00:00',NULL,NULL,'2013-11-14',49,0),(511,857,287,7,'Exemple de devoir.','0000-00-00 00:00:00',NULL,NULL,'2013-11-14',53,0),(512,858,365,10,'Exemple de devoir.','0000-00-00 00:00:00',NULL,NULL,'2013-11-14',42,0),(513,859,74,5,'Exemple de devoir.','0000-00-00 00:00:00',NULL,NULL,'2013-11-14',58,0),(514,862,133,4,'Exemple de devoir.','0000-00-00 00:00:00',NULL,NULL,'2013-11-14',75,0),(515,864,104,1,'Exemple de devoir.','0000-00-00 00:00:00',NULL,NULL,'2013-11-14',73,0),(516,865,241,16,'Exemple de devoir.','0000-00-00 00:00:00',NULL,NULL,'2013-11-14',33,0),(517,867,238,11,'Exemple de devoir.','0000-00-00 00:00:00',NULL,NULL,'2013-11-14',37,0),(518,869,414,15,'Exemple de devoir.','0000-00-00 00:00:00',NULL,NULL,'2013-11-14',110,0),(519,870,287,7,'Exemple de devoir.','0000-00-00 00:00:00',NULL,NULL,'2013-11-14',66,0),(520,872,73,4,'Exemple de devoir.','0000-00-00 00:00:00',NULL,NULL,'2013-11-14',78,0),(521,874,366,6,'Exemple de devoir.','0000-00-00 00:00:00',NULL,NULL,'2013-11-14',95,0),(522,875,287,4,'Exemple de devoir.','0000-00-00 00:00:00',NULL,NULL,'2013-11-14',49,0),(523,876,287,13,'Exemple de devoir.','0000-00-00 00:00:00',NULL,NULL,'2013-11-14',48,0),(524,877,159,3,'Exemple de devoir.','0000-00-00 00:00:00',NULL,NULL,'2013-11-14',113,0),(525,883,244,9,'Exemple de devoir.','0000-00-00 00:00:00',NULL,NULL,'2013-11-14',104,0),(526,884,414,12,'Exemple de devoir.','0000-00-00 00:00:00',NULL,NULL,'2013-11-14',79,0),(527,886,237,8,'Exemple de devoir.','0000-00-00 00:00:00',NULL,NULL,'2013-11-14',101,0),(528,887,238,5,'Exemple de devoir.','0000-00-00 00:00:00',NULL,NULL,'2013-11-14',62,0),(529,889,373,1,'Exemple de devoir.','0000-00-00 00:00:00',NULL,NULL,'2013-11-14',117,0),(530,890,237,17,'Exemple de devoir.','0000-00-00 00:00:00',NULL,NULL,'2013-11-14',45,0),(531,891,303,9,'Exemple de devoir.','0000-00-00 00:00:00',NULL,NULL,'2013-11-14',88,0),(532,892,73,14,'Exemple de devoir.','0000-00-00 00:00:00',NULL,NULL,'2013-11-14',45,0),(533,893,366,5,'Exemple de devoir.','0000-00-00 00:00:00',NULL,NULL,'2013-11-14',84,0),(534,895,365,14,'Exemple de devoir.','0000-00-00 00:00:00',NULL,NULL,'2013-11-14',99,0),(535,898,159,11,'Exemple de devoir.','0000-00-00 00:00:00',NULL,NULL,'2013-11-14',81,0),(536,900,287,10,'Exemple de devoir.','0000-00-00 00:00:00',NULL,NULL,'2013-11-14',37,0),(537,901,159,10,'Exemple de devoir.','0000-00-00 00:00:00',NULL,NULL,'2013-11-14',119,0),(538,902,366,9,'Exemple de devoir.','0000-00-00 00:00:00',NULL,NULL,'2013-11-14',78,0),(539,903,159,2,'Exemple de devoir.','0000-00-00 00:00:00',NULL,NULL,'2013-11-14',77,0),(540,905,303,14,'Exemple de devoir.','0000-00-00 00:00:00',NULL,NULL,'2013-11-14',75,0),(541,908,493,14,'Exemple de devoir.','0000-00-00 00:00:00',NULL,NULL,'2013-11-14',71,0),(542,911,159,14,'Exemple de devoir.','0000-00-00 00:00:00',NULL,NULL,'2013-11-14',3,0),(543,912,11,11,'Exemple de devoir.','0000-00-00 00:00:00',NULL,NULL,'2013-11-14',26,0),(544,913,373,9,'Exemple de devoir.','0000-00-00 00:00:00',NULL,NULL,'2013-11-14',23,0),(545,914,493,3,'Exemple de devoir.','0000-00-00 00:00:00',NULL,NULL,'2013-11-14',119,0),(546,915,493,16,'Exemple de devoir.','0000-00-00 00:00:00',NULL,NULL,'2013-11-14',118,0),(547,918,369,10,'Exemple de devoir.','0000-00-00 00:00:00',NULL,NULL,'2013-11-14',76,0),(548,919,237,3,'Exemple de devoir.','0000-00-00 00:00:00',NULL,NULL,'2013-11-14',101,0),(549,920,238,15,'Exemple de devoir.','0000-00-00 00:00:00',NULL,NULL,'2013-11-14',29,0),(550,921,237,11,'Exemple de devoir.','0000-00-00 00:00:00',NULL,NULL,'2013-11-14',62,0),(551,922,159,13,'Exemple de devoir.','0000-00-00 00:00:00',NULL,NULL,'2013-11-14',59,0),(552,924,104,15,'Exemple de devoir.','0000-00-00 00:00:00',NULL,NULL,'2013-11-14',12,0),(553,925,412,14,'Exemple de devoir.','0000-00-00 00:00:00',NULL,NULL,'2013-11-14',45,0),(554,927,414,10,'Exemple de devoir.','0000-00-00 00:00:00',NULL,NULL,'2013-11-14',8,0),(555,928,133,18,'Exemple de devoir.','0000-00-00 00:00:00',NULL,NULL,'2013-11-14',49,0),(556,929,159,15,'Exemple de devoir.','0000-00-00 00:00:00',NULL,NULL,'2013-11-14',38,0),(557,930,366,7,'Exemple de devoir.','0000-00-00 00:00:00',NULL,NULL,'2013-11-14',93,0),(558,932,238,6,'Exemple de devoir.','0000-00-00 00:00:00',NULL,NULL,'2013-11-14',71,0),(559,933,287,9,'Exemple de devoir.','0000-00-00 00:00:00',NULL,NULL,'2013-11-14',9,0),(560,934,303,13,'Exemple de devoir.','0000-00-00 00:00:00',NULL,NULL,'2013-11-14',119,0),(561,936,412,10,'Exemple de devoir.','0000-00-00 00:00:00',NULL,NULL,'2013-11-14',31,0),(562,938,366,1,'Exemple de devoir.','0000-00-00 00:00:00',NULL,NULL,'2013-11-14',87,0),(563,939,98,5,'Exemple de devoir.','0000-00-00 00:00:00',NULL,NULL,'2013-11-14',118,0),(564,941,133,3,'Exemple de devoir.','0000-00-00 00:00:00',NULL,NULL,'2013-11-14',72,0),(565,944,369,16,'Exemple de devoir.','0000-00-00 00:00:00',NULL,NULL,'2013-11-14',92,0),(566,945,98,3,'Exemple de devoir.','0000-00-00 00:00:00',NULL,NULL,'2013-11-14',113,0),(567,946,287,14,'Exemple de devoir.','0000-00-00 00:00:00',NULL,NULL,'2013-11-14',115,0),(568,947,238,7,'Exemple de devoir.','0000-00-00 00:00:00',NULL,NULL,'2013-11-14',84,0),(569,948,135,10,'Exemple de devoir.','0000-00-00 00:00:00',NULL,NULL,'2013-11-14',34,0),(570,949,238,1,'Exemple de devoir.','0000-00-00 00:00:00',NULL,NULL,'2013-11-14',24,0),(571,951,366,10,'Exemple de devoir.','0000-00-00 00:00:00',NULL,NULL,'2013-11-14',90,0),(572,952,159,3,'Exemple de devoir.','0000-00-00 00:00:00',NULL,NULL,'2013-11-14',46,0),(573,956,11,2,'Exemple de devoir.','0000-00-00 00:00:00',NULL,NULL,'2013-11-14',33,0),(574,957,244,9,'Exemple de devoir.','0000-00-00 00:00:00',NULL,NULL,'2013-11-14',70,0),(575,958,74,10,'Exemple de devoir.','0000-00-00 00:00:00',NULL,NULL,'2013-11-14',51,0),(576,959,159,1,'Exemple de devoir.','0000-00-00 00:00:00',NULL,NULL,'2013-11-14',118,0),(577,962,369,4,'Exemple de devoir.','0000-00-00 00:00:00',NULL,NULL,'2013-11-14',100,0),(578,964,493,10,'Exemple de devoir.','0000-00-00 00:00:00',NULL,NULL,'2013-11-14',37,0),(579,966,366,8,'Exemple de devoir.','0000-00-00 00:00:00',NULL,NULL,'2013-11-14',9,0),(580,969,11,11,'Exemple de devoir.','0000-00-00 00:00:00',NULL,NULL,'2013-11-14',83,0),(581,971,365,7,'Exemple de devoir.','0000-00-00 00:00:00',NULL,NULL,'2013-11-14',31,0),(582,972,237,15,'Exemple de devoir.','0000-00-00 00:00:00',NULL,NULL,'2013-11-14',29,0),(583,974,493,2,'Exemple de devoir.','0000-00-00 00:00:00',NULL,NULL,'2013-11-14',108,0),(584,978,238,8,'Exemple de devoir.','0000-00-00 00:00:00',NULL,NULL,'2013-11-14',3,0),(585,979,238,15,'Exemple de devoir.','0000-00-00 00:00:00',NULL,NULL,'2013-11-14',72,0),(586,981,98,15,'Exemple de devoir.','0000-00-00 00:00:00',NULL,NULL,'2013-11-14',40,0),(587,982,369,15,'Exemple de devoir.','0000-00-00 00:00:00',NULL,NULL,'2013-11-14',44,0),(588,983,493,8,'Exemple de devoir.','0000-00-00 00:00:00',NULL,NULL,'2013-11-14',18,0),(589,987,104,18,'Exemple de devoir.','0000-00-00 00:00:00',NULL,NULL,'2013-11-14',72,0),(590,989,104,4,'Exemple de devoir.','0000-00-00 00:00:00',NULL,NULL,'2013-11-14',80,0),(591,990,287,4,'Exemple de devoir.','0000-00-00 00:00:00',NULL,NULL,'2013-11-14',67,0),(592,991,366,6,'Exemple de devoir.','0000-00-00 00:00:00',NULL,NULL,'2013-11-14',19,0),(593,993,98,10,'Exemple de devoir.','0000-00-00 00:00:00',NULL,NULL,'2013-11-14',48,0),(594,994,241,1,'Exemple de devoir.','0000-00-00 00:00:00',NULL,NULL,'2013-11-14',3,0),(595,996,244,2,'Exemple de devoir.','0000-00-00 00:00:00',NULL,NULL,'2013-11-14',113,0),(596,997,73,6,'Exemple de devoir.','0000-00-00 00:00:00',NULL,NULL,'2013-11-14',95,0),(597,999,135,15,'Exemple de devoir.','0000-00-00 00:00:00',NULL,NULL,'2013-11-14',102,0),(598,1004,412,11,'Exemple de devoir.','0000-00-00 00:00:00',NULL,NULL,'2013-11-14',106,0),(599,1005,73,9,'Exemple de devoir.','0000-00-00 00:00:00',NULL,NULL,'2013-11-14',10,0),(600,1006,98,17,'Exemple de devoir.','0000-00-00 00:00:00',NULL,NULL,'2013-11-14',50,0),(601,1008,159,17,'Exemple de devoir.','0000-00-00 00:00:00',NULL,NULL,'2013-11-14',102,0),(602,1010,73,3,'Exemple de devoir.','0000-00-00 00:00:00',NULL,NULL,'2013-11-14',112,0),(603,1011,365,11,'Exemple de devoir.','0000-00-00 00:00:00',NULL,NULL,'2013-11-14',116,0),(604,1013,303,13,'Exemple de devoir.','0000-00-00 00:00:00',NULL,NULL,'2013-11-14',110,0),(605,1016,98,11,'Exemple de devoir.','0000-00-00 00:00:00',NULL,NULL,'2013-11-14',6,0),(606,1017,23,1,'Exemple de devoir.','0000-00-00 00:00:00',NULL,NULL,'2013-11-14',68,0),(607,1018,238,11,'Exemple de devoir.','0000-00-00 00:00:00',NULL,NULL,'2013-11-14',64,0),(608,1019,303,13,'Exemple de devoir.','0000-00-00 00:00:00',NULL,NULL,'2013-11-14',60,0),(609,1021,493,15,'Exemple de devoir.','0000-00-00 00:00:00',NULL,NULL,'2013-11-14',103,0),(610,1024,369,15,'Exemple de devoir.','0000-00-00 00:00:00',NULL,NULL,'2013-11-14',11,0),(611,1025,373,10,'Exemple de devoir.','0000-00-00 00:00:00',NULL,NULL,'2013-11-14',37,0),(612,1026,159,15,'Exemple de devoir.','0000-00-00 00:00:00',NULL,NULL,'2013-11-14',111,0),(613,1029,159,6,'Exemple de devoir.','0000-00-00 00:00:00',NULL,NULL,'2013-11-14',108,0),(614,1030,369,3,'Exemple de devoir.','0000-00-00 00:00:00',NULL,NULL,'2013-11-14',9,0),(615,1032,104,9,'Exemple de devoir.','0000-00-00 00:00:00',NULL,NULL,'2013-11-14',89,0),(616,1033,159,9,'Exemple de devoir.','0000-00-00 00:00:00',NULL,NULL,'2013-11-14',11,0),(617,1034,412,14,'Exemple de devoir.','0000-00-00 00:00:00',NULL,NULL,'2013-11-14',71,0),(618,1035,74,2,'Exemple de devoir.','0000-00-00 00:00:00',NULL,NULL,'2013-11-14',103,0),(619,1036,133,9,'Exemple de devoir.','0000-00-00 00:00:00',NULL,NULL,'2013-11-14',21,0),(620,1040,238,4,'Exemple de devoir.','0000-00-00 00:00:00',NULL,NULL,'2013-11-14',114,0),(621,1042,366,2,'Exemple de devoir.','0000-00-00 00:00:00',NULL,NULL,'2013-11-14',70,0),(622,1043,237,1,'Exemple de devoir.','0000-00-00 00:00:00',NULL,NULL,'2013-11-14',94,0),(623,1044,238,3,'Exemple de devoir.','0000-00-00 00:00:00',NULL,NULL,'2013-11-14',44,0),(624,1048,287,13,'Exemple de devoir.','0000-00-00 00:00:00',NULL,NULL,'2013-11-14',51,0),(625,1049,304,7,'Exemple de devoir.','0000-00-00 00:00:00',NULL,NULL,'2013-11-14',32,0),(626,1051,244,6,'Exemple de devoir.','0000-00-00 00:00:00',NULL,NULL,'2013-11-14',59,0),(627,1053,373,12,'Exemple de devoir.','0000-00-00 00:00:00',NULL,NULL,'2013-11-14',45,0),(628,1054,365,11,'Exemple de devoir.','0000-00-00 00:00:00',NULL,NULL,'2013-11-14',102,0),(629,1056,369,3,'Exemple de devoir.','0000-00-00 00:00:00',NULL,NULL,'2013-11-14',16,0),(630,1058,133,13,'Exemple de devoir.','0000-00-00 00:00:00',NULL,NULL,'2013-11-14',86,0),(631,1060,493,18,'Exemple de devoir.','0000-00-00 00:00:00',NULL,NULL,'2013-11-14',10,0),(632,1061,73,2,'Exemple de devoir.','0000-00-00 00:00:00',NULL,NULL,'2013-11-14',2,0),(633,1062,365,9,'Exemple de devoir.','0000-00-00 00:00:00',NULL,NULL,'2013-11-14',40,0),(634,1063,287,16,'Exemple de devoir.','0000-00-00 00:00:00',NULL,NULL,'2013-11-14',10,0),(635,1064,98,6,'Exemple de devoir.','0000-00-00 00:00:00',NULL,NULL,'2013-11-14',90,0),(636,1066,369,7,'Exemple de devoir.','0000-00-00 00:00:00',NULL,NULL,'2013-11-14',96,0),(637,1068,241,5,'Exemple de devoir.','0000-00-00 00:00:00',NULL,NULL,'2013-11-14',87,0),(638,1069,369,16,'Exemple de devoir.','0000-00-00 00:00:00',NULL,NULL,'2013-11-14',56,0),(639,1070,287,13,'Exemple de devoir.','0000-00-00 00:00:00',NULL,NULL,'2013-11-14',12,0),(640,1072,287,1,'Exemple de devoir.','0000-00-00 00:00:00',NULL,NULL,'2013-11-14',60,0),(641,1073,366,5,'Exemple de devoir.','0000-00-00 00:00:00',NULL,NULL,'2013-11-14',114,0),(642,1076,366,11,'Exemple de devoir.','0000-00-00 00:00:00',NULL,NULL,'2013-11-14',116,0),(643,1077,238,18,'Exemple de devoir.','0000-00-00 00:00:00',NULL,NULL,'2013-11-14',25,0),(644,1078,369,5,'Exemple de devoir.','0000-00-00 00:00:00',NULL,NULL,'2013-11-14',56,0),(645,1079,287,7,'Exemple de devoir.','0000-00-00 00:00:00',NULL,NULL,'2013-11-14',74,0),(646,1081,366,4,'Exemple de devoir.','0000-00-00 00:00:00',NULL,NULL,'2013-11-14',22,0),(647,1084,74,1,'Exemple de devoir.','0000-00-00 00:00:00',NULL,NULL,'2013-11-14',67,0),(648,1086,244,2,'Exemple de devoir.','0000-00-00 00:00:00',NULL,NULL,'2013-11-14',20,0),(649,1087,135,18,'Exemple de devoir.','0000-00-00 00:00:00',NULL,NULL,'2013-11-14',52,0),(650,1090,241,11,'Exemple de devoir.','0000-00-00 00:00:00',NULL,NULL,'2013-11-14',4,0),(651,1092,412,7,'Exemple de devoir.','0000-00-00 00:00:00',NULL,NULL,'2013-11-14',11,0),(652,1096,74,16,'Exemple de devoir.','0000-00-00 00:00:00',NULL,NULL,'2013-11-14',55,0),(653,1098,287,8,'Exemple de devoir.','0000-00-00 00:00:00',NULL,NULL,'2013-11-14',87,0),(654,1101,287,14,'Exemple de devoir.','0000-00-00 00:00:00',NULL,NULL,'2013-11-14',117,0),(655,1103,241,1,'Exemple de devoir.','0000-00-00 00:00:00',NULL,NULL,'2013-11-14',73,0),(656,1104,237,11,'Exemple de devoir.','0000-00-00 00:00:00',NULL,NULL,'2013-11-14',56,0),(657,1105,493,9,'Exemple de devoir.','0000-00-00 00:00:00',NULL,NULL,'2013-11-14',89,0),(658,1106,505,14,'Exemple de devoir.','0000-00-00 00:00:00',NULL,NULL,'2013-11-14',1,0),(659,1108,104,11,'Exemple de devoir.','0000-00-00 00:00:00',NULL,NULL,'2013-11-14',65,0),(660,1109,369,14,'Exemple de devoir.','0000-00-00 00:00:00',NULL,NULL,'2013-11-14',107,0),(661,1110,365,16,'Exemple de devoir.','0000-00-00 00:00:00',NULL,NULL,'2013-11-14',12,0),(662,1113,104,18,'Exemple de devoir.','0000-00-00 00:00:00',NULL,NULL,'2013-11-14',84,0),(663,1114,74,13,'Exemple de devoir.','0000-00-00 00:00:00',NULL,NULL,'2013-11-14',76,0),(664,1115,414,15,'Exemple de devoir.','0000-00-00 00:00:00',NULL,NULL,'2013-11-14',99,0),(665,1116,365,7,'Exemple de devoir.','0000-00-00 00:00:00',NULL,NULL,'2013-11-14',111,0),(666,1120,412,14,'Exemple de devoir.','0000-00-00 00:00:00',NULL,NULL,'2013-11-14',95,0),(667,1121,369,14,'Exemple de devoir.','0000-00-00 00:00:00',NULL,NULL,'2013-11-14',17,0),(668,1122,23,10,'Exemple de devoir.','0000-00-00 00:00:00',NULL,NULL,'2013-11-14',91,0),(669,1123,493,18,'Exemple de devoir.','0000-00-00 00:00:00',NULL,NULL,'2013-11-14',49,0),(670,1124,11,11,'Exemple de devoir.','0000-00-00 00:00:00',NULL,NULL,'2013-11-14',44,0),(671,1128,493,13,'Exemple de devoir.','0000-00-00 00:00:00',NULL,NULL,'2013-11-14',52,0),(672,1130,366,18,'Exemple de devoir.','0000-00-00 00:00:00',NULL,NULL,'2013-11-14',52,0),(673,1132,23,13,'Exemple de devoir.','0000-00-00 00:00:00',NULL,NULL,'2013-11-14',10,0),(674,1133,237,17,'Exemple de devoir.','0000-00-00 00:00:00',NULL,NULL,'2013-11-14',41,0),(675,1135,241,9,'Exemple de devoir.','0000-00-00 00:00:00',NULL,NULL,'2013-11-14',64,0),(676,1136,104,17,'Exemple de devoir.','0000-00-00 00:00:00',NULL,NULL,'2013-11-14',81,0),(677,1137,74,15,'Exemple de devoir.','0000-00-00 00:00:00',NULL,NULL,'2013-11-14',104,0),(678,1140,365,6,'Exemple de devoir.','0000-00-00 00:00:00',NULL,NULL,'2013-11-14',15,0),(679,1143,303,8,'Exemple de devoir.','0000-00-00 00:00:00',NULL,NULL,'2013-11-14',58,0),(680,1144,244,1,'Exemple de devoir.','0000-00-00 00:00:00',NULL,NULL,'2013-11-14',103,0),(681,1145,366,4,'Exemple de devoir.','0000-00-00 00:00:00',NULL,NULL,'2013-11-14',83,0),(682,1146,414,12,'Exemple de devoir.','0000-00-00 00:00:00',NULL,NULL,'2013-11-14',91,0),(683,1147,104,1,'Exemple de devoir.','0000-00-00 00:00:00',NULL,NULL,'2013-11-14',0,0),(684,1148,237,6,'Exemple de devoir.','0000-00-00 00:00:00',NULL,NULL,'2013-11-14',74,0),(685,1150,241,10,'Exemple de devoir.','0000-00-00 00:00:00',NULL,NULL,'2013-11-14',25,0),(686,1151,366,14,'Exemple de devoir.','0000-00-00 00:00:00',NULL,NULL,'2013-11-14',115,0),(687,1153,373,8,'Exemple de devoir.','0000-00-00 00:00:00',NULL,NULL,'2013-11-14',5,0),(688,1154,373,11,'Exemple de devoir.','0000-00-00 00:00:00',NULL,NULL,'2013-11-14',25,0),(689,1155,241,17,'Exemple de devoir.','0000-00-00 00:00:00',NULL,NULL,'2013-11-14',119,0),(690,1156,244,8,'Exemple de devoir.','0000-00-00 00:00:00',NULL,NULL,'2013-11-14',51,0),(691,1159,98,3,'Exemple de devoir.','0000-00-00 00:00:00',NULL,NULL,'2013-11-14',28,0),(692,1161,414,2,'Exemple de devoir.','0000-00-00 00:00:00',NULL,NULL,'2013-11-14',101,0),(693,1162,369,16,'Exemple de devoir.','0000-00-00 00:00:00',NULL,NULL,'2013-11-14',11,0),(694,1166,238,17,'Exemple de devoir.','0000-00-00 00:00:00',NULL,NULL,'2013-11-14',58,0),(695,1169,74,5,'Exemple de devoir.','0000-00-00 00:00:00',NULL,NULL,'2013-11-14',53,0),(696,1170,493,2,'Exemple de devoir.','0000-00-00 00:00:00',NULL,NULL,'2013-11-14',111,0),(697,1173,303,5,'Exemple de devoir.','0000-00-00 00:00:00',NULL,NULL,'2013-11-14',38,0),(698,1174,159,6,'Exemple de devoir.','0000-00-00 00:00:00',NULL,NULL,'2013-11-14',99,0),(699,1177,287,17,'Exemple de devoir.','0000-00-00 00:00:00',NULL,NULL,'2013-11-14',75,0),(700,1178,365,6,'Exemple de devoir.','0000-00-00 00:00:00',NULL,NULL,'2013-11-14',76,0),(701,1179,369,3,'Exemple de devoir.','0000-00-00 00:00:00',NULL,NULL,'2013-11-14',85,0),(702,1180,366,17,'Exemple de devoir.','0000-00-00 00:00:00',NULL,NULL,'2013-11-14',15,0),(703,1181,159,12,'Exemple de devoir.','0000-00-00 00:00:00',NULL,NULL,'2013-11-14',86,0),(704,1182,414,4,'Exemple de devoir.','0000-00-00 00:00:00',NULL,NULL,'2013-11-14',75,0),(705,1184,238,7,'Exemple de devoir.','0000-00-00 00:00:00',NULL,NULL,'2013-11-14',12,0),(706,1185,304,11,'Exemple de devoir.','0000-00-00 00:00:00',NULL,NULL,'2013-11-14',59,0),(707,1186,373,15,'Exemple de devoir.','0000-00-00 00:00:00',NULL,NULL,'2013-11-14',31,0),(708,1187,244,15,'Exemple de devoir.','0000-00-00 00:00:00',NULL,NULL,'2013-11-14',81,0),(709,1188,303,7,'Exemple de devoir.','0000-00-00 00:00:00',NULL,NULL,'2013-11-14',93,0),(710,1191,104,5,'Exemple de devoir.','0000-00-00 00:00:00',NULL,NULL,'2013-11-14',111,0),(711,1192,73,4,'Exemple de devoir.','0000-00-00 00:00:00',NULL,NULL,'2013-11-14',116,0),(712,1193,493,16,'Exemple de devoir.','0000-00-00 00:00:00',NULL,NULL,'2013-11-14',119,0),(713,1194,238,3,'Exemple de devoir.','0000-00-00 00:00:00',NULL,NULL,'2013-11-14',45,0),(714,1195,493,6,'Exemple de devoir.','0000-00-00 00:00:00',NULL,NULL,'2013-11-14',54,0),(715,1196,244,3,'Exemple de devoir.','0000-00-00 00:00:00',NULL,NULL,'2013-11-14',80,0),(716,1197,365,14,'Exemple de devoir.','0000-00-00 00:00:00',NULL,NULL,'2013-11-14',12,0),(717,1198,373,2,'Exemple de devoir.','0000-00-00 00:00:00',NULL,NULL,'2013-11-14',74,0),(718,1201,237,17,'Exemple de devoir.','0000-00-00 00:00:00',NULL,NULL,'2013-11-14',82,0),(719,1203,133,7,'Exemple de devoir.','0000-00-00 00:00:00',NULL,NULL,'2013-11-14',62,0),(720,1204,365,12,'Exemple de devoir.','0000-00-00 00:00:00',NULL,NULL,'2013-11-14',70,0),(721,1207,237,8,'Exemple de devoir.','0000-00-00 00:00:00',NULL,NULL,'2013-11-14',23,0),(722,1208,238,18,'Exemple de devoir.','0000-00-00 00:00:00',NULL,NULL,'2013-11-14',99,0),(723,1209,11,18,'Exemple de devoir.','0000-00-00 00:00:00',NULL,NULL,'2013-11-14',74,0),(724,1210,74,13,'Exemple de devoir.','0000-00-00 00:00:00',NULL,NULL,'2013-11-14',80,0),(725,1211,366,17,'Exemple de devoir.','0000-00-00 00:00:00',NULL,NULL,'2013-11-14',84,0),(726,1213,244,2,'Exemple de devoir.','0000-00-00 00:00:00',NULL,NULL,'2013-11-14',101,0),(727,1215,493,16,'Exemple de devoir.','0000-00-00 00:00:00',NULL,NULL,'2013-11-14',79,0),(728,1216,159,10,'Exemple de devoir.','0000-00-00 00:00:00',NULL,NULL,'2013-11-14',54,0),(729,1217,244,6,'Exemple de devoir.','0000-00-00 00:00:00',NULL,NULL,'2013-11-14',76,0),(730,1219,366,15,'Exemple de devoir.','0000-00-00 00:00:00',NULL,NULL,'2013-11-14',100,0),(731,1220,104,1,'Exemple de devoir.','0000-00-00 00:00:00',NULL,NULL,'2013-11-14',13,0),(732,1221,366,18,'Exemple de devoir.','0000-00-00 00:00:00',NULL,NULL,'2013-11-14',16,0),(733,1222,244,10,'Exemple de devoir.','0000-00-00 00:00:00',NULL,NULL,'2013-11-14',75,0),(734,1223,412,16,'Exemple de devoir.','0000-00-00 00:00:00',NULL,NULL,'2013-11-14',105,0),(735,1225,493,4,'Exemple de devoir.','0000-00-00 00:00:00',NULL,NULL,'2013-11-14',61,0),(736,1227,366,12,'Exemple de devoir.','0000-00-00 00:00:00',NULL,NULL,'2013-11-14',53,0),(737,1229,159,8,'Exemple de devoir.','0000-00-00 00:00:00',NULL,NULL,'2013-11-14',117,0),(738,1230,366,2,'Exemple de devoir.','0000-00-00 00:00:00',NULL,NULL,'2013-11-14',8,0),(739,1232,238,11,'Exemple de devoir.','0000-00-00 00:00:00',NULL,NULL,'2013-11-14',21,0),(740,1234,366,14,'Exemple de devoir.','0000-00-00 00:00:00',NULL,NULL,'2013-11-14',109,0),(741,1235,104,18,'Exemple de devoir.','0000-00-00 00:00:00',NULL,NULL,'2013-11-14',37,0),(742,1238,135,8,'Exemple de devoir.','0000-00-00 00:00:00',NULL,NULL,'2013-11-14',48,0),(743,1239,241,16,'Exemple de devoir.','0000-00-00 00:00:00',NULL,NULL,'2013-11-14',44,0),(744,1240,159,12,'Exemple de devoir.','0000-00-00 00:00:00',NULL,NULL,'2013-11-14',84,0),(745,1243,237,18,'Exemple de devoir.','0000-00-00 00:00:00',NULL,NULL,'2013-11-14',14,0),(746,1244,493,13,'Exemple de devoir.','0000-00-00 00:00:00',NULL,NULL,'2013-11-14',114,0),(747,1247,412,14,'Exemple de devoir.','0000-00-00 00:00:00',NULL,NULL,'2013-11-14',59,0),(748,1248,493,4,'Exemple de devoir.','0000-00-00 00:00:00',NULL,NULL,'2013-11-14',56,0),(749,1249,104,18,'Exemple de devoir.','0000-00-00 00:00:00',NULL,NULL,'2013-11-14',9,0),(750,1250,508,13,'Exemple de devoir.','0000-00-00 00:00:00',NULL,NULL,'2013-11-14',84,0),(751,1253,104,6,'Exemple de devoir.','0000-00-00 00:00:00',NULL,NULL,'2013-11-14',60,0),(752,1254,369,11,'Exemple de devoir.','0000-00-00 00:00:00',NULL,NULL,'2013-11-14',91,0),(753,1255,373,12,'Exemple de devoir.','0000-00-00 00:00:00',NULL,NULL,'2013-11-14',87,0),(754,1256,287,15,'Exemple de devoir.','0000-00-00 00:00:00',NULL,NULL,'2013-11-14',28,0),(755,1257,373,18,'Exemple de devoir.','0000-00-00 00:00:00',NULL,NULL,'2013-11-14',29,0),(756,1258,237,16,'Exemple de devoir.','0000-00-00 00:00:00',NULL,NULL,'2013-11-14',17,0),(757,1260,412,3,'Exemple de devoir.','0000-00-00 00:00:00',NULL,NULL,'2013-11-14',86,0),(758,1261,104,2,'Exemple de devoir.','0000-00-00 00:00:00',NULL,NULL,'2013-11-14',106,0),(759,1263,104,9,'Exemple de devoir.','0000-00-00 00:00:00',NULL,NULL,'2013-11-14',74,0),(760,1265,287,12,'Exemple de devoir.','0000-00-00 00:00:00',NULL,NULL,'2013-11-14',14,0),(761,1266,287,6,'Exemple de devoir.','0000-00-00 00:00:00',NULL,NULL,'2013-11-14',19,0),(762,1267,366,2,'Exemple de devoir.','0000-00-00 00:00:00',NULL,NULL,'2013-11-14',115,0),(763,1271,412,3,'Exemple de devoir.','0000-00-00 00:00:00',NULL,NULL,'2013-11-14',89,0),(764,1272,133,4,'Exemple de devoir.','0000-00-00 00:00:00',NULL,NULL,'2013-11-14',88,0),(765,1273,365,14,'Exemple de devoir.','0000-00-00 00:00:00',NULL,NULL,'2013-11-14',10,0),(766,1274,493,10,'Exemple de devoir.','0000-00-00 00:00:00',NULL,NULL,'2013-11-14',72,0),(767,1275,133,1,'Exemple de devoir.','0000-00-00 00:00:00',NULL,NULL,'2013-11-14',5,0),(768,1276,159,8,'Exemple de devoir.','0000-00-00 00:00:00',NULL,NULL,'2013-11-14',24,0),(769,1277,133,9,'Exemple de devoir.','0000-00-00 00:00:00',NULL,NULL,'2013-11-14',9,0),(770,1279,237,2,'Exemple de devoir.','0000-00-00 00:00:00',NULL,NULL,'2013-11-14',115,0),(771,1282,133,16,'Exemple de devoir.','0000-00-00 00:00:00',NULL,NULL,'2013-11-14',83,0),(772,1285,369,16,'Exemple de devoir.','0000-00-00 00:00:00',NULL,NULL,'2013-11-14',79,0),(773,1286,241,12,'Exemple de devoir.','0000-00-00 00:00:00',NULL,NULL,'2013-11-14',107,0),(774,1288,366,7,'Exemple de devoir.','0000-00-00 00:00:00',NULL,NULL,'2013-11-14',13,0);
/*!40000 ALTER TABLE `devoirs` ENABLE KEYS */;
UNLOCK TABLES;

--
-- Table structure for table `devoirs_ressources`
--

DROP TABLE IF EXISTS `devoirs_ressources`;
/*!40101 SET @saved_cs_client     = @@character_set_client */;
/*!40101 SET character_set_client = utf8 */;
CREATE TABLE `devoirs_ressources` (
  `devoir_id` int(11) NOT NULL,
  `ressource_id` int(11) NOT NULL,
  PRIMARY KEY (`devoir_id`,`ressource_id`),
  KEY `devoirs_ressources_ressource_id_devoir_id_index` (`ressource_id`,`devoir_id`),
  CONSTRAINT `devoirs_ressources_ibfk_1` FOREIGN KEY (`devoir_id`) REFERENCES `devoirs` (`id`),
  CONSTRAINT `devoirs_ressources_ibfk_2` FOREIGN KEY (`ressource_id`) REFERENCES `ressources` (`id`)
) ENGINE=InnoDB DEFAULT CHARSET=latin1;
/*!40101 SET character_set_client = @saved_cs_client */;

--
-- Dumping data for table `devoirs_ressources`
--

LOCK TABLES `devoirs_ressources` WRITE;
/*!40000 ALTER TABLE `devoirs_ressources` DISABLE KEYS */;
/*!40000 ALTER TABLE `devoirs_ressources` ENABLE KEYS */;
UNLOCK TABLES;

--
-- Table structure for table `etablissements`
--

DROP TABLE IF EXISTS `etablissements`;
/*!40101 SET @saved_cs_client     = @@character_set_client */;
/*!40101 SET character_set_client = utf8 */;
CREATE TABLE `etablissements` (
  `id` int(11) NOT NULL AUTO_INCREMENT,
  `UAI` varchar(255) NOT NULL,
  `debut_annee_scolaire` date DEFAULT NULL,
  `fin_annee_scolaire` date DEFAULT NULL,
  `date_premier_jour_premiere_semaine` date DEFAULT NULL,
  PRIMARY KEY (`id`),
  KEY `etablissements_id_index` (`id`),
  KEY `etablissements_UAI_index` (`UAI`)
) ENGINE=InnoDB AUTO_INCREMENT=2 DEFAULT CHARSET=latin1;
/*!40101 SET character_set_client = @saved_cs_client */;

--
-- Dumping data for table `etablissements`
--

LOCK TABLES `etablissements` WRITE;
/*!40000 ALTER TABLE `etablissements` DISABLE KEYS */;
INSERT INTO `etablissements` VALUES (1,'0699999Z','2012-09-04','2013-08-31','2012-09-03');
/*!40000 ALTER TABLE `etablissements` ENABLE KEYS */;
UNLOCK TABLES;

--
-- Table structure for table `failed_identifications`
--

DROP TABLE IF EXISTS `failed_identifications`;
/*!40101 SET @saved_cs_client     = @@character_set_client */;
/*!40101 SET character_set_client = utf8 */;
CREATE TABLE `failed_identifications` (
  `id` int(11) NOT NULL AUTO_INCREMENT,
  `date_creation` date NOT NULL DEFAULT '2014-09-24',
  `sha256` varchar(255) NOT NULL,
  `id_annuaire` varchar(255) DEFAULT NULL,
  `import_id` int(11) DEFAULT NULL,
  PRIMARY KEY (`id`),
  UNIQUE KEY `sha256` (`sha256`),
  KEY `import_id` (`import_id`),
  CONSTRAINT `failed_identifications_ibfk_1` FOREIGN KEY (`import_id`) REFERENCES `imports` (`id`)
) ENGINE=InnoDB DEFAULT CHARSET=latin1;
/*!40101 SET character_set_client = @saved_cs_client */;

--
-- Dumping data for table `failed_identifications`
--

LOCK TABLES `failed_identifications` WRITE;
/*!40000 ALTER TABLE `failed_identifications` DISABLE KEYS */;
/*!40000 ALTER TABLE `failed_identifications` ENABLE KEYS */;
UNLOCK TABLES;

--
-- Table structure for table `imports`
--

DROP TABLE IF EXISTS `imports`;
/*!40101 SET @saved_cs_client     = @@character_set_client */;
/*!40101 SET character_set_client = utf8 */;
CREATE TABLE `imports` (
  `id` int(11) NOT NULL AUTO_INCREMENT,
  `etablissement_id` int(11) NOT NULL,
  `date_import` date DEFAULT NULL,
  `type` varchar(255) DEFAULT NULL,
  `stage` int(11) DEFAULT NULL,
  PRIMARY KEY (`id`),
  KEY `etablissement_id` (`etablissement_id`),
  CONSTRAINT `imports_ibfk_1` FOREIGN KEY (`etablissement_id`) REFERENCES `etablissements` (`id`)
) ENGINE=InnoDB DEFAULT CHARSET=latin1;
/*!40101 SET character_set_client = @saved_cs_client */;

--
-- Dumping data for table `imports`
--

LOCK TABLES `imports` WRITE;
/*!40000 ALTER TABLE `imports` DISABLE KEYS */;
/*!40000 ALTER TABLE `imports` ENABLE KEYS */;
UNLOCK TABLES;

--
-- Table structure for table `plages_horaires`
--

DROP TABLE IF EXISTS `plages_horaires`;
/*!40101 SET @saved_cs_client     = @@character_set_client */;
/*!40101 SET character_set_client = utf8 */;
CREATE TABLE `plages_horaires` (
  `id` int(11) NOT NULL AUTO_INCREMENT,
  `label` varchar(255) NOT NULL,
  `debut` time NOT NULL,
  `fin` time NOT NULL,
  PRIMARY KEY (`id`),
  KEY `plages_horaires_id_index` (`id`)
) ENGINE=InnoDB AUTO_INCREMENT=22 DEFAULT CHARSET=latin1;
/*!40101 SET character_set_client = @saved_cs_client */;

--
-- Dumping data for table `plages_horaires`
--

LOCK TABLES `plages_horaires` WRITE;
/*!40000 ALTER TABLE `plages_horaires` DISABLE KEYS */;
INSERT INTO `plages_horaires` VALUES (1,'0','08:00:00','08:30:00'),(2,'1','08:30:00','09:00:00'),(3,'2','09:00:00','09:30:00'),(4,'3','09:30:00','10:00:00'),(5,'4','10:00:00','10:30:00'),(6,'5','10:30:00','11:00:00'),(7,'6','11:00:00','11:30:00'),(8,'7','11:30:00','12:00:00'),(9,'8','12:00:00','12:30:00'),(10,'9','12:30:00','13:00:00'),(11,'10','13:00:00','13:30:00'),(12,'11','13:30:00','14:00:00'),(13,'12','14:00:00','14:30:00'),(14,'13','14:30:00','15:00:00'),(15,'14','15:00:00','15:30:00'),(16,'15','15:30:00','16:00:00'),(17,'16','16:00:00','16:30:00'),(18,'17','16:30:00','17:00:00'),(19,'18','17:00:00','17:30:00'),(20,'19','17:30:00','18:00:00'),(21,'default','00:00:00','01:00:00');
/*!40000 ALTER TABLE `plages_horaires` ENABLE KEYS */;
UNLOCK TABLES;

--
-- Table structure for table `ressources`
--

DROP TABLE IF EXISTS `ressources`;
/*!40101 SET @saved_cs_client     = @@character_set_client */;
/*!40101 SET character_set_client = utf8 */;
CREATE TABLE `ressources` (
  `id` int(11) NOT NULL AUTO_INCREMENT,
  `name` varchar(255) NOT NULL,
  `hash` varchar(255) NOT NULL,
  PRIMARY KEY (`id`),
  KEY `ressources_id_index` (`id`)
) ENGINE=InnoDB DEFAULT CHARSET=latin1;
/*!40101 SET character_set_client = @saved_cs_client */;

--
-- Dumping data for table `ressources`
--

LOCK TABLES `ressources` WRITE;
/*!40000 ALTER TABLE `ressources` DISABLE KEYS */;
/*!40000 ALTER TABLE `ressources` ENABLE KEYS */;
UNLOCK TABLES;

--
-- Table structure for table `salles`
--

DROP TABLE IF EXISTS `salles`;
/*!40101 SET @saved_cs_client     = @@character_set_client */;
/*!40101 SET character_set_client = utf8 */;
CREATE TABLE `salles` (
  `id` int(11) NOT NULL AUTO_INCREMENT,
  `identifiant` varchar(255) NOT NULL,
  `nom` varchar(255) DEFAULT NULL,
  `etablissement_id` int(11) DEFAULT NULL,
  PRIMARY KEY (`id`),
  KEY `salles_id_index` (`id`),
  KEY `etablissement_id` (`etablissement_id`),
  CONSTRAINT `salles_ibfk_1` FOREIGN KEY (`etablissement_id`) REFERENCES `etablissements` (`id`)
) ENGINE=InnoDB AUTO_INCREMENT=25 DEFAULT CHARSET=latin1;
/*!40101 SET character_set_client = @saved_cs_client */;

--
-- Dumping data for table `salles`
--

LOCK TABLES `salles` WRITE;
/*!40000 ALTER TABLE `salles` DISABLE KEYS */;
INSERT INTO `salles` VALUES (1,'15511','1',NULL),(2,'15517','10',NULL),(3,'15503','11',NULL),(4,'15509','13',NULL),(5,'15520','14',NULL),(6,'15515','17',NULL),(7,'15525','20',NULL),(8,'15518','21',NULL),(9,'15521','22',NULL),(10,'15510','23',NULL),(11,'15516','24',NULL),(12,'15505','25',NULL),(13,'15513','26',NULL),(14,'15512','27',NULL),(15,'15514','28',NULL),(16,'15504','30',NULL),(17,'15502','31',NULL),(18,'15507','32',NULL),(19,'15508','33',NULL),(20,'15506','34',NULL),(21,'15523','35',NULL),(22,'15524','4',NULL),(23,'15519','AC1',NULL),(24,'15522','AC2',NULL);
/*!40000 ALTER TABLE `salles` ENABLE KEYS */;
UNLOCK TABLES;

--
-- Table structure for table `schema_info`
--

DROP TABLE IF EXISTS `schema_info`;
/*!40101 SET @saved_cs_client     = @@character_set_client */;
/*!40101 SET character_set_client = utf8 */;
CREATE TABLE `schema_info` (
  `version` int(11) NOT NULL DEFAULT '0'
) ENGINE=InnoDB DEFAULT CHARSET=latin1;
/*!40101 SET character_set_client = @saved_cs_client */;

--
-- Dumping data for table `schema_info`
--

LOCK TABLES `schema_info` WRITE;
/*!40000 ALTER TABLE `schema_info` DISABLE KEYS */;
INSERT INTO `schema_info` VALUES (11);
/*!40000 ALTER TABLE `schema_info` ENABLE KEYS */;
UNLOCK TABLES;

--
-- Table structure for table `types_devoir`
--

DROP TABLE IF EXISTS `types_devoir`;
/*!40101 SET @saved_cs_client     = @@character_set_client */;
/*!40101 SET character_set_client = utf8 */;
CREATE TABLE `types_devoir` (
  `id` int(11) NOT NULL AUTO_INCREMENT,
  `label` varchar(255) NOT NULL,
  `description` varchar(255) DEFAULT NULL,
  PRIMARY KEY (`id`),
  KEY `types_devoir_id_index` (`id`)
) ENGINE=InnoDB AUTO_INCREMENT=7 DEFAULT CHARSET=latin1;
/*!40101 SET character_set_client = @saved_cs_client */;

--
-- Dumping data for table `types_devoir`
--

LOCK TABLES `types_devoir` WRITE;
/*!40000 ALTER TABLE `types_devoir` DISABLE KEYS */;
INSERT INTO `types_devoir` VALUES (1,'DS','Devoir surveillé'),(2,'DM','Devoir à la maison'),(3,'Leçon','Leçon à apprendre'),(4,'Exposé','Exposé à préparer'),(5,'Recherche','Recherche à faire'),(6,'Travail','Travail à faire');
/*!40000 ALTER TABLE `types_devoir` ENABLE KEYS */;
UNLOCK TABLES;

--
-- Table structure for table `users_parameters`
--

DROP TABLE IF EXISTS `users_parameters`;
/*!40101 SET @saved_cs_client     = @@character_set_client */;
/*!40101 SET character_set_client = utf8 */;
CREATE TABLE `users_parameters` (
  `id` int(11) NOT NULL AUTO_INCREMENT,
  `uid` varchar(255) NOT NULL,
  `parameters` varchar(255) NOT NULL DEFAULT '{"affichage_types_de_devoir":true,"affichage_week_ends":false}',
  `date_connexion` datetime NOT NULL DEFAULT '2016-04-28 16:16:21',
  PRIMARY KEY (`id`),
  UNIQUE KEY `uid` (`uid`)
) ENGINE=InnoDB DEFAULT CHARSET=latin1;
/*!40101 SET character_set_client = @saved_cs_client */;

--
-- Dumping data for table `users_parameters`
--

LOCK TABLES `users_parameters` WRITE;
/*!40000 ALTER TABLE `users_parameters` DISABLE KEYS */;
/*!40000 ALTER TABLE `users_parameters` ENABLE KEYS */;
UNLOCK TABLES;
/*!40103 SET TIME_ZONE=@OLD_TIME_ZONE */;

/*!40101 SET SQL_MODE=@OLD_SQL_MODE */;
/*!40014 SET FOREIGN_KEY_CHECKS=@OLD_FOREIGN_KEY_CHECKS */;
/*!40014 SET UNIQUE_CHECKS=@OLD_UNIQUE_CHECKS */;
/*!40101 SET CHARACTER_SET_CLIENT=@OLD_CHARACTER_SET_CLIENT */;
/*!40101 SET CHARACTER_SET_RESULTS=@OLD_CHARACTER_SET_RESULTS */;
/*!40101 SET COLLATION_CONNECTION=@OLD_COLLATION_CONNECTION */;
/*!40111 SET SQL_NOTES=@OLD_SQL_NOTES */;

-- Dump completed on 2016-04-28 16:17:00
